-- phpMyAdmin SQL Dump
-- version 5.0.1
-- https://www.phpmyadmin.net/
--
-- Host: 127.0.0.1
-- Generation Time: Jul 05, 2024 at 11:29 AM
-- Server version: 10.4.11-MariaDB
-- PHP Version: 7.4.3

SET SQL_MODE = "NO_AUTO_VALUE_ON_ZERO";
SET AUTOCOMMIT = 0;
START TRANSACTION;
SET time_zone = "+00:00";


/*!40101 SET @OLD_CHARACTER_SET_CLIENT=@@CHARACTER_SET_CLIENT */;
/*!40101 SET @OLD_CHARACTER_SET_RESULTS=@@CHARACTER_SET_RESULTS */;
/*!40101 SET @OLD_COLLATION_CONNECTION=@@COLLATION_CONNECTION */;
/*!40101 SET NAMES utf8mb4 */;

--
-- Database: `eduappgt_app`
--

-- --------------------------------------------------------

--
-- Table structure for table `academic_settings`
--

CREATE TABLE `academic_settings` (
  `settings_id` int(100) NOT NULL,
  `type` longtext CHARACTER SET utf8 COLLATE utf8_unicode_ci DEFAULT NULL,
  `description` longtext CHARACTER SET utf8 COLLATE utf8_unicode_ci DEFAULT NULL
) ENGINE=MyISAM DEFAULT CHARSET=latin1;

--
-- Dumping data for table `academic_settings`
--

INSERT INTO `academic_settings` (`settings_id`, `type`, `description`) VALUES
(2, 'report_teacher', '1'),
(3, 'minium_mark', '130'),
(22, 'tabulation', NULL),
(25, 'routine', '1'),
(1, 'limit_upload', ''),
(26, 'terms', ''),
(27, 'certificate_title', 'CERTIFICATE OF ARCHIEVEMENT'),
(28, 'certificate_subtitle', 'Awarded to'),
(29, 'certificate_text', 'for completing the course'),
(30, 'ceo_name', 'Sr. Example'),
(31, 'certificate_footer', 'Online Certificate of Approval'),
(32, 'location', 'Quetzaltenango, Guatemala, CA.'),
(33, 'certificate_style', '1'),
(34, 'ceo_signature', '7271cee9be1db14b9c4125872e69b77bCERTIFICADO DE alta costura_Mesa de trabajo 1.jpg');

-- --------------------------------------------------------

--
-- Table structure for table `accountant`
--

CREATE TABLE `accountant` (
  `accountant_id` int(11) NOT NULL,
  `first_name` varchar(300) CHARACTER SET utf8 COLLATE utf8_unicode_ci NOT NULL,
  `email` varchar(300) CHARACTER SET utf8 COLLATE utf8_unicode_ci DEFAULT NULL,
  `password` varchar(300) CHARACTER SET utf8 COLLATE utf8_unicode_ci NOT NULL,
  `phone` varchar(300) CHARACTER SET utf8 COLLATE utf8_unicode_ci DEFAULT NULL,
  `address` varchar(300) CHARACTER SET utf8 COLLATE utf8_unicode_ci DEFAULT NULL,
  `username` varchar(300) CHARACTER SET utf8 COLLATE utf8_unicode_ci NOT NULL,
  `fb_token` longtext CHARACTER SET utf8 COLLATE utf8_unicode_ci DEFAULT NULL,
  `fb_id` longtext CHARACTER SET utf8 COLLATE utf8_unicode_ci DEFAULT NULL,
  `fb_photo` longtext CHARACTER SET utf8 COLLATE utf8_unicode_ci DEFAULT NULL,
  `fb_name` longtext CHARACTER SET utf8 COLLATE utf8_unicode_ci DEFAULT NULL,
  `g_oauth` longtext CHARACTER SET utf8 COLLATE utf8_unicode_ci DEFAULT NULL,
  `g_fname` longtext CHARACTER SET utf8 COLLATE utf8_unicode_ci DEFAULT NULL,
  `femail` longtext CHARACTER SET utf8 COLLATE utf8_unicode_ci DEFAULT NULL,
  `g_lname` longtext CHARACTER SET utf8 COLLATE utf8_unicode_ci DEFAULT NULL,
  `g_picture` longtext CHARACTER SET utf8 COLLATE utf8_unicode_ci DEFAULT NULL,
  `link` longtext CHARACTER SET utf8 COLLATE utf8_unicode_ci DEFAULT NULL,
  `g_email` longtext CHARACTER SET utf8 COLLATE utf8_unicode_ci DEFAULT NULL,
  `image` longtext CHARACTER SET utf8 COLLATE utf8_unicode_ci DEFAULT NULL,
  `last_name` varchar(200) CHARACTER SET utf8 COLLATE utf8_unicode_ci DEFAULT NULL,
  `gender` varchar(200) CHARACTER SET utf8 COLLATE utf8_unicode_ci DEFAULT NULL,
  `idcard` varchar(200) CHARACTER SET utf8 COLLATE utf8_unicode_ci DEFAULT NULL,
  `since` varchar(20) CHARACTER SET utf8 COLLATE utf8_unicode_ci DEFAULT NULL,
  `birthday` varchar(20) CHARACTER SET utf8 COLLATE utf8_unicode_ci DEFAULT NULL
) ENGINE=MyISAM DEFAULT CHARSET=latin1;

-- --------------------------------------------------------

--
-- Table structure for table `account_role`
--

CREATE TABLE `account_role` (
  `role_id` int(11) NOT NULL,
  `type` varchar(20) COLLATE utf8_unicode_ci DEFAULT NULL,
  `permissions` int(10) DEFAULT 0
) ENGINE=InnoDB DEFAULT CHARSET=utf8 COLLATE=utf8_unicode_ci;

--
-- Dumping data for table `account_role`
--

INSERT INTO `account_role` (`role_id`, `type`, `permissions`) VALUES
(1, 'messages', 1),
(2, 'students', 1),
(3, 'academic', 1),
(4, 'polls', 1),
(5, 'news', 1),
(6, 'schedules', 1),
(7, 'admins', 1),
(8, 'accountants', 1),
(9, 'attendance', 1),
(10, 'notifications', 1),
(11, 'school_bus', 1),
(12, 'system_reports', 1),
(13, 'parents', 1),
(14, 'librarians', 1),
(15, 'calendar', 1),
(16, 'admissions', 1),
(17, 'classrooms', 1),
(18, 'academic_settings', 1),
(19, 'teachers', 1),
(20, 'library', 1),
(21, 'files', 1),
(22, 'behavior', 1),
(23, 'accounting', 1),
(24, 'settings', 1);

-- --------------------------------------------------------

--
-- Table structure for table `activity_read`
--

CREATE TABLE `activity_read` (
  `actividy_read_id` int(11) NOT NULL,
  `student_id` int(11) DEFAULT NULL,
  `subject_activity_id` int(11) DEFAULT NULL,
  `class_id` int(11) DEFAULT NULL,
  `section_id` int(11) DEFAULT NULL,
  `year` varchar(50) CHARACTER SET utf8 COLLATE utf8_unicode_ci DEFAULT NULL,
  `subject_id` int(11) DEFAULT NULL,
  `activity_type` varchar(50) CHARACTER SET utf8 COLLATE utf8_unicode_ci DEFAULT NULL,
  `date` varchar(200) CHARACTER SET utf8 COLLATE utf8_unicode_ci DEFAULT NULL
) ENGINE=MyISAM DEFAULT CHARSET=latin1;

-- --------------------------------------------------------

--
-- Table structure for table `admin`
--

CREATE TABLE `admin` (
  `admin_id` int(11) NOT NULL,
  `first_name` varchar(200) COLLATE utf8_unicode_ci NOT NULL,
  `last_name` varchar(200) COLLATE utf8_unicode_ci NOT NULL,
  `email` longtext COLLATE utf8_unicode_ci NOT NULL,
  `password` longtext COLLATE utf8_unicode_ci NOT NULL,
  `phone` longtext COLLATE utf8_unicode_ci NOT NULL,
  `address` longtext COLLATE utf8_unicode_ci NOT NULL,
  `owner_status` int(11) NOT NULL DEFAULT 0 COMMENT '1 owner, 0 not owner',
  `username` longtext COLLATE utf8_unicode_ci NOT NULL,
  `status` int(11) DEFAULT 1,
  `birthday` varchar(20) COLLATE utf8_unicode_ci NOT NULL,
  `authentication_key` varchar(600) COLLATE utf8_unicode_ci DEFAULT NULL,
  `fb_token` varchar(500) COLLATE utf8_unicode_ci DEFAULT NULL,
  `fb_id` varchar(500) COLLATE utf8_unicode_ci DEFAULT NULL,
  `fb_photo` varchar(500) COLLATE utf8_unicode_ci DEFAULT NULL,
  `fb_name` varchar(500) COLLATE utf8_unicode_ci DEFAULT NULL,
  `g_oauth` varchar(500) COLLATE utf8_unicode_ci DEFAULT NULL,
  `g_fname` varchar(500) COLLATE utf8_unicode_ci DEFAULT NULL,
  `femail` varchar(500) COLLATE utf8_unicode_ci DEFAULT NULL,
  `g_lname` varchar(500) COLLATE utf8_unicode_ci DEFAULT NULL,
  `g_picture` varchar(500) COLLATE utf8_unicode_ci DEFAULT NULL,
  `link` varchar(500) COLLATE utf8_unicode_ci DEFAULT NULL,
  `g_email` varchar(500) COLLATE utf8_unicode_ci DEFAULT NULL,
  `gender` varchar(200) COLLATE utf8_unicode_ci DEFAULT NULL,
  `image` longtext COLLATE utf8_unicode_ci DEFAULT NULL,
  `idcard` varchar(200) COLLATE utf8_unicode_ci DEFAULT NULL,
  `profession` varchar(200) COLLATE utf8_unicode_ci DEFAULT NULL,
  `since` varchar(200) COLLATE utf8_unicode_ci DEFAULT NULL
) ENGINE=MyISAM DEFAULT CHARSET=utf8 COLLATE=utf8_unicode_ci;

--
-- Dumping data for table `admin`
--

INSERT INTO `admin` (`admin_id`, `first_name`, `last_name`, `email`, `password`, `phone`, `address`, `owner_status`, `username`, `status`, `birthday`, `authentication_key`, `fb_token`, `fb_id`, `fb_photo`, `fb_name`, `g_oauth`, `g_fname`, `femail`, `g_lname`, `g_picture`, `link`, `g_email`, `gender`, `image`, `idcard`, `profession`, `since`) VALUES
(1, 'Mr.', 'Admin', 'demo@demo.com', '489be58dc38286ace622471f8ca9e67b52bb5a26', '000000', 'Ciudad de Guatemala, Guatemala', 1, 'admin', 1, '01/04/1994', NULL, NULL, NULL, NULL, NULL, NULL, NULL, NULL, NULL, NULL, NULL, NULL, NULL, '5867d8845d426ad17b0bc109c4ebc6eeavatar1.jpg', '00000000', 'Enginner', '21 Feb, 2019'),
(2, 'PRUEBA', 'PRUEBA 2', '', 'c49868c59d03dc485ba93e03aa1dc1f7922a582c', '', '', 0, 'PRUEBA', 1, '', NULL, NULL, NULL, NULL, NULL, NULL, NULL, NULL, NULL, NULL, NULL, NULL, NULL, 'e1e43848ebd51dae6a0e2314e53ff236', NULL, NULL, '13/05/2024');

-- --------------------------------------------------------

--
-- Table structure for table `attendance`
--

CREATE TABLE `attendance` (
  `attendance_id` int(11) NOT NULL,
  `timestamp` longtext COLLATE utf8_unicode_ci NOT NULL,
  `year` longtext COLLATE utf8_unicode_ci NOT NULL,
  `class_id` int(11) NOT NULL,
  `section_id` int(11) NOT NULL,
  `student_id` int(11) NOT NULL,
  `status` int(11) NOT NULL DEFAULT 1 COMMENT '0(undefined) 1(present) 2(absent)',
  `subject_id` int(11) DEFAULT NULL,
  `time` varchar(250) COLLATE utf8_unicode_ci DEFAULT NULL
) ENGINE=InnoDB DEFAULT CHARSET=utf8 COLLATE=utf8_unicode_ci;

--
-- Dumping data for table `attendance`
--

INSERT INTO `attendance` (`attendance_id`, `timestamp`, `year`, `class_id`, `section_id`, `student_id`, `status`, `subject_id`, `time`) VALUES
(2, '1712692800', '2024', 2, 2, 3, 1, 17, NULL),
(3, '1712692800', '2024', 2, 2, 4, 1, 17, NULL),
(4, '1712692800', '2024', 2, 2, 5, 1, 17, NULL),
(5, '1712692800', '2024', 2, 2, 6, 1, 17, NULL),
(6, '1712692800', '2024', 2, 2, 7, 1, 17, NULL),
(7, '1712692800', '2024', 2, 2, 8, 1, 17, NULL),
(8, '1712692800', '2024', 2, 2, 9, 1, 17, NULL),
(9, '1712692800', '2024', 2, 2, 10, 1, 17, NULL),
(10, '1712692800', '2024', 2, 2, 11, 1, 17, NULL),
(11, '1712692800', '2024', 2, 2, 12, 1, 17, NULL),
(12, '1712692800', '2024', 2, 2, 13, 1, 17, NULL),
(13, '1712692800', '2024', 2, 2, 14, 1, 17, NULL),
(14, '1712692800', '2024', 2, 2, 15, 1, 17, NULL),
(15, '1712692800', '2024', 2, 2, 16, 1, 17, NULL),
(16, '1712692800', '2024', 2, 2, 17, 1, 17, NULL),
(17, '1712692800', '2024', 2, 2, 18, 1, 17, NULL),
(18, '1712664000', '2024', 2, 2, 17, 1, 17, '09:00:01'),
(19, '1712638800', '2024', 2, 2, 6, 1, 17, '16:42:20'),
(20, '1712646000', '2024', 2, 2, 6, 1, 17, '14:46:30'),
(21, '1712725200', '2024', 2, 2, 3, 1, 17, NULL),
(22, '1712725200', '2024', 2, 2, 4, 1, 17, NULL),
(23, '1712725200', '2024', 2, 2, 5, 1, 17, NULL),
(24, '1712725200', '2024', 2, 2, 6, 1, 17, NULL),
(25, '1712725200', '2024', 2, 2, 7, 1, 17, NULL),
(26, '1712725200', '2024', 2, 2, 8, 1, 17, NULL),
(27, '1712725200', '2024', 2, 2, 9, 1, 17, NULL),
(28, '1712725200', '2024', 2, 2, 10, 1, 17, NULL),
(29, '1712725200', '2024', 2, 2, 11, 1, 17, NULL),
(30, '1712725200', '2024', 2, 2, 12, 1, 17, NULL),
(31, '1712725200', '2024', 2, 2, 13, 1, 17, NULL),
(32, '1712725200', '2024', 2, 2, 14, 1, 17, NULL),
(33, '1712725200', '2024', 2, 2, 15, 1, 17, NULL),
(34, '1712725200', '2024', 2, 2, 16, 1, 17, NULL),
(35, '1712725200', '2024', 2, 2, 17, 1, 17, NULL),
(36, '1712725200', '2024', 2, 2, 18, 1, 17, NULL),
(37, '1714366800', '2024', 2, 2, 3, 1, 2, NULL),
(38, '1714366800', '2024', 2, 2, 4, 1, 2, NULL),
(39, '1714366800', '2024', 2, 2, 5, 1, 2, NULL),
(40, '1714366800', '2024', 2, 2, 6, 1, 2, NULL),
(41, '1714366800', '2024', 2, 2, 7, 1, 2, NULL),
(42, '1714366800', '2024', 2, 2, 8, 1, 2, NULL),
(43, '1714366800', '2024', 2, 2, 9, 1, 2, NULL),
(44, '1714366800', '2024', 2, 2, 10, 1, 2, NULL),
(45, '1714366800', '2024', 2, 2, 11, 1, 2, NULL),
(46, '1714366800', '2024', 2, 2, 12, 1, 2, NULL),
(47, '1714366800', '2024', 2, 2, 13, 1, 2, NULL),
(48, '1714366800', '2024', 2, 2, 14, 1, 2, NULL),
(49, '1714366800', '2024', 2, 2, 15, 1, 2, NULL),
(50, '1714366800', '2024', 2, 2, 16, 1, 2, NULL),
(51, '1714366800', '2024', 2, 2, 17, 1, 2, NULL),
(52, '1714366800', '2024', 2, 2, 18, 1, 2, NULL),
(53, '1714453200', '2024', 2, 2, 3, 1, 17, NULL),
(54, '1714453200', '2024', 2, 2, 4, 1, 17, NULL),
(55, '1714453200', '2024', 2, 2, 5, 1, 17, NULL),
(56, '1714453200', '2024', 2, 2, 6, 1, 17, NULL),
(57, '1714453200', '2024', 2, 2, 7, 1, 17, NULL),
(58, '1714453200', '2024', 2, 2, 8, 1, 17, NULL),
(59, '1714453200', '2024', 2, 2, 9, 1, 17, NULL),
(60, '1714453200', '2024', 2, 2, 10, 1, 17, NULL),
(61, '1714453200', '2024', 2, 2, 11, 1, 17, NULL),
(62, '1714453200', '2024', 2, 2, 12, 1, 17, NULL),
(63, '1714453200', '2024', 2, 2, 13, 1, 17, NULL),
(64, '1714453200', '2024', 2, 2, 14, 1, 17, NULL),
(65, '1714453200', '2024', 2, 2, 15, 1, 17, NULL),
(66, '1714453200', '2024', 2, 2, 16, 1, 17, NULL),
(67, '1714453200', '2024', 2, 2, 17, 1, 17, NULL),
(68, '1714453200', '2024', 2, 2, 18, 1, 17, NULL),
(69, '1714485600', '2024', 2, 2, 3, 1, 17, NULL),
(70, '1714485600', '2024', 2, 2, 4, 1, 17, NULL),
(71, '1714485600', '2024', 2, 2, 5, 1, 17, NULL),
(72, '1714485600', '2024', 2, 2, 6, 1, 17, NULL),
(73, '1714485600', '2024', 2, 2, 7, 1, 17, NULL),
(74, '1714485600', '2024', 2, 2, 8, 1, 17, NULL),
(75, '1714485600', '2024', 2, 2, 9, 1, 17, NULL),
(76, '1714485600', '2024', 2, 2, 10, 1, 17, NULL),
(77, '1714485600', '2024', 2, 2, 11, 1, 17, NULL),
(78, '1714485600', '2024', 2, 2, 12, 1, 17, NULL),
(79, '1714485600', '2024', 2, 2, 13, 1, 17, NULL),
(80, '1714485600', '2024', 2, 2, 14, 1, 17, NULL),
(81, '1714485600', '2024', 2, 2, 15, 1, 17, NULL),
(82, '1714485600', '2024', 2, 2, 16, 1, 17, NULL),
(83, '1714485600', '2024', 2, 2, 17, 1, 17, NULL),
(84, '1714485600', '2024', 2, 2, 18, 1, 17, NULL),
(85, '1714626000', '2024', 2, 2, 3, 1, 17, NULL),
(86, '1714626000', '2024', 2, 2, 4, 1, 17, NULL),
(87, '1714626000', '2024', 2, 2, 5, 1, 17, NULL),
(88, '1714626000', '2024', 2, 2, 6, 1, 17, NULL),
(89, '1714626000', '2024', 2, 2, 7, 1, 17, NULL),
(90, '1714626000', '2024', 2, 2, 8, 1, 17, NULL),
(91, '1714626000', '2024', 2, 2, 9, 1, 17, NULL),
(92, '1714626000', '2024', 2, 2, 10, 1, 17, NULL),
(93, '1714626000', '2024', 2, 2, 11, 1, 17, NULL),
(94, '1714626000', '2024', 2, 2, 12, 1, 17, NULL),
(95, '1714626000', '2024', 2, 2, 13, 1, 17, NULL),
(96, '1714626000', '2024', 2, 2, 14, 1, 17, NULL),
(97, '1714626000', '2024', 2, 2, 15, 1, 17, NULL),
(98, '1714626000', '2024', 2, 2, 16, 1, 17, NULL),
(99, '1714626000', '2024', 2, 2, 17, 1, 17, NULL),
(100, '1714626000', '2024', 2, 2, 18, 1, 17, NULL),
(101, '1715403600', '2024', 2, 2, 3, 2, 17, NULL),
(102, '1715403600', '2024', 2, 2, 4, 1, 17, NULL),
(103, '1715403600', '2024', 2, 2, 5, 1, 17, NULL),
(104, '1715403600', '2024', 2, 2, 6, 1, 17, NULL),
(105, '1715403600', '2024', 2, 2, 7, 1, 17, NULL),
(106, '1715403600', '2024', 2, 2, 8, 1, 17, NULL),
(107, '1715403600', '2024', 2, 2, 9, 1, 17, NULL),
(108, '1715403600', '2024', 2, 2, 10, 1, 17, NULL),
(109, '1715403600', '2024', 2, 2, 11, 1, 17, NULL),
(110, '1715403600', '2024', 2, 2, 12, 1, 17, NULL),
(111, '1715403600', '2024', 2, 2, 13, 1, 17, NULL),
(112, '1715403600', '2024', 2, 2, 14, 1, 17, NULL),
(113, '1715403600', '2024', 2, 2, 15, 1, 17, NULL),
(114, '1715403600', '2024', 2, 2, 16, 1, 17, NULL),
(115, '1715403600', '2024', 2, 2, 17, 1, 17, NULL),
(116, '1715403600', '2024', 2, 2, 18, 1, 17, NULL),
(117, '1715317200', '2024', 2, 2, 3, 3, 17, NULL),
(118, '1715317200', '2024', 2, 2, 4, 1, 17, NULL),
(119, '1715317200', '2024', 2, 2, 5, 1, 17, NULL),
(120, '1715317200', '2024', 2, 2, 6, 1, 17, NULL),
(121, '1715317200', '2024', 2, 2, 7, 1, 17, NULL),
(122, '1715317200', '2024', 2, 2, 8, 1, 17, NULL),
(123, '1715317200', '2024', 2, 2, 9, 1, 17, NULL),
(124, '1715317200', '2024', 2, 2, 10, 1, 17, NULL),
(125, '1715317200', '2024', 2, 2, 11, 1, 17, NULL),
(126, '1715317200', '2024', 2, 2, 12, 1, 17, NULL),
(127, '1715317200', '2024', 2, 2, 13, 1, 17, NULL),
(128, '1715317200', '2024', 2, 2, 14, 1, 17, NULL),
(129, '1715317200', '2024', 2, 2, 15, 1, 17, NULL),
(130, '1715317200', '2024', 2, 2, 16, 1, 17, NULL),
(131, '1715317200', '2024', 2, 2, 17, 1, 17, NULL),
(132, '1715317200', '2024', 2, 2, 18, 1, 17, NULL),
(133, '1719032400', '2024', 2, 2, 3, 1, 17, NULL),
(134, '1719032400', '2024', 2, 2, 4, 1, 17, NULL),
(135, '1719032400', '2024', 2, 2, 5, 1, 17, NULL),
(136, '1719032400', '2024', 2, 2, 6, 1, 17, NULL),
(137, '1719032400', '2024', 2, 2, 7, 1, 17, NULL),
(138, '1719032400', '2024', 2, 2, 8, 1, 17, NULL),
(139, '1719032400', '2024', 2, 2, 9, 1, 17, NULL),
(140, '1719032400', '2024', 2, 2, 10, 1, 17, NULL),
(141, '1719032400', '2024', 2, 2, 11, 1, 17, NULL),
(142, '1719032400', '2024', 2, 2, 12, 1, 17, NULL),
(143, '1719032400', '2024', 2, 2, 13, 1, 17, NULL),
(144, '1719032400', '2024', 2, 2, 14, 1, 17, NULL),
(145, '1719032400', '2024', 2, 2, 15, 1, 17, NULL),
(146, '1719032400', '2024', 2, 2, 16, 1, 17, NULL),
(147, '1719032400', '2024', 2, 2, 17, 1, 17, NULL),
(148, '1719032400', '2024', 2, 2, 18, 1, 17, NULL),
(149, '1718946000', '2024', 2, 2, 3, 1, 17, NULL),
(150, '1718946000', '2024', 2, 2, 4, 1, 17, NULL),
(151, '1718946000', '2024', 2, 2, 5, 1, 17, NULL),
(152, '1718946000', '2024', 2, 2, 6, 1, 17, NULL),
(153, '1718946000', '2024', 2, 2, 7, 1, 17, NULL),
(154, '1718946000', '2024', 2, 2, 8, 1, 17, NULL),
(155, '1718946000', '2024', 2, 2, 9, 1, 17, NULL),
(156, '1718946000', '2024', 2, 2, 10, 1, 17, NULL),
(157, '1718946000', '2024', 2, 2, 11, 1, 17, NULL),
(158, '1718946000', '2024', 2, 2, 12, 1, 17, NULL),
(159, '1718946000', '2024', 2, 2, 13, 1, 17, NULL),
(160, '1718946000', '2024', 2, 2, 14, 1, 17, NULL),
(161, '1718946000', '2024', 2, 2, 15, 1, 17, NULL),
(162, '1718946000', '2024', 2, 2, 16, 1, 17, NULL),
(163, '1718946000', '2024', 2, 2, 17, 1, 17, NULL),
(164, '1718946000', '2024', 2, 2, 18, 1, 17, NULL),
(165, '1719205200', '2024', 2, 2, 3, 1, 17, NULL),
(166, '1719205200', '2024', 2, 2, 4, 1, 17, NULL),
(167, '1719205200', '2024', 2, 2, 5, 1, 17, NULL),
(168, '1719205200', '2024', 2, 2, 6, 1, 17, NULL),
(169, '1719205200', '2024', 2, 2, 7, 1, 17, NULL),
(170, '1719205200', '2024', 2, 2, 8, 1, 17, NULL),
(171, '1719205200', '2024', 2, 2, 9, 1, 17, NULL),
(172, '1719205200', '2024', 2, 2, 10, 1, 17, NULL),
(173, '1719205200', '2024', 2, 2, 11, 1, 17, NULL),
(174, '1719205200', '2024', 2, 2, 12, 1, 17, NULL),
(175, '1719205200', '2024', 2, 2, 13, 1, 17, NULL),
(176, '1719205200', '2024', 2, 2, 14, 1, 17, NULL),
(177, '1719205200', '2024', 2, 2, 15, 1, 17, NULL),
(178, '1719205200', '2024', 2, 2, 16, 1, 17, NULL),
(179, '1719205200', '2024', 2, 2, 17, 1, 17, NULL),
(180, '1719205200', '2024', 2, 2, 18, 1, 17, NULL),
(181, '1718600400', '2024', 2, 2, 3, 1, 17, NULL),
(182, '1718600400', '2024', 2, 2, 4, 1, 17, NULL),
(183, '1718600400', '2024', 2, 2, 5, 1, 17, NULL),
(184, '1718600400', '2024', 2, 2, 6, 1, 17, NULL),
(185, '1718600400', '2024', 2, 2, 7, 1, 17, NULL),
(186, '1718600400', '2024', 2, 2, 8, 1, 17, NULL),
(187, '1718600400', '2024', 2, 2, 9, 1, 17, NULL),
(188, '1718600400', '2024', 2, 2, 10, 1, 17, NULL),
(189, '1718600400', '2024', 2, 2, 11, 1, 17, NULL),
(190, '1718600400', '2024', 2, 2, 12, 1, 17, NULL),
(191, '1718600400', '2024', 2, 2, 13, 1, 17, NULL),
(192, '1718600400', '2024', 2, 2, 14, 1, 17, NULL),
(193, '1718600400', '2024', 2, 2, 15, 1, 17, NULL),
(194, '1718600400', '2024', 2, 2, 16, 1, 17, NULL),
(195, '1718600400', '2024', 2, 2, 17, 1, 17, NULL),
(196, '1718600400', '2024', 2, 2, 18, 1, 17, NULL);

-- --------------------------------------------------------

--
-- Table structure for table `attendance_live`
--

CREATE TABLE `attendance_live` (
  `id` int(11) NOT NULL,
  `live_id` int(11) DEFAULT NULL,
  `student_id` int(11) DEFAULT NULL,
  `date` varchar(600) CHARACTER SET utf8 COLLATE utf8_unicode_ci DEFAULT NULL,
  `year` int(11) DEFAULT NULL
) ENGINE=MyISAM DEFAULT CHARSET=latin1;

--
-- Dumping data for table `attendance_live`
--

INSERT INTO `attendance_live` (`id`, `live_id`, `student_id`, `date`, `year`) VALUES
(1, 3, 3, '29/04/2024 12:37 PM', NULL),
(2, 4, 3, '29/04/2024 12:46 PM', NULL);

-- --------------------------------------------------------

--
-- Table structure for table `boards`
--

CREATE TABLE `boards` (
  `board_id` int(11) NOT NULL,
  `class_id` int(11) DEFAULT NULL,
  `subject_id` int(11) DEFAULT NULL,
  `section_id` int(11) DEFAULT NULL,
  `board_data` longtext CHARACTER SET utf8mb4 COLLATE utf8mb4_unicode_ci DEFAULT NULL,
  `year` varchar(50) DEFAULT NULL,
  `date` varchar(200) DEFAULT NULL,
  `board_title` varchar(600) CHARACTER SET utf8mb4 COLLATE utf8mb4_unicode_ci DEFAULT NULL
) ENGINE=MyISAM DEFAULT CHARSET=latin1;

-- --------------------------------------------------------

--
-- Table structure for table `book`
--

CREATE TABLE `book` (
  `book_id` int(11) NOT NULL,
  `name` longtext COLLATE utf8_unicode_ci NOT NULL,
  `description` longtext COLLATE utf8_unicode_ci NOT NULL,
  `author` longtext COLLATE utf8_unicode_ci NOT NULL,
  `class_id` longtext COLLATE utf8_unicode_ci NOT NULL,
  `price` longtext COLLATE utf8_unicode_ci NOT NULL,
  `status` longtext COLLATE utf8_unicode_ci NOT NULL,
  `type` varchar(60) COLLATE utf8_unicode_ci DEFAULT NULL,
  `file_name` longtext COLLATE utf8_unicode_ci DEFAULT NULL,
  `year` varchar(200) COLLATE utf8_unicode_ci DEFAULT NULL,
  `total_copies` int(11) DEFAULT NULL,
  `issued_copies` int(11) DEFAULT NULL
) ENGINE=InnoDB DEFAULT CHARSET=utf8 COLLATE=utf8_unicode_ci;

-- --------------------------------------------------------

--
-- Table structure for table `book_request`
--

CREATE TABLE `book_request` (
  `book_request_id` int(11) NOT NULL,
  `book_id` int(11) DEFAULT NULL,
  `student_id` int(11) DEFAULT NULL,
  `issue_start_date` longtext COLLATE utf8_unicode_ci DEFAULT NULL,
  `issue_end_date` longtext COLLATE utf8_unicode_ci DEFAULT NULL,
  `status` int(11) DEFAULT NULL
) ENGINE=InnoDB DEFAULT CHARSET=utf8 COLLATE=utf8_unicode_ci;

--
-- Dumping data for table `book_request`
--

INSERT INTO `book_request` (`book_request_id`, `book_id`, `student_id`, `issue_start_date`, `issue_end_date`, `status`) VALUES
(1, 2, 3, '1713416400', '1713416400', 1),
(2, 2, 3, '1713416400', '1713416400', 1),
(3, 2, 3, '1713416400', '1713416400', 1),
(4, 2, 3, '1713416400', '1713416400', 1);

-- --------------------------------------------------------

--
-- Table structure for table `ci_sessions`
--

CREATE TABLE `ci_sessions` (
  `id` varchar(40) COLLATE utf8_unicode_ci NOT NULL,
  `ip_address` varchar(45) COLLATE utf8_unicode_ci NOT NULL,
  `timestamp` int(10) UNSIGNED NOT NULL DEFAULT 0,
  `data` blob NOT NULL
) ENGINE=InnoDB DEFAULT CHARSET=utf8 COLLATE=utf8_unicode_ci;

--
-- Dumping data for table `ci_sessions`
--

INSERT INTO `ci_sessions` (`id`, `ip_address`, `timestamp`, `data`) VALUES
('0gth1r42hbafo358bj762946if4439pl', '::1', 1720152588, 0x5f5f63695f6c6173745f726567656e65726174657c693a313732303135323538383b4642524c485f73746174657c733a33323a223937653633643466623334656361323364353264303962636364613431613236223b61646d696e5f6c6f67696e7c733a313a2231223b61646d696e5f69647c733a313a2232223b6c6f67696e5f757365725f69647c733a313a2232223b6e616d657c733a363a22505255454241223b6c6f67696e5f747970657c733a353a2261646d696e223b),
('0hofkjvpouf8cncplb5epgqgpeg3h9cr', '127.0.0.1', 1720085009, 0x5f5f63695f6c6173745f726567656e65726174657c693a313732303038353030393b4642524c485f73746174657c733a33323a223937653633643466623334656361323364353264303962636364613431613236223b61646d696e5f6c6f67696e7c733a313a2231223b61646d696e5f69647c733a313a2232223b6c6f67696e5f757365725f69647c733a313a2232223b6e616d657c733a363a22505255454241223b6c6f67696e5f747970657c733a353a2261646d696e223b),
('1m45au33cr83ao18m06h5tlujd7fv40b', '127.0.0.1', 1720087674, 0x5f5f63695f6c6173745f726567656e65726174657c693a313732303038373637343b4642524c485f73746174657c733a33323a223937653633643466623334656361323364353264303962636364613431613236223b61646d696e5f6c6f67696e7c733a313a2231223b61646d696e5f69647c733a313a2232223b6c6f67696e5f757365725f69647c733a313a2232223b6e616d657c733a363a22505255454241223b6c6f67696e5f747970657c733a353a2261646d696e223b),
('3upgn5f7n5dihkmpgk17pcec5t4balos', '127.0.0.1', 1720166078, 0x5f5f63695f6c6173745f726567656e65726174657c693a313732303136363037383b4642524c485f73746174657c733a33323a223937653633643466623334656361323364353264303962636364613431613236223b61646d696e5f6c6f67696e7c733a313a2231223b61646d696e5f69647c733a313a2232223b6c6f67696e5f757365725f69647c733a313a2232223b6e616d657c733a363a22505255454241223b6c6f67696e5f747970657c733a353a2261646d696e223b),
('3vifg8rcpfmgsb4ukprm12atu0q7g60p', '127.0.0.1', 1720088307, 0x5f5f63695f6c6173745f726567656e65726174657c693a313732303038383330373b4642524c485f73746174657c733a33323a223937653633643466623334656361323364353264303962636364613431613236223b61646d696e5f6c6f67696e7c733a313a2231223b61646d696e5f69647c733a313a2232223b6c6f67696e5f757365725f69647c733a313a2232223b6e616d657c733a363a22505255454241223b6c6f67696e5f747970657c733a353a2261646d696e223b),
('433rf7fuj672vhiq6qjiap6ko9a9scrh', '127.0.0.1', 1720080591, 0x5f5f63695f6c6173745f726567656e65726174657c693a313732303038303539313b4642524c485f73746174657c733a33323a223861323136616538363535636363356161643237663538383864643163616538223b73747564656e745f6c6f67696e7c733a313a2231223b73747564656e745f69647c733a313a2233223b6c6f67696e5f757365725f69647c733a313a2233223b6e616d657c733a31363a22474f5356494e444120204a484f414e41223b6c6f67696e5f747970657c733a373a2273747564656e74223b),
('4dlf4e978jkug506q4hrev084ud37tap', '127.0.0.1', 1720170833, 0x5f5f63695f6c6173745f726567656e65726174657c693a313732303137303833333b4642524c485f73746174657c733a33323a223937653633643466623334656361323364353264303962636364613431613236223b61646d696e5f6c6f67696e7c733a313a2231223b61646d696e5f69647c733a313a2232223b6c6f67696e5f757365725f69647c733a313a2232223b6e616d657c733a363a22505255454241223b6c6f67696e5f747970657c733a353a2261646d696e223b),
('5jjn0tnelnt3g77ktu1sithmn7dhkmen', '127.0.0.1', 1720086411, 0x5f5f63695f6c6173745f726567656e65726174657c693a313732303038363431313b4642524c485f73746174657c733a33323a223937653633643466623334656361323364353264303962636364613431613236223b61646d696e5f6c6f67696e7c733a313a2231223b61646d696e5f69647c733a313a2232223b6c6f67696e5f757365725f69647c733a313a2232223b6e616d657c733a363a22505255454241223b6c6f67696e5f747970657c733a353a2261646d696e223b),
('6e8a6jmmephbgpsep280an2rqpo3id4r', '127.0.0.1', 1720085625, 0x5f5f63695f6c6173745f726567656e65726174657c693a313732303038353632353b4642524c485f73746174657c733a33323a223937653633643466623334656361323364353264303962636364613431613236223b61646d696e5f6c6f67696e7c733a313a2231223b61646d696e5f69647c733a313a2232223b6c6f67696e5f757365725f69647c733a313a2232223b6e616d657c733a363a22505255454241223b6c6f67696e5f747970657c733a353a2261646d696e223b),
('6gb09tijjih168oq7eh03g70i4gl2dk4', '127.0.0.1', 1720079447, 0x5f5f63695f6c6173745f726567656e65726174657c693a313732303037393434373b4642524c485f73746174657c733a33323a223861323136616538363535636363356161643237663538383864643163616538223b73747564656e745f6c6f67696e7c733a313a2231223b73747564656e745f69647c733a313a2233223b6c6f67696e5f757365725f69647c733a313a2233223b6e616d657c733a31363a22474f5356494e444120204a484f414e41223b6c6f67696e5f747970657c733a373a2273747564656e74223b),
('6hluj4e042e8dsb8cj1vgkfsnt2l9i9m', '127.0.0.1', 1720170706, 0x5f5f63695f6c6173745f726567656e65726174657c693a313732303137303730363b),
('86htsh6k3cucagqog81vafqe6a65e9k6', '127.0.0.1', 1720086890, 0x5f5f63695f6c6173745f726567656e65726174657c693a313732303038363839303b4642524c485f73746174657c733a33323a223937653633643466623334656361323364353264303962636364613431613236223b61646d696e5f6c6f67696e7c733a313a2231223b61646d696e5f69647c733a313a2232223b6c6f67696e5f757365725f69647c733a313a2232223b6e616d657c733a363a22505255454241223b6c6f67696e5f747970657c733a353a2261646d696e223b),
('9gulj4jpd735u422t9278m9mope0ts1p', '127.0.0.1', 1720170508, 0x5f5f63695f6c6173745f726567656e65726174657c693a313732303137303530383b4642524c485f73746174657c733a33323a223937653633643466623334656361323364353264303962636364613431613236223b61646d696e5f6c6f67696e7c733a313a2231223b61646d696e5f69647c733a313a2232223b6c6f67696e5f757365725f69647c733a313a2232223b6e616d657c733a363a22505255454241223b6c6f67696e5f747970657c733a353a2261646d696e223b),
('9hbds7ej9agsu67fua65rejdsg152fei', '127.0.0.1', 1720088059, 0x5f5f63695f6c6173745f726567656e65726174657c693a313732303038383035393b),
('b8s8mhofpgo0nj0mjuo2hmsnvenoste3', '127.0.0.1', 1720081044, 0x5f5f63695f6c6173745f726567656e65726174657c693a313732303038313034343b),
('c5jbk9jbg02o4cedaueqbctpni4th1k5', '127.0.0.1', 1720087259, 0x5f5f63695f6c6173745f726567656e65726174657c693a313732303038373235393b4642524c485f73746174657c733a33323a223937653633643466623334656361323364353264303962636364613431613236223b61646d696e5f6c6f67696e7c733a313a2231223b61646d696e5f69647c733a313a2232223b6c6f67696e5f757365725f69647c733a313a2232223b6e616d657c733a363a22505255454241223b6c6f67696e5f747970657c733a353a2261646d696e223b),
('c8fmsn1b5mkiucog4urrkv0q1po3hfih', '127.0.0.1', 1720171158, 0x5f5f63695f6c6173745f726567656e65726174657c693a313732303137313135383b4642524c485f73746174657c733a33323a223937653633643466623334656361323364353264303962636364613431613236223b61646d696e5f6c6f67696e7c733a313a2231223b61646d696e5f69647c733a313a2232223b6c6f67696e5f757365725f69647c733a313a2232223b6e616d657c733a363a22505255454241223b6c6f67696e5f747970657c733a353a2261646d696e223b),
('caa3gpu8jtq60lalvtjujhlnpijhltq3', '127.0.0.1', 1720080845, 0x5f5f63695f6c6173745f726567656e65726174657c693a313732303038303834353b4642524c485f73746174657c733a33323a223937653633643466623334656361323364353264303962636364613431613236223b61646d696e5f6c6f67696e7c733a313a2231223b61646d696e5f69647c733a313a2232223b6c6f67696e5f757365725f69647c733a313a2232223b6e616d657c733a363a22505255454241223b6c6f67696e5f747970657c733a353a2261646d696e223b),
('cj096ev90b60j8shsqcaq96v8jlueqsc', '127.0.0.1', 1720080208, 0x5f5f63695f6c6173745f726567656e65726174657c693a313732303038303230383b4642524c485f73746174657c733a33323a223861323136616538363535636363356161643237663538383864643163616538223b73747564656e745f6c6f67696e7c733a313a2231223b73747564656e745f69647c733a313a2233223b6c6f67696e5f757365725f69647c733a313a2233223b6e616d657c733a31363a22474f5356494e444120204a484f414e41223b6c6f67696e5f747970657c733a373a2273747564656e74223b),
('corvjmn30ijge81uc7sprpv7md33qqad', '127.0.0.1', 1720154183, 0x5f5f63695f6c6173745f726567656e65726174657c693a313732303135343138333b4642524c485f73746174657c733a33323a223937653633643466623334656361323364353264303962636364613431613236223b61646d696e5f6c6f67696e7c733a313a2231223b61646d696e5f69647c733a313a2232223b6c6f67696e5f757365725f69647c733a313a2232223b6e616d657c733a363a22505255454241223b6c6f67696e5f747970657c733a353a2261646d696e223b),
('edtnuoasc7gi1tnjq2j8koq2tem1ada8', '127.0.0.1', 1720080008, 0x5f5f63695f6c6173745f726567656e65726174657c693a313732303038303030383b),
('gkd4kbir0vgkovlgsdum6681f38m8mgm', '127.0.0.1', 1720171472, 0x5f5f63695f6c6173745f726567656e65726174657c693a313732303137313437323b4642524c485f73746174657c733a33323a223937653633643466623334656361323364353264303962636364613431613236223b61646d696e5f6c6f67696e7c733a313a2231223b61646d696e5f69647c733a313a2232223b6c6f67696e5f757365725f69647c733a313a2232223b6e616d657c733a363a22505255454241223b6c6f67696e5f747970657c733a353a2261646d696e223b),
('ha37gvpvit5jtof60ehp8vc1036i9iui', '127.0.0.1', 1720084688, 0x5f5f63695f6c6173745f726567656e65726174657c693a313732303038343638383b4642524c485f73746174657c733a33323a223937653633643466623334656361323364353264303962636364613431613236223b61646d696e5f6c6f67696e7c733a313a2231223b61646d696e5f69647c733a313a2232223b6c6f67696e5f757365725f69647c733a313a2232223b6e616d657c733a363a22505255454241223b6c6f67696e5f747970657c733a353a2261646d696e223b),
('hg1qotshfbh2pgmnbdcnqrhklt2pf4in', '127.0.0.1', 1720171462, 0x5f5f63695f6c6173745f726567656e65726174657c693a313732303137313436323b),
('hmn35q00iq7ddvuo4e0pegjdeloqdjo3', '127.0.0.1', 1720087728, 0x5f5f63695f6c6173745f726567656e65726174657c693a313732303038373732383b),
('j1lhceus70bu7bv00l2ni5u922m4034h', '::1', 1720151419, 0x5f5f63695f6c6173745f726567656e65726174657c693a313732303135313431393b4642524c485f73746174657c733a33323a223937653633643466623334656361323364353264303962636364613431613236223b61646d696e5f6c6f67696e7c733a313a2231223b61646d696e5f69647c733a313a2232223b6c6f67696e5f757365725f69647c733a313a2232223b6e616d657c733a363a22505255454241223b6c6f67696e5f747970657c733a353a2261646d696e223b),
('l4lf33cophm90261pmvirbumntrrpdst', '127.0.0.1', 1720150916, 0x5f5f63695f6c6173745f726567656e65726174657c693a313732303135303931363b4642524c485f73746174657c733a33323a223937653633643466623334656361323364353264303962636364613431613236223b61646d696e5f6c6f67696e7c733a313a2231223b61646d696e5f69647c733a313a2232223b6c6f67696e5f757365725f69647c733a313a2232223b6e616d657c733a363a22505255454241223b6c6f67696e5f747970657c733a353a2261646d696e223b),
('l83r13o1i5hdlgrpr1skpade7dgvr7sd', '127.0.0.1', 1720167163, 0x5f5f63695f6c6173745f726567656e65726174657c693a313732303136373136333b4642524c485f73746174657c733a33323a223937653633643466623334656361323364353264303962636364613431613236223b61646d696e5f6c6f67696e7c733a313a2231223b61646d696e5f69647c733a313a2232223b6c6f67696e5f757365725f69647c733a313a2232223b6e616d657c733a363a22505255454241223b6c6f67696e5f747970657c733a353a2261646d696e223b),
('lieb1fb60ef3d76kkrvno0jpkfrim529', '127.0.0.1', 1720155006, 0x5f5f63695f6c6173745f726567656e65726174657c693a313732303135353030363b4642524c485f73746174657c733a33323a223937653633643466623334656361323364353264303962636364613431613236223b61646d696e5f6c6f67696e7c733a313a2231223b61646d696e5f69647c733a313a2232223b6c6f67696e5f757365725f69647c733a313a2232223b6e616d657c733a363a22505255454241223b6c6f67696e5f747970657c733a353a2261646d696e223b),
('ln0oaumo4etoblkt7mo4qevpl98d14p1', '127.0.0.1', 1720081149, 0x5f5f63695f6c6173745f726567656e65726174657c693a313732303038313134393b4642524c485f73746174657c733a33323a223937653633643466623334656361323364353264303962636364613431613236223b61646d696e5f6c6f67696e7c733a313a2231223b61646d696e5f69647c733a313a2232223b6c6f67696e5f757365725f69647c733a313a2232223b6e616d657c733a363a22505255454241223b6c6f67696e5f747970657c733a353a2261646d696e223b),
('mq4r6qfqcq94cn632m8mp7bfkmna7q7e', '127.0.0.1', 1720088004, 0x5f5f63695f6c6173745f726567656e65726174657c693a313732303038383030343b4642524c485f73746174657c733a33323a223937653633643466623334656361323364353264303962636364613431613236223b61646d696e5f6c6f67696e7c733a313a2231223b61646d696e5f69647c733a313a2232223b6c6f67696e5f757365725f69647c733a313a2232223b6e616d657c733a363a22505255454241223b6c6f67696e5f747970657c733a353a2261646d696e223b),
('n4k38dhkrtc45fg2josq8c0h03lhotom', '127.0.0.1', 1720171545, 0x5f5f63695f6c6173745f726567656e65726174657c693a313732303137313437323b4642524c485f73746174657c733a33323a223937653633643466623334656361323364353264303962636364613431613236223b61646d696e5f6c6f67696e7c733a313a2231223b61646d696e5f69647c733a313a2232223b6c6f67696e5f757365725f69647c733a313a2232223b6e616d657c733a363a22505255454241223b6c6f67696e5f747970657c733a353a2261646d696e223b),
('o2crkgvhk6s55tlvdiau6uu2en0pbsh4', '127.0.0.1', 1720152895, 0x5f5f63695f6c6173745f726567656e65726174657c693a313732303135323839353b4642524c485f73746174657c733a33323a223937653633643466623334656361323364353264303962636364613431613236223b61646d696e5f6c6f67696e7c733a313a2231223b61646d696e5f69647c733a313a2232223b6c6f67696e5f757365725f69647c733a313a2232223b6e616d657c733a363a22505255454241223b6c6f67696e5f747970657c733a353a2261646d696e223b),
('onqmh6e4e8pqshjhpfmdrfpj9kpgnfga', '127.0.0.1', 1720153520, 0x5f5f63695f6c6173745f726567656e65726174657c693a313732303135333532303b4642524c485f73746174657c733a33323a223937653633643466623334656361323364353264303962636364613431613236223b61646d696e5f6c6f67696e7c733a313a2231223b61646d696e5f69647c733a313a2232223b6c6f67696e5f757365725f69647c733a313a2232223b6e616d657c733a363a22505255454241223b6c6f67696e5f747970657c733a353a2261646d696e223b),
('pf9ij5iablalueddpor3tgsu8slug0lv', '127.0.0.1', 1720171204, 0x5f5f63695f6c6173745f726567656e65726174657c693a313732303137313230343b),
('pkbk22vpl5cv030tk61cpsr0mdq5n24r', '127.0.0.1', 1720170515, 0x5f5f63695f6c6173745f726567656e65726174657c693a313732303137303531353b),
('qn16ro5uviqs2e8dl8bng5644qclja19', '127.0.0.1', 1720087973, 0x5f5f63695f6c6173745f726567656e65726174657c693a313732303038373937333b),
('s1ub356mlgjrqspu0gddjsl42h41ov5q', '127.0.0.1', 1720079036, 0x5f5f63695f6c6173745f726567656e65726174657c693a313732303037393033363b4642524c485f73746174657c733a33323a223861323136616538363535636363356161643237663538383864643163616538223b73747564656e745f6c6f67696e7c733a313a2231223b73747564656e745f69647c733a313a2233223b6c6f67696e5f757365725f69647c733a313a2233223b6e616d657c733a31363a22474f5356494e444120204a484f414e41223b6c6f67696e5f747970657c733a373a2273747564656e74223b),
('sh1ju66ibqji4vjecr5ro5psdci4vc8m', '127.0.0.1', 1720151519, 0x5f5f63695f6c6173745f726567656e65726174657c693a313732303135313531393b),
('t39mp7j3ab7bp0lsc9atmt9n615aka9p', '127.0.0.1', 1720078634, 0x5f5f63695f6c6173745f726567656e65726174657c693a313732303037383633343b4642524c485f73746174657c733a33323a223861323136616538363535636363356161643237663538383864643163616538223b73747564656e745f6c6f67696e7c733a313a2231223b73747564656e745f69647c733a313a2233223b6c6f67696e5f757365725f69647c733a313a2233223b6e616d657c733a31363a22474f5356494e444120204a484f414e41223b6c6f67696e5f747970657c733a373a2273747564656e74223b),
('t59ki070ee3k4bi76tkt34ie2gkeuhlm', '::1', 1720152015, 0x5f5f63695f6c6173745f726567656e65726174657c693a313732303135323031353b4642524c485f73746174657c733a33323a223937653633643466623334656361323364353264303962636364613431613236223b61646d696e5f6c6f67696e7c733a313a2231223b61646d696e5f69647c733a313a2232223b6c6f67696e5f757365725f69647c733a313a2232223b6e616d657c733a363a22505255454241223b6c6f67696e5f747970657c733a353a2261646d696e223b),
('tkq8acm5grckmcmmqnedta623a2efppi', '127.0.0.1', 1720164963, 0x5f5f63695f6c6173745f726567656e65726174657c693a313732303136343936333b4642524c485f73746174657c733a33323a223937653633643466623334656361323364353264303962636364613431613236223b61646d696e5f6c6f67696e7c733a313a2231223b61646d696e5f69647c733a313a2232223b6c6f67696e5f757365725f69647c733a313a2232223b6e616d657c733a363a22505255454241223b6c6f67696e5f747970657c733a353a2261646d696e223b666c6173685f6d6573736167657c733a33303a225375636365737366756c6c7920616464656420696e666f726d6174696f6e223b5f5f63695f766172737c613a313a7b733a31333a22666c6173685f6d657373616765223b733a333a226f6c64223b7d),
('ug9vjap7jpsj0a6l1ql4ovsmj7vqc4tm', '127.0.0.1', 1720085311, 0x5f5f63695f6c6173745f726567656e65726174657c693a313732303038353331313b4642524c485f73746174657c733a33323a223937653633643466623334656361323364353264303962636364613431613236223b61646d696e5f6c6f67696e7c733a313a2231223b61646d696e5f69647c733a313a2232223b6c6f67696e5f757365725f69647c733a313a2232223b6e616d657c733a363a22505255454241223b6c6f67696e5f747970657c733a353a2261646d696e223b),
('urs5nn5df4al6g11h3jsf7dqu0q7ufbk', '127.0.0.1', 1720079903, 0x5f5f63695f6c6173745f726567656e65726174657c693a313732303037393930333b4642524c485f73746174657c733a33323a223861323136616538363535636363356161643237663538383864643163616538223b73747564656e745f6c6f67696e7c733a313a2231223b73747564656e745f69647c733a313a2233223b6c6f67696e5f757365725f69647c733a313a2233223b6e616d657c733a31363a22474f5356494e444120204a484f414e41223b6c6f67696e5f747970657c733a373a2273747564656e74223b),
('vl7igpqqqdtpp5ug903f1mq9567s8vgm', '127.0.0.1', 1720080838, 0x5f5f63695f6c6173745f726567656e65726174657c693a313732303038303539313b4642524c485f73746174657c733a33323a223861323136616538363535636363356161643237663538383864643163616538223b73747564656e745f6c6f67696e7c733a313a2231223b73747564656e745f69647c733a313a2233223b6c6f67696e5f757365725f69647c733a313a2233223b6e616d657c733a31363a22474f5356494e444120204a484f414e41223b6c6f67696e5f747970657c733a373a2273747564656e74223b),
('vtaao8iohorkoo9sloheu47702u0f7s0', '127.0.0.1', 1720169385, 0x5f5f63695f6c6173745f726567656e65726174657c693a313732303136393338353b4642524c485f73746174657c733a33323a223937653633643466623334656361323364353264303962636364613431613236223b61646d696e5f6c6f67696e7c733a313a2231223b61646d696e5f69647c733a313a2232223b6c6f67696e5f757365725f69647c733a313a2232223b6e616d657c733a363a22505255454241223b6c6f67696e5f747970657c733a353a2261646d696e223b666c6173685f6d6573736167655f6661696c65647c733a33353a224661696c656421204475706c69636174652053656374696f6e20616e6420636c617373223b5f5f63695f766172737c613a313a7b733a32303a22666c6173685f6d6573736167655f6661696c6564223b733a333a226f6c64223b7d),
('vup03deb3hdr4jcflru0gvhs3bpnq1l6', '127.0.0.1', 1720154698, 0x5f5f63695f6c6173745f726567656e65726174657c693a313732303135343639383b4642524c485f73746174657c733a33323a223937653633643466623334656361323364353264303962636364613431613236223b61646d696e5f6c6f67696e7c733a313a2231223b61646d696e5f69647c733a313a2232223b6c6f67696e5f757365725f69647c733a313a2232223b6e616d657c733a363a22505255454241223b6c6f67696e5f747970657c733a353a2261646d696e223b);

-- --------------------------------------------------------

--
-- Table structure for table `class`
--

CREATE TABLE `class` (
  `class_id` int(11) NOT NULL,
  `name` longtext COLLATE utf8_unicode_ci NOT NULL,
  `jornada_id` int(11) DEFAULT NULL,
  `teacher_id` int(11) NOT NULL,
  `nivel_id` int(11) DEFAULT NULL
) ENGINE=InnoDB DEFAULT CHARSET=utf8 COLLATE=utf8_unicode_ci;

--
-- Dumping data for table `class`
--

INSERT INTO `class` (`class_id`, `name`, `jornada_id`, `teacher_id`, `nivel_id`) VALUES
(2, 'COSMETOLOGIA - PELUQUERÍA', NULL, 0, NULL),
(3, 'SISTEMA DE UÑAS', NULL, 8, NULL),
(4, 'LASHISTA', NULL, 6, NULL),
(5, 'ESTÉTICA INTEGRAL', NULL, 5, NULL),
(6, 'COSMETOLOGÍA - BELLEZA', NULL, 0, NULL),
(7, 'PODOLOGÍA', NULL, 9, NULL);

-- --------------------------------------------------------

--
-- Table structure for table `class_routine`
--

CREATE TABLE `class_routine` (
  `class_routine_id` int(11) NOT NULL,
  `class_id` int(11) DEFAULT NULL,
  `section_id` int(11) DEFAULT NULL,
  `subject_id` int(11) DEFAULT NULL,
  `year` longtext COLLATE utf8_unicode_ci DEFAULT NULL,
  `teacher_id` int(11) DEFAULT NULL,
  `tbl_row` smallint(6) DEFAULT NULL,
  `tbl_col` smallint(6) DEFAULT NULL
) ENGINE=InnoDB DEFAULT CHARSET=utf8 COLLATE=utf8_unicode_ci;

--
-- Dumping data for table `class_routine`
--

INSERT INTO `class_routine` (`class_routine_id`, `class_id`, `section_id`, `subject_id`, `year`, `teacher_id`, `tbl_row`, `tbl_col`) VALUES
(296, 2, 2, 5, NULL, 2, 1, 1),
(297, 2, 2, 5, NULL, 2, 1, 2);

-- --------------------------------------------------------

--
-- Table structure for table `deliveries`
--

CREATE TABLE `deliveries` (
  `id` int(11) NOT NULL,
  `homework_code` varchar(600) CHARACTER SET utf8 COLLATE utf8_unicode_ci NOT NULL,
  `student_id` int(11) NOT NULL,
  `date` varchar(600) CHARACTER SET utf8 COLLATE utf8_unicode_ci NOT NULL,
  `class_id` int(11) NOT NULL,
  `section_id` int(11) NOT NULL,
  `file_name` longtext CHARACTER SET utf8 COLLATE utf8_unicode_ci DEFAULT NULL,
  `student_comment` longtext CHARACTER SET utf8 COLLATE utf8_unicode_ci DEFAULT NULL,
  `teacher_comment` longtext CHARACTER SET utf8 COLLATE utf8_unicode_ci DEFAULT NULL,
  `subject_id` int(11) NOT NULL,
  `status` int(11) DEFAULT NULL,
  `homework_reply` longtext CHARACTER SET utf8 COLLATE utf8_unicode_ci DEFAULT NULL,
  `mark` int(11) DEFAULT NULL,
  `media_type` int(11) DEFAULT NULL,
  `delivery_code` varchar(200) DEFAULT NULL
) ENGINE=MyISAM DEFAULT CHARSET=latin1;

--
-- Dumping data for table `deliveries`
--

INSERT INTO `deliveries` (`id`, `homework_code`, `student_id`, `date`, `class_id`, `section_id`, `file_name`, `student_comment`, `teacher_comment`, `subject_id`, `status`, `homework_reply`, `mark`, `media_type`, `delivery_code`) VALUES
(2, '76c8140d21', 3, '03/22 13:08', 2, 2, 'aee55a7', 'corregir ', 'buen trabajo', 9, 1, NULL, 20, NULL, NULL),
(3, '00d0811f7e', 3, '04/08 22:48', 2, 2, '8105d0a', 'Prueba', NULL, 15, 1, NULL, NULL, 2, '6e87d09c3d'),
(4, '9f73f3244d', 3, '04/08 17:52', 2, 2, NULL, '', NULL, 9, 1, '', NULL, 2, NULL),
(5, '1fb78be033', 17, '04/09 23:14', 2, 2, 'db295ec', '', NULL, 16, 1, NULL, NULL, 2, '09202d5f22'),
(6, '78e69e4aa3', 17, '04/10 09:27', 2, 2, 'c7b64e6', '', 'REGULAR PUEDE MEJORAR', 17, 1, NULL, 15, 2, 'a49479d384'),
(7, '24d48badc0', 3, '29/04/2024 12:15', 2, 2, 'f1754dd', '', NULL, 2, 1, NULL, NULL, 1, 'd464197072'),
(8, '7e96065fdb', 3, '02/05/2024 12:49', 2, 2, 'c5165e8', 'se envia la tarea', '', 17, 1, NULL, 15, 2, 'c699e9e375'),
(9, '8e9d9d3e9a', 3, '11/05/2024 12:42', 2, 2, '6fe7adf', 'pruebaa ', NULL, 17, 1, NULL, NULL, 2, '33f34ad845'),
(10, '762d9b6ed2', 3, '11/05/2024 12:51', 2, 2, '2fa8046', '', NULL, 17, 1, NULL, NULL, 2, '80336345a4'),
(11, '762d9b6ed2', 3, '11/05/2024 12:46', 2, 2, '5168b56', '', NULL, 17, 1, NULL, NULL, 2, '80336345a4');

-- --------------------------------------------------------

--
-- Table structure for table `document`
--

CREATE TABLE `document` (
  `document_id` int(11) NOT NULL,
  `title` longtext COLLATE utf8_unicode_ci DEFAULT NULL,
  `description` longtext COLLATE utf8_unicode_ci DEFAULT NULL,
  `file_name` longtext COLLATE utf8_unicode_ci DEFAULT NULL,
  `file_type` longtext COLLATE utf8_unicode_ci DEFAULT NULL,
  `class_id` longtext COLLATE utf8_unicode_ci DEFAULT NULL,
  `teacher_id` int(11) DEFAULT NULL,
  `timestamp` longtext COLLATE utf8_unicode_ci DEFAULT NULL,
  `subject_id` int(11) DEFAULT NULL,
  `type` varchar(200) COLLATE utf8_unicode_ci DEFAULT NULL,
  `year` varchar(200) COLLATE utf8_unicode_ci DEFAULT NULL,
  `filesize` varchar(20) COLLATE utf8_unicode_ci DEFAULT NULL,
  `wall_type` varchar(20) COLLATE utf8_unicode_ci DEFAULT NULL,
  `publish_date` varchar(20) COLLATE utf8_unicode_ci DEFAULT NULL,
  `upload_date` varchar(20) COLLATE utf8_unicode_ci DEFAULT NULL,
  `section_id` int(11) DEFAULT NULL,
  `sync_status` int(11) DEFAULT 0,
  `attachment_name` longtext COLLATE utf8_unicode_ci DEFAULT NULL,
  `drive_id` longtext COLLATE utf8_unicode_ci DEFAULT NULL
) ENGINE=MyISAM DEFAULT CHARSET=utf8 COLLATE=utf8_unicode_ci;

--
-- Dumping data for table `document`
--

INSERT INTO `document` (`document_id`, `title`, `description`, `file_name`, `file_type`, `class_id`, `teacher_id`, `timestamp`, `subject_id`, `type`, `year`, `filesize`, `wall_type`, `publish_date`, `upload_date`, `section_id`, `sync_status`, `attachment_name`, `drive_id`) VALUES
(5, NULL, 'SILABOS DE CORTE DE CABELLO', NULL, 'PDF', '2', 1, '1711414016', 5, 'admin', NULL, '653.71KB', 'material', '2024-03-25 19:46:56', '03/25 07:46PM', 2, 1, NULL, NULL),
(4, NULL, 'SILABO DE CEPILLADO Y PLANCHADO', NULL, 'PDF', '2', 1, '1711413915', 4, 'admin', NULL, '534.22KB', 'material', '2024-03-25 19:45:15', '03/25 07:45PM', 2, 1, NULL, NULL),
(6, NULL, 'SILABOS DE PEINADO', NULL, 'PDF', '2', 1, '1711414088', 9, 'admin', NULL, '597.52KB', 'material', '2024-03-25 19:48:08', '03/25 07:48PM', 2, 1, NULL, NULL),
(7, NULL, 'SILABOS DE TINTE Y COLORIMETRIA', NULL, 'PDF', '2', 1, '1711414144', 14, 'admin', NULL, '611.07KB', 'material', '2024-03-25 19:49:04', '03/25 07:49PM', 2, 1, NULL, NULL),
(8, NULL, 'SILABOS DE ONDULACIÓN', NULL, 'PDF', '2', 1, '1711414225', 16, 'admin', NULL, '580.11KB', 'material', '2024-03-25 19:50:25', '03/25 07:50PM', 2, 1, NULL, NULL),
(9, NULL, '\r\nSILABO DE CEPILLADO Y PLANCHADO', NULL, 'PDF', '2', 1, '1711415589', 3, 'admin', NULL, '534.22KB', 'material', '2024-03-25 20:13:09', '03/25 08:13PM', 3, 1, NULL, NULL),
(10, NULL, 'SILABO DE PEINADO', NULL, 'PDF', '2', 1, '1711415654', 18, 'admin', NULL, '597.52KB', 'material', '2024-03-25 20:14:14', '03/25 08:14PM', 3, 1, NULL, NULL),
(11, NULL, 'SILABO DE TINTE Y COLORIMETRIA', NULL, 'PDF', '2', 1, '1711415692', 19, 'admin', NULL, '611.07KB', 'material', '2024-03-25 20:14:52', '03/25 08:14PM', 3, 1, NULL, NULL),
(12, NULL, 'SILABO DE ONDULACION', NULL, 'PDF', '2', 1, '1711415764', 21, 'admin', NULL, '580.11KB', 'material', '2024-03-25 20:16:04', '03/25 08:16PM', 3, 1, NULL, NULL),
(13, NULL, 'SILABO DE CORTE DE CABELLO', NULL, 'PDF', '2', 1, '1711415799', 22, 'admin', NULL, 'NAN', 'material', '2024-03-25 20:16:39', '03/25 08:16PM', 3, 1, NULL, NULL),
(14, NULL, 'SILABO DE CORTE DE CABELLO', NULL, 'PDF', '2', 1, '1711415828', 23, 'admin', NULL, '653.71KB', 'material', '2024-03-25 20:17:08', '03/25 08:17PM', 3, 1, NULL, NULL),
(15, NULL, 'Sample PDF', '1TK2yN7qq6O9M1os0VFAqnjFHT9cDoF9U', 'PDF', '2', 1, '1712093654', 17, 'admin', NULL, '12.95KB', 'material', '2024-04-02 16:34:14', '04/02 04:34PM', 2, 1, 'dummy.pdf', '12.95KB');

-- --------------------------------------------------------

--
-- Table structure for table `dormitory`
--

CREATE TABLE `dormitory` (
  `dormitory_id` int(11) NOT NULL,
  `name` longtext COLLATE utf8_unicode_ci NOT NULL,
  `number` longtext COLLATE utf8_unicode_ci DEFAULT NULL
) ENGINE=MyISAM DEFAULT CHARSET=utf8 COLLATE=utf8_unicode_ci;

--
-- Dumping data for table `dormitory`
--

INSERT INTO `dormitory` (`dormitory_id`, `name`, `number`) VALUES
(1, 'SALON 101 ', NULL),
(2, 'SALON 201', NULL),
(3, 'SALON 202', NULL),
(4, 'SALON 301', NULL),
(5, 'SALON 302', NULL),
(6, 'SALON 303', NULL);

-- --------------------------------------------------------

--
-- Table structure for table `email_template`
--

CREATE TABLE `email_template` (
  `email_template_id` int(11) NOT NULL,
  `task` longtext COLLATE utf8_unicode_ci NOT NULL,
  `subject` longtext COLLATE utf8_unicode_ci NOT NULL,
  `body` longtext COLLATE utf8_unicode_ci NOT NULL,
  `instruction` longtext COLLATE utf8_unicode_ci NOT NULL
) ENGINE=InnoDB DEFAULT CHARSET=utf8 COLLATE=utf8_unicode_ci;

--
-- Dumping data for table `email_template`
--

INSERT INTO `email_template` (`email_template_id`, `task`, `subject`, `body`, `instruction`) VALUES
(1, 'new_homework', 'New homework uploaded', '<p>Hi,</p>\r\n<p>Your teacher of&nbsp;[SUBJECT] has created a new&nbsp;homework to the system, the information is as follows:</p>\r\n<p><br />Title&nbsp;: [TITLE]</p>\r\n<p>Description: [DESCRIPTION]</p>\r\n<p>&nbsp;</p>\r\n<p>To review this homework, enter your <strong>Virtual Classroom</strong>,&nbsp;Homework section.</p>', ''),
(2, 'student_absences', 'Absenses', '<div>Hi&nbsp;<strong>[PARENT]</strong>,</div>\r\n<p>The reason for the mail is to notify you that your appreciable son&nbsp;<strong>[STUDENT]</strong>&nbsp; is not present in the classes today, if it is an emergency please contact the shcool.</p>', ''),
(3, 'student_reports', 'New report', '<div>\r\n<div>\r\n<p>Hi&nbsp;<strong>[PARENT]</strong>,</p>\r\n<p>A new discipline report has been created for <strong>[STUDENT]</strong>, please check the academic reports within your account.</p>\r\n</div>\r\n</div>', ''),
(4, 'parent_new_invoice', 'New invoice', '<p>Hi&nbsp;<strong>[PARENT]</strong>,</p>\r\n<p>A new invoice has been created for <strong>[STUDENT]</strong>,&nbsp;to see the details of the invoice please enter your payment management in your account.</p>', ''),
(5, 'student_new_invoice', 'New invoice', '<p>Hi <strong>[STUDENT]</strong>,</p>\r\n<p>A new invoice has been created with your name, to see the details of the invoice please enter your payment management in your account.</p>', '');

-- --------------------------------------------------------

--
-- Table structure for table `enroll`
--

CREATE TABLE `enroll` (
  `enroll_id` int(11) NOT NULL,
  `enroll_code` longtext COLLATE utf8_unicode_ci NOT NULL,
  `student_id` int(11) NOT NULL,
  `class_id` int(11) NOT NULL,
  `section_id` int(11) DEFAULT NULL,
  `roll` varchar(500) COLLATE utf8_unicode_ci NOT NULL DEFAULT '0',
  `date_added` longtext COLLATE utf8_unicode_ci NOT NULL,
  `year` longtext COLLATE utf8_unicode_ci NOT NULL
) ENGINE=InnoDB DEFAULT CHARSET=utf8 COLLATE=utf8_unicode_ci;

--
-- Dumping data for table `enroll`
--

INSERT INTO `enroll` (`enroll_id`, `enroll_code`, `student_id`, `class_id`, `section_id`, `roll`, `date_added`, `year`) VALUES
(3, '0e12d9d', 3, 2, 2, 'COSMETOLOGIA', '1711049115', '2024'),
(4, '2a0c18f', 4, 2, 2, 'COSMETOLOGIA', '1711049337', '2024'),
(5, '5c12134', 5, 2, 2, 'COSMETOLOGIA', '1711049432', '2024'),
(6, '7ef63b8', 6, 2, 2, 'COSMETOLOGIA', '1711049479', '2024'),
(7, 'fd18d0a', 7, 2, 2, 'COSMETOLOGIA', '1711049522', '2024'),
(8, 'a3a46b1', 8, 2, 2, 'COSMETOLOGIA', '1711049580', '2024'),
(9, 'c7df289', 9, 2, 2, 'ESTILISMO', '1711049929', '2024'),
(10, '9902657', 10, 2, 2, 'COSMETOLOGIA', '1711050146', '2024'),
(11, 'dc23bc8', 11, 2, 2, 'ESTILISMO', '1711050239', '2024'),
(12, 'eb4b675', 12, 2, 2, 'ESTILISMO', '1711050700', '2024'),
(13, '5777bb0', 13, 2, 2, 'ESTILISMO ', '1711051354', '2024'),
(14, '292188c', 14, 2, 2, 'CEPILLADO (3V)', '1711052338', '2024'),
(15, 'b39f23e', 15, 2, 2, 'Lunes (Marilu ) - Martes y Jueves (Bertha) COSMETOLOGIA', '1711052434', '2024'),
(16, '0fa8e6f', 16, 2, 2, 'COSMETOLOGIA ( 3 VECES)', '1711052503', '2024'),
(17, 'ffc97da', 17, 2, 2, 'MART - MIER - JUEV COSMETOLOGIA', '1711052606', '2024'),
(18, 'd5b1c4c', 18, 2, 2, 'CORTE DE CABELLO (3V)', '1711052674', '2024'),
(19, '90f0dd7', 19, 2, 4, 'COSMETOLOGIA', '1711064754', '2024'),
(20, '5c86d5c', 20, 2, 4, 'COSMETOLOGIA', '1711064868', '2024'),
(21, '068b302', 21, 2, 4, 'COSMETOLOGIA', '1711064976', '2024'),
(22, '1a6d2e7', 22, 2, 4, 'COSMETOLOGIA', '1711065271', '2024'),
(23, 'afeacd9', 23, 2, 4, 'ESTILISMO ( LU - MIER - VIER - JEINER ) (MART - JUEVE -  MARILU)', '1711065447', '2024'),
(24, 'b112bc6', 24, 2, 4, 'COSMETOLOGIA', '1711065553', '2024'),
(25, 'ed7da3f', 25, 2, 4, 'CORTE DE CABELLO', '1711065629', '2024'),
(26, 'a024705', 26, 2, 4, 'TINTE', '1711066126', '2024'),
(27, 'fc06bc5', 27, 2, 4, 'COSMETOLOGIA', '1711066289', '2024'),
(28, 'd40a3e4', 28, 2, 4, 'COSMETOLOGIA MAR - JU', '1711066378', '2024'),
(29, '0cd8200', 29, 2, 4, 'COSMETOLOGIA', '1711066456', '2024'),
(30, '681eebf', 30, 2, 4, 'COSMETOLOGIA', '1711066590', '2024'),
(31, 'f2bd956', 31, 2, 4, 'COSMETOLOGIA', '1711067161', '2024'),
(32, '5c683f6', 32, 2, 4, '', '1711067329', '2024'),
(33, '2b9af74', 33, 2, 4, 'ESTILISMO', '1711067390', '2024'),
(34, 'ba5e80f', 34, 2, 4, 'ESTILISMO', '1711067468', '2024'),
(35, '690be56', 35, 2, 4, 'COSMETOLOGIA', '1711067594', '2024'),
(37, 'dddd020', 3, 3, 5, 'dsa', '', '2024'),
(38, 'ee0e57b', 3, 2, 0, 'dsa', '', '2024');

-- --------------------------------------------------------

--
-- Table structure for table `events`
--

CREATE TABLE `events` (
  `id` int(11) NOT NULL,
  `title` varchar(255) NOT NULL,
  `color` varchar(15) DEFAULT NULL,
  `start` datetime NOT NULL,
  `end` datetime DEFAULT NULL
) ENGINE=InnoDB DEFAULT CHARSET=utf8;

-- --------------------------------------------------------

--
-- Table structure for table `exam`
--

CREATE TABLE `exam` (
  `exam_id` int(11) NOT NULL,
  `name` longtext COLLATE utf8_unicode_ci NOT NULL,
  `start` longtext COLLATE utf8_unicode_ci DEFAULT NULL,
  `end` longtext COLLATE utf8_unicode_ci DEFAULT NULL,
  `class_id` int(11) DEFAULT NULL,
  `section_id` int(11) DEFAULT NULL,
  `subject_id` int(11) DEFAULT NULL
) ENGINE=InnoDB DEFAULT CHARSET=utf8 COLLATE=utf8_unicode_ci;

--
-- Dumping data for table `exam`
--

INSERT INTO `exam` (`exam_id`, `name`, `start`, `end`, `class_id`, `section_id`, `subject_id`) VALUES
(8, 'Modulo prueba 1', NULL, NULL, 2, 2, 2),
(9, 'Modulo prueba 2', NULL, NULL, 2, 2, 2),
(12, 'BASICO (PLANCHADO)', NULL, NULL, 2, 2, 17),
(13, 'Modulo prueba 3', NULL, NULL, 2, 2, 2),
(14, 'First exam', NULL, NULL, 4, 8, 31),
(15, 'AVANZADO', NULL, NULL, 4, 14, 32),
(16, 'INTERMEDIO', NULL, NULL, 4, 8, 33),
(17, 'First exam', NULL, NULL, 3, 5, 30),
(18, 'First exam', NULL, NULL, 2, 2, 4),
(19, 'BASICO', NULL, NULL, 2, 2, 5),
(20, 'INTERMEDIO', NULL, NULL, 2, 2, 5),
(21, 'INTERMEDIO', NULL, NULL, 2, 2, 17),
(22, 'First exam', NULL, NULL, 2, 3, 23);

-- --------------------------------------------------------

--
-- Table structure for table `expense_category`
--

CREATE TABLE `expense_category` (
  `expense_category_id` int(11) NOT NULL,
  `name` longtext COLLATE utf8_unicode_ci NOT NULL
) ENGINE=InnoDB DEFAULT CHARSET=utf8 COLLATE=utf8_unicode_ci;

-- --------------------------------------------------------

--
-- Table structure for table `file`
--

CREATE TABLE `file` (
  `file_id` int(11) NOT NULL,
  `name` longtext CHARACTER SET utf8 COLLATE utf8_unicode_ci DEFAULT NULL,
  `size` varchar(20) CHARACTER SET utf8 COLLATE utf8_unicode_ci NOT NULL,
  `date` varchar(20) CHARACTER SET utf8 COLLATE utf8_unicode_ci NOT NULL,
  `user_type` varchar(20) CHARACTER SET utf8 COLLATE utf8_unicode_ci NOT NULL,
  `user_id` int(11) NOT NULL,
  `folder_token` longtext CHARACTER SET utf8 COLLATE utf8_unicode_ci DEFAULT NULL,
  `fileorder` varchar(200) CHARACTER SET utf8 COLLATE utf8_unicode_ci NOT NULL
) ENGINE=MyISAM DEFAULT CHARSET=latin1;

-- --------------------------------------------------------

--
-- Table structure for table `folder`
--

CREATE TABLE `folder` (
  `folder_id` int(11) NOT NULL,
  `name` varchar(200) CHARACTER SET utf8 COLLATE utf8_unicode_ci NOT NULL,
  `user_type` varchar(20) CHARACTER SET utf8 COLLATE utf8_unicode_ci NOT NULL,
  `user_id` int(11) NOT NULL,
  `date` varchar(200) CHARACTER SET utf8 COLLATE utf8_unicode_ci NOT NULL,
  `token` longtext CHARACTER SET utf8 COLLATE utf8_unicode_ci NOT NULL
) ENGINE=MyISAM DEFAULT CHARSET=latin1;

-- --------------------------------------------------------

--
-- Table structure for table `forum`
--

CREATE TABLE `forum` (
  `post_id` int(11) NOT NULL,
  `teacher_id` int(11) NOT NULL,
  `subject_id` int(11) NOT NULL,
  `class_id` int(11) NOT NULL,
  `timestamp` longtext CHARACTER SET utf8 COLLATE utf8_unicode_ci NOT NULL,
  `title` longtext CHARACTER SET utf8 COLLATE utf8_unicode_ci NOT NULL,
  `description` longtext CHARACTER SET utf8 COLLATE utf8_unicode_ci NOT NULL,
  `post_code` longtext CHARACTER SET utf8 COLLATE utf8_unicode_ci NOT NULL,
  `file_name` longtext CHARACTER SET utf8 COLLATE utf8_unicode_ci DEFAULT NULL,
  `section_id` int(11) NOT NULL,
  `post_status` int(11) DEFAULT 1,
  `type` varchar(200) CHARACTER SET utf8 COLLATE utf8_unicode_ci NOT NULL,
  `wall_type` varchar(20) CHARACTER SET utf8 COLLATE utf8_unicode_ci DEFAULT NULL,
  `publish_date` varchar(20) CHARACTER SET utf8 COLLATE utf8_unicode_ci DEFAULT NULL,
  `upload_date` varchar(20) CHARACTER SET utf8 COLLATE utf8_unicode_ci DEFAULT NULL,
  `exp` int(11) DEFAULT NULL,
  `sync_status` int(11) DEFAULT 0,
  `attachment_name` longtext DEFAULT NULL
) ENGINE=InnoDB DEFAULT CHARSET=latin1;

-- --------------------------------------------------------

--
-- Table structure for table `forum_message`
--

CREATE TABLE `forum_message` (
  `message` longtext CHARACTER SET utf32 COLLATE utf32_unicode_ci NOT NULL,
  `post_id` int(11) NOT NULL,
  `date` longtext CHARACTER SET utf8 COLLATE utf8_unicode_ci NOT NULL,
  `user_id` int(11) NOT NULL,
  `user_type` longtext CHARACTER SET utf8 COLLATE utf8_unicode_ci NOT NULL,
  `message_id` int(11) NOT NULL
) ENGINE=InnoDB DEFAULT CHARSET=latin1;

-- --------------------------------------------------------

--
-- Table structure for table `frontend`
--

CREATE TABLE `frontend` (
  `frontend_id` int(11) NOT NULL,
  `type` longtext CHARACTER SET utf8 COLLATE utf8_unicode_ci NOT NULL,
  `description` longtext CHARACTER SET utf8 COLLATE utf8_unicode_ci DEFAULT NULL
) ENGINE=MyISAM DEFAULT CHARSET=latin1;

--
-- Dumping data for table `frontend`
--

INSERT INTO `frontend` (`frontend_id`, `type`, `description`) VALUES
(1, 'home_title', 'AULA VIRTUAL NAZARETH'),
(2, 'home_subtitle', 'Es una plataforma integral que combina tecnología de vanguardia con pedagogía moderna. Diseñada para apoyar la enseñanza y el aprendizaje en un entorno digital, esta plataforma ofrece a estudiantes y profesores un espacio interactivo donde pueden conectarse, colaborar y acceder a recursos educativos de manera eficiente'),
(3, 'home_text_button_1', ''),
(4, 'home_redirect_button_1', ''),
(5, 'home_text_button_2', ''),
(6, 'home_redirect_button_2', ''),
(7, 'home_image', '63d837e65c47b2ef11289eed344bf130LOGOAULAVIRTUAL_Mesadetrabajo1.png'),
(8, 'why_us_title', 'MANTENTE INFORMADO SOBRE TU AVANCE ACADEMICO'),
(9, 'why_us_subtitle', 'CONOCE TODOS NUESTROS BENEFICIOS NAZARETH'),
(10, 'why_us_card_1_title', 'ACCESO EN LINEA'),
(11, 'why_us_card_1_description', 'Los estudiantes pueden acceder a sus cursos en línea desde cualquier lugar y en cualquier momento, lo que brinda flexibilidad a sus horarios.'),
(12, 'why_us_card_2_title', 'CONTENIDO MULTIMEDIA'),
(13, 'why_us_card_2_description', 'El Aula Virtual permite la incorporación de recursos multimedia, como videos, presentaciones y materiales interactivos, para enriquecer la experiencia de aprendizaje.'),
(14, 'why_us_card_3_title', 'COMUNICACION FACILITADA'),
(15, 'why_us_card_3_description', 'Los estudiantes pueden interactuar con profesores y compañeros a través de foros de discusión, chat y videoconferencias, fomentando la colaboración y la participación activa.'),
(16, 'why_us_bottom_title', 'TODAS LAS HERRAMIENTAS EN UNA SOLA PLATAFORMA'),
(17, 'why_us_bottom_subtitle', 'Los estudiantes y profesores pueden acceder a NAZARETHNET en cualquier momento y desde cualquier lugar, lo que facilita la colaboración y el aprendizaje en línea.'),
(18, 'principal_intro', 'IMPACTO EN LA EDUCACIÓN TÉCNICA'),
(19, 'principal_title', 'La Plataforma Aula Virtual NAZARETH '),
(20, 'principal_description', 'El Aula Virtual de NAZARETH  ha transformado la educación técnica en Perú al brindar un acceso más amplio a la enseñanza de calidad y al fomentar la adquisición de habilidades prácticas. Esta plataforma ha demostrado ser especialmente valiosa durante los desafíos globales, permitiendo la continuidad de la educación en situaciones adversas.'),
(21, 'principal_text_button', ''),
(22, 'principal_redirect_button', ''),
(23, 'principal_image', 'f75b000a5d0c2c8527ff20a37557d3aastudents.png'),
(24, 'second_intro', 'Beneficios clave de Aula Virtual NAZARETH'),
(25, 'second_title', 'Experiencia del usuario Nazareth Lover'),
(26, 'second_description', 'Acceso 24/7: Los estudiantes y profesores pueden acceder a Blackboard en cualquier momento y desde cualquier lugar, lo que facilita la colaboración y el aprendizaje en línea.\r\n\r\nGestión de cursos: La plataforma permite a los docentes crear, gestionar y personalizar sus cursos de manera efectiva.\r\n\r\nRecursos en línea: Los profesores pueden cargar materiales, tareas y recursos de aprendizaje en un solo lugar, simplificando la distribución de contenidos.\r\n\r\nInteracción: Blackboard ofrece herramientas de comunicación y colaboración, como foros, chat en vivo y videoconferencias, que fomentan la interacción entre estudiantes y profesores.\r\n\r\nEvaluación: La plataforma facilita la creación y calificación de exámenes y tareas, lo que simplifica el proceso de evaluación'),
(27, 'second_text_button', ''),
(28, 'second_redirect_button', ''),
(29, 'second_image', '4a204d903e48828c21ae2e8c7abf3227last.png'),
(30, 'about_title', 'NAZARETH ESCUELA SUPERIOR'),
(31, 'about_subtitle', 'AVALADO POR MINEDU'),
(32, 'about_text_button', ''),
(33, 'about_redirect_button', ''),
(34, 'about_image', '94a7cdb8fd2c0ab7cce615336b73a9c4last.png'),
(35, 'widget_title', 'NAZARETH ESCUELA SUPERIOR'),
(36, 'widget_subtitle', 'Todos nacemos con un talento individual que merece ser desarrollado. En NAZARETH  queremos ayudarte a lograr el máximo potencial ofreciéndote lo mejor en educación.  Para ello, apostamos por la innovación y la exigencia, con una formación internacional abierta al mundo, sin fronteras.  Es por eso que contamos con un modelo educativo único que potencia al máximo tu aprendizaje y te lleva al éxito a tráves del desarrollo y el fortalecimiento de tu talento natural, en la carrera profesional que más te apasiona.  MARCA LA DIFERENCIA EN NAZARETH..'),
(37, 'about_mission', 'NUESTRA VISIÓN'),
(38, 'about_mission_description', 'Ser líder en la educación técnica por su excelencia académica y su capacidad\r\nde innovación.'),
(39, 'about_vission', 'NUESTRA MISIÓN'),
(40, 'about_vission_description', 'Formar lideres integros e innovadores con visión empresarial para que\r\ntransformen el Perú.'),
(41, 'about_bottom_title', 'TODAS LAS HERRAMIENTAS EN UNA MISMA PLATAFORMA'),
(42, 'about_bottom_subtitle', 'CONECTATE - CHAT - APRENDE'),
(43, 'about_intro_text', 'Experiencia del usuario en '),
(44, 'about_title_1', 'NAZARETH NET'),
(45, 'about_description_1', 'Es así como los estudiantes y docentes NAZARETH , pueden acceder a una plataforma de calidad para las clases virtuales, donde pueden planificar, organizar y realizar las actividades programadas para las próximas sesiones de clases, o visualizar las grabaciones de las videoconferencias. El Aula Virtual de NAZARETH, ofrece actividades más interactivas y empáticas de comunicación para la comunidad NAZARECINA'),
(46, 'about_text_button', ''),
(47, 'about_redirect_button', ''),
(48, 'about_image_widget', '0a8faf6ff78a17c9d8dd144e2baeea62students.png'),
(49, 'footer_logo', 'e8c9c7ea7e86786b6bd19e7a4fb9194elogonazarethinstitute.png'),
(50, 'footer_text', 'Impulsamos tu Talento'),
(51, 'site_key', '6Lft9L8pAAAAAFXfdN5WLYzWPV0u_Ko8oDg5riOk'),
(52, 'secret_key', '6Lft9L8pAAAAAEQuqBKcz53XIMcN3ksK3Q-7fLVi'),
(53, 'map_contact', 'https://www.google.com/maps/embed?pb=!1m18!1m12!1m3!1d3902.2122089150153!2d-76.9368581249392!3d-12.028906688206487!2m3!1f0!2f0!3f0!3m2!1i1024!2i768!4f13.1!3m3!1m2!1s0x9105c54f3628dbd1%3A0xd19f8f87640142b8!2sNazareth%20Instituto%20de%20Belleza%20y%20Alta%20Costura!5e0!3m2!1ses-419!2spe!4v1713477503053!5m2!1ses-419!2spe');

-- --------------------------------------------------------

--
-- Table structure for table `gallery`
--

CREATE TABLE `gallery` (
  `gallery_id` int(11) NOT NULL,
  `name` longtext CHARACTER SET utf8 COLLATE utf8_unicode_ci DEFAULT NULL,
  `size` varchar(20) CHARACTER SET utf8 COLLATE utf8_unicode_ci NOT NULL,
  `date` varchar(20) CHARACTER SET utf8 COLLATE utf8_unicode_ci NOT NULL
) ENGINE=MyISAM DEFAULT CHARSET=latin1;

-- --------------------------------------------------------

--
-- Table structure for table `gamification`
--

CREATE TABLE `gamification` (
  `id` int(11) NOT NULL,
  `subject_id` int(11) NOT NULL,
  `class_id` int(11) NOT NULL,
  `section_id` int(11) NOT NULL,
  `level` int(11) DEFAULT NULL,
  `point` int(11) DEFAULT NULL,
  `description` varchar(600) DEFAULT NULL,
  `year` varchar(200) DEFAULT NULL
) ENGINE=MyISAM DEFAULT CHARSET=latin1;

--
-- Dumping data for table `gamification`
--

INSERT INTO `gamification` (`id`, `subject_id`, `class_id`, `section_id`, `level`, `point`, `description`, `year`) VALUES
(1, 9, 2, 2, 1, 100, 'EXCELENTE - CUMPLISTES LA META AL 100%', '2024'),
(2, 9, 2, 2, 2, 50, 'ESTAS EN CAMINO - PUEDES LOGRARLO 50%', '2024'),
(3, 9, 2, 2, 3, 20, 'ESTA EMPEZANDO NO TE DESANIMES', '2024'),
(4, 9, 2, 2, 4, 0, NULL, '2024'),
(5, 9, 2, 2, 5, 0, NULL, '2024'),
(6, 9, 2, 2, 6, 0, NULL, '2024'),
(7, 9, 2, 2, 7, 0, NULL, '2024'),
(8, 9, 2, 2, 8, 0, NULL, '2024'),
(9, 9, 2, 2, 9, 0, NULL, '2024'),
(10, 9, 2, 2, 10, 0, NULL, '2024'),
(11, 17, 2, 2, 1, 0, NULL, '2024'),
(12, 17, 2, 2, 2, 0, NULL, '2024'),
(13, 17, 2, 2, 3, 0, NULL, '2024'),
(14, 17, 2, 2, 4, 0, NULL, '2024'),
(15, 17, 2, 2, 5, 0, NULL, '2024'),
(16, 17, 2, 2, 6, 0, NULL, '2024'),
(17, 17, 2, 2, 7, 0, NULL, '2024'),
(18, 17, 2, 2, 8, 0, NULL, '2024'),
(19, 17, 2, 2, 9, 0, NULL, '2024'),
(20, 17, 2, 2, 10, 0, NULL, '2024'),
(21, 15, 2, 2, 1, 0, NULL, '2024'),
(22, 15, 2, 2, 2, 0, NULL, '2024'),
(23, 15, 2, 2, 3, 0, NULL, '2024'),
(24, 15, 2, 2, 4, 0, NULL, '2024'),
(25, 15, 2, 2, 5, 0, NULL, '2024'),
(26, 15, 2, 2, 6, 0, NULL, '2024'),
(27, 15, 2, 2, 7, 0, NULL, '2024'),
(28, 15, 2, 2, 8, 0, NULL, '2024'),
(29, 15, 2, 2, 9, 0, NULL, '2024'),
(30, 15, 2, 2, 10, 0, NULL, '2024'),
(31, 2, 2, 2, 1, 0, NULL, '2024'),
(32, 2, 2, 2, 2, 0, NULL, '2024'),
(33, 2, 2, 2, 3, 0, NULL, '2024'),
(34, 2, 2, 2, 4, 0, NULL, '2024'),
(35, 2, 2, 2, 5, 0, NULL, '2024'),
(36, 2, 2, 2, 6, 0, NULL, '2024'),
(37, 2, 2, 2, 7, 0, NULL, '2024'),
(38, 2, 2, 2, 8, 0, NULL, '2024'),
(39, 2, 2, 2, 9, 0, NULL, '2024'),
(40, 2, 2, 2, 10, 0, NULL, '2024');

-- --------------------------------------------------------

--
-- Table structure for table `grade`
--

CREATE TABLE `grade` (
  `grade_id` int(11) NOT NULL,
  `name` longtext COLLATE utf8_unicode_ci DEFAULT NULL,
  `grade_point` longtext COLLATE utf8_unicode_ci DEFAULT NULL,
  `mark_from` int(11) DEFAULT NULL,
  `mark_upto` int(11) DEFAULT NULL
) ENGINE=InnoDB DEFAULT CHARSET=utf8 COLLATE=utf8_unicode_ci;

--
-- Dumping data for table `grade`
--

INSERT INTO `grade` (`grade_id`, `name`, `grade_point`, `mark_from`, `mark_upto`) VALUES
(1, 'EXCELENTE  (19 - 20)', 'AD ', 190, 200),
(7, 'BUEN TRABAJO ( 16-18)', 'A', 160, 189),
(8, 'REGULAR ( 13 - 15)', 'B', 130, 159),
(17, 'DESAPROBADO ( 0 - 12)', 'C', 0, 129);

-- --------------------------------------------------------

--
-- Table structure for table `group_message`
--

CREATE TABLE `group_message` (
  `group_message_id` int(11) NOT NULL,
  `group_message_thread_code` longtext COLLATE utf8_unicode_ci DEFAULT NULL,
  `sender` longtext COLLATE utf8_unicode_ci DEFAULT NULL,
  `message` longtext COLLATE utf8_unicode_ci DEFAULT NULL,
  `timestamp` longtext COLLATE utf8_unicode_ci DEFAULT NULL,
  `read_status` int(11) DEFAULT NULL,
  `attached_file_name` longtext COLLATE utf8_unicode_ci DEFAULT NULL,
  `file_type` varchar(200) COLLATE utf8_unicode_ci DEFAULT NULL
) ENGINE=InnoDB DEFAULT CHARSET=utf8 COLLATE=utf8_unicode_ci;

-- --------------------------------------------------------

--
-- Table structure for table `group_message_thread`
--

CREATE TABLE `group_message_thread` (
  `group_message_thread_id` int(11) NOT NULL,
  `group_message_thread_code` longtext COLLATE utf8_unicode_ci DEFAULT NULL,
  `members` longtext COLLATE utf8_unicode_ci DEFAULT NULL,
  `group_name` longtext COLLATE utf8_unicode_ci DEFAULT NULL,
  `last_message_timestamp` longtext COLLATE utf8_unicode_ci DEFAULT NULL,
  `created_timestamp` longtext COLLATE utf8_unicode_ci DEFAULT NULL
) ENGINE=InnoDB DEFAULT CHARSET=utf8 COLLATE=utf8_unicode_ci;

-- --------------------------------------------------------

--
-- Table structure for table `homework`
--

CREATE TABLE `homework` (
  `homework_id` int(11) NOT NULL,
  `homework_code` longtext CHARACTER SET utf8 COLLATE utf8_unicode_ci NOT NULL,
  `title` longtext CHARACTER SET utf8 COLLATE utf8_unicode_ci NOT NULL,
  `description` longtext CHARACTER SET utf8 COLLATE utf8_unicode_ci NOT NULL,
  `class_id` int(11) NOT NULL,
  `subject_id` int(11) NOT NULL,
  `uploader_id` int(11) NOT NULL,
  `time_end` longtext CHARACTER SET utf8 COLLATE utf8_unicode_ci NOT NULL,
  `section_id` int(11) NOT NULL,
  `uploader_type` longtext CHARACTER SET utf8 COLLATE utf8_unicode_ci NOT NULL,
  `file_name` longtext CHARACTER SET utf8 COLLATE utf8_unicode_ci NOT NULL,
  `date_end` varchar(600) CHARACTER SET utf8 COLLATE utf8_unicode_ci DEFAULT NULL,
  `type` int(11) NOT NULL,
  `user` varchar(200) CHARACTER SET utf8 COLLATE utf8_unicode_ci NOT NULL,
  `status` int(11) DEFAULT NULL,
  `year` varchar(20) CHARACTER SET utf8 COLLATE utf8_unicode_ci DEFAULT NULL,
  `filesize` varchar(20) CHARACTER SET utf8 COLLATE utf8_unicode_ci DEFAULT NULL,
  `wall_type` varchar(20) CHARACTER SET utf8 COLLATE utf8_unicode_ci DEFAULT NULL,
  `publish_date` varchar(20) CHARACTER SET utf8 COLLATE utf8_unicode_ci DEFAULT NULL,
  `upload_date` varchar(20) CHARACTER SET utf8 COLLATE utf8_unicode_ci DEFAULT NULL,
  `media_type` int(11) DEFAULT NULL,
  `exp` int(11) DEFAULT NULL,
  `sync_status` int(11) DEFAULT 0,
  `attachment_name` longtext DEFAULT NULL
) ENGINE=InnoDB DEFAULT CHARSET=latin1;

--
-- Dumping data for table `homework`
--

INSERT INTO `homework` (`homework_id`, `homework_code`, `title`, `description`, `class_id`, `subject_id`, `uploader_id`, `time_end`, `section_id`, `uploader_type`, `file_name`, `date_end`, `type`, `user`, `status`, `year`, `filesize`, `wall_type`, `publish_date`, `upload_date`, `media_type`, `exp`, `sync_status`, `attachment_name`) VALUES
(2, '3db17d7e27', 'ejemplo', '&lt;p&gt;revisa la tarea&lt;/p&gt;\r\n', 2, 8, 1, '09:30', 2, 'admin', '', '03/05/2024', 2, 'admin', NULL, '2024', NULL, 'homework', '2024-03-21 14:55:40', '03/21 02:55PM', NULL, NULL, 0, NULL),
(7, '9f73f3244d', 'EJEMPLO', '&lt;p&gt;COMO CEPILLAR&lt;/p&gt;\r\n', 2, 9, 2, '09:30', 2, 'teacher', '', '04/13/2024', 1, 'admin', 1, '2024', NULL, 'homework', '2024-04-05 14:25:38', '04/05 02:25PM', 1, 10, 1, NULL),
(8, '00d0811f7e', 'ejemplo', '&lt;p&gt;tarea prueba&amp;nbsp;&lt;/p&gt;\r\n', 2, 15, 3, '09:30', 2, 'teacher', '', '04/08/2024', 2, 'teacher', 1, '2024', NULL, 'homework', '2024-04-08 17:40:49', '04/08 05:40PM', 1, 10, 1, NULL),
(9, '1b2032e816', 'prueba 2', '&lt;p&gt;prueba&amp;nbsp;&lt;/p&gt;\r\n', 2, 15, 3, '17:40', 2, 'teacher', '', '04/08/2024', 1, 'teacher', NULL, '2024', NULL, 'homework', '2024-04-08 17:43:28', '04/08 05:43PM', 2, 10, 1, NULL),
(10, '1fb78be033', 'PRUEBA', '&lt;p&gt;PRUEBA&lt;/p&gt;\r\n', 2, 16, 3, '09:30', 2, 'teacher', 'WhatsApp Image 2024-03-14 at 14.50.27.jpeg', '04/09/2024', 2, 'teacher', 1, '2024', NULL, 'homework', '2024-04-09 20:00:55', '04/09 08:00PM', 2, 10, 1, 'WhatsApp Image 2024-03-14 at 14.50.27.jpeg'),
(11, '762d9b6ed2', 'prueba', '&lt;p&gt;prueba&lt;/p&gt;\r\n', 2, 17, 2, '09:30', 2, 'teacher', 'WhatsApp Image 2024-03-14 at 14.50.27 (1).jpeg', '04/09/2024', 2, 'teacher', 1, '2024', NULL, 'homework', '2024-04-09 23:18:16', '04/09 11:18PM', 2, 10, 1, 'WhatsApp Image 2024-03-14 at 14.50.27 (1).jpeg'),
(13, '24d48badc0', 'prueba', '&lt;p&gt;pruebas&amp;nbsp;&lt;/p&gt;\r\n', 2, 2, 1, '09:30', 2, 'admin', '', '04/29/2024', 2, 'admin', 1, '2024', NULL, 'homework', '2024-04-29 12:13:07', '29/04/2024 12:13PM', 1, 100, 1, NULL),
(14, '7e96065fdb', 'TAREA SOBRE CORTE DE 0 GRADOS', '&lt;p&gt;1. HACER UN&amp;nbsp; RESUMEN&lt;/p&gt;\r\n\r\n&lt;p&gt;2. LEER DE LA PAGINA 2 A LA 50&lt;/p&gt;\r\n', 2, 17, 1, '09:30', 2, 'admin', 'SILABO DE CEPILLADO Y PLANCHADO.pdf', '05/02/2024', 2, 'admin', 1, '2024', NULL, 'homework', '2024-05-02 12:45:19', '02/05/2024 12:45PM', 1, 100, 1, 'SILABO DE CEPILLADO Y PLANCHADO.pdf'),
(15, '4b32768222', 'Tarea', '&lt;p&gt;Demo&lt;/p&gt;\r\n', 2, 17, 1, '09:30', 2, 'admin', '', '05/04/2024', 1, 'admin', NULL, '2024', NULL, 'homework', '2024-05-04 10:20:41', '04/05/2024 10:20AM', 2, 10, 1, NULL),
(17, '8e9d9d3e9a', 'pruebaa ', '&lt;p&gt;pruebaa&amp;nbsp;&lt;/p&gt;\r\n', 2, 17, 1, '09:30', 2, 'admin', '', '11/05/2024', 2, 'admin', 1, '2024', NULL, 'homework', '2024-05-11 12:30:06', '11/05/2024 12:30PM', 1, 100, 1, NULL);

-- --------------------------------------------------------

--
-- Table structure for table `homework_files`
--

CREATE TABLE `homework_files` (
  `fhomework_file_id` int(11) NOT NULL,
  `homework_code` varchar(200) CHARACTER SET utf8 COLLATE utf8_unicode_ci DEFAULT NULL,
  `delivery_id` int(11) DEFAULT NULL,
  `student_id` int(11) DEFAULT NULL,
  `file` longtext CHARACTER SET utf8 COLLATE utf8_unicode_ci DEFAULT NULL,
  `edited_file_name` longtext CHARACTER SET utf8mb4 COLLATE utf8mb4_unicode_ci DEFAULT NULL,
  `edited` int(11) DEFAULT 0,
  `attachment_name` longtext DEFAULT NULL,
  `sync_status` int(11) DEFAULT 0,
  `mime` varchar(300) CHARACTER SET utf8mb4 COLLATE utf8mb4_unicode_ci DEFAULT NULL,
  `edited_name` longtext CHARACTER SET utf8mb4 COLLATE utf8mb4_unicode_ci DEFAULT NULL
) ENGINE=MyISAM DEFAULT CHARSET=latin1;

--
-- Dumping data for table `homework_files`
--

INSERT INTO `homework_files` (`fhomework_file_id`, `homework_code`, `delivery_id`, `student_id`, `file`, `edited_file_name`, `edited`, `attachment_name`, `sync_status`, `mime`, `edited_name`) VALUES
(2, '76c8140d21', 2, 3, 'cRuqsxZJfv6G.pdf', 'edited-cRuqsxZJfv6G.pdf', 1, NULL, 0, 'application/pdf', NULL),
(3, '00d0811f7e', 3, 3, '1YXSKM-YOGifvD9Ajs_EM6z2FxGyy-nys', NULL, 0, 'COTIZ  MAMPARA SEÑORITA ELIZABETH.pdf', 1, 'application/pdf', NULL),
(4, '00d0811f7e', 3, 3, '18Y-SMGJVfLE3GAxv1cRHnL5nOkoGzouh', NULL, 0, 'COTIZ  MAMPARA SEÑORITA ELIZABETH.pdf', 0, 'application/pdf', NULL),
(14, '00d0811f7e', 3, 3, '1BnqqLB3-whT_KaKUBpFNYhclGTiUfPov', 'edited-Ukeqw9mSYdVx.pdf', 1, 'dummy.pdf', 0, 'application/pdf', 'Ukeqw9mSYdVx.pdf'),
(15, '1fb78be033', 5, 17, '1buzTlCDfKm8hrZYG3YcEUKo-8dYfE2it', NULL, 0, 'WhatsApp Image 2024-03-14 at 14.50.28 (3).jpeg', 1, 'image/jpeg', 'XNgTKAFs3ePZ.jpeg'),
(16, '78e69e4aa3', 6, 17, '1Y2TNY2BKOjpURuhqzUpIrGutU8FTNRxj', 'edited-0Il6rPZJgKVF.pdf', 1, 'SILABO DE CEPILLADO Y PLANCHADO.pdf', 1, 'application/pdf', '0Il6rPZJgKVF.pdf'),
(17, '7e96065fdb', 8, 3, '0', 'edited-DnKb3Lpg1Tic.pdf', 1, 'SILABO DE CORTE DE CABELLO.pdf', 1, 'application/pdf', 'DnKb3Lpg1Tic.pdf');

-- --------------------------------------------------------

--
-- Table structure for table `horarios_examenes`
--

CREATE TABLE `horarios_examenes` (
  `horario_id` int(11) NOT NULL,
  `class_id` int(11) NOT NULL,
  `section_id` int(11) NOT NULL,
  `subject_id` int(11) NOT NULL,
  `time_start` int(11) NOT NULL,
  `time_end` int(11) NOT NULL,
  `time_start_min` varchar(11) CHARACTER SET utf8 COLLATE utf8_unicode_ci NOT NULL,
  `time_end_min` varchar(11) CHARACTER SET utf8 COLLATE utf8_unicode_ci NOT NULL,
  `day` longtext CHARACTER SET utf8 COLLATE utf8_unicode_ci NOT NULL,
  `year` longtext CHARACTER SET utf8 COLLATE utf8_unicode_ci NOT NULL,
  `fecha` longtext CHARACTER SET utf8 COLLATE utf8_unicode_ci DEFAULT NULL,
  `teacher_id` int(11) DEFAULT NULL,
  `amstart` varchar(20) CHARACTER SET utf8 COLLATE utf8_unicode_ci DEFAULT NULL,
  `amend` varchar(20) CHARACTER SET utf8 COLLATE utf8_unicode_ci DEFAULT NULL
) ENGINE=InnoDB DEFAULT CHARSET=latin1;

-- --------------------------------------------------------

--
-- Table structure for table `invoice`
--

CREATE TABLE `invoice` (
  `invoice_id` int(11) NOT NULL,
  `student_id` int(11) NOT NULL,
  `title` longtext COLLATE utf8_unicode_ci NOT NULL,
  `description` longtext COLLATE utf8_unicode_ci NOT NULL,
  `amount` int(11) NOT NULL,
  `amount_paid` longtext COLLATE utf8_unicode_ci NOT NULL,
  `due` longtext COLLATE utf8_unicode_ci NOT NULL,
  `creation_timestamp` varchar(20) COLLATE utf8_unicode_ci NOT NULL,
  `payment_timestamp` longtext COLLATE utf8_unicode_ci DEFAULT NULL,
  `payment_method` longtext COLLATE utf8_unicode_ci DEFAULT NULL,
  `payment_details` longtext COLLATE utf8_unicode_ci DEFAULT NULL,
  `status` longtext COLLATE utf8_unicode_ci NOT NULL COMMENT 'paid or unpaid',
  `year` longtext COLLATE utf8_unicode_ci DEFAULT NULL,
  `class_id` int(11) DEFAULT NULL
) ENGINE=MyISAM DEFAULT CHARSET=utf8 COLLATE=utf8_unicode_ci;

-- --------------------------------------------------------

--
-- Table structure for table `language`
--

CREATE TABLE `language` (
  `phrase_id` int(11) NOT NULL,
  `phrase` longtext COLLATE utf8_unicode_ci NOT NULL,
  `english` longtext COLLATE utf8_unicode_ci NOT NULL,
  `spanish` longtext COLLATE utf8_unicode_ci NOT NULL,
  `portuguese` longtext COLLATE utf8_unicode_ci DEFAULT NULL,
  `hindi` longtext COLLATE utf8_unicode_ci DEFAULT NULL,
  `french` longtext COLLATE utf8_unicode_ci DEFAULT NULL,
  `serbian` longtext COLLATE utf8_unicode_ci DEFAULT NULL,
  `arabic` longtext COLLATE utf8_unicode_ci NOT NULL
) ENGINE=MyISAM DEFAULT CHARSET=utf8 COLLATE=utf8_unicode_ci;

--
-- Dumping data for table `language`
--

INSERT INTO `language` (`phrase_id`, `phrase`, `english`, `spanish`, `portuguese`, `hindi`, `french`, `serbian`, `arabic`) VALUES
(1, 'dashboard', 'Dashboard', 'Tablero', 'Painel de controle', 'डैशबोर्ड', 'Tableau de bord', 'Командна табла', 'لوحة القيادة'),
(2, 'parent', 'Parent', 'Padre', 'Pai', 'माता-पिता', 'Parent', 'Родитељ', 'الأبوين'),
(3, 'profile', 'Profile', 'Perfil', 'Perfil do usuário', 'प्रोफाइल', 'Profil', 'профил', 'الملف الشخصي'),
(4, 'logout', 'Logout', 'Cerrar sesión', 'Fechar Sessão', 'लोग आउट', 'Connectez - Out', 'одјавити се', 'الخروج'),
(5, 'messages', 'Messages', 'Mensajes', 'Postagens', 'संदेश', 'Messages', 'Поруке', 'رسائل'),
(6, 'noticeboard', 'Noticeboard', 'Noticias y Eventos', 'Quadro de notícias', 'सूचना पट्ट', 'Tableau d\'affichage', 'Огласна табла', 'لوح الإعلانات'),
(7, 'teachers', 'Teachers', 'Profesores', 'Professores', 'शिक्षकों की', 'Enseignants', 'Наставници', 'معلمون'),
(8, 'schedules', 'Schedules', 'Horarios', 'Horários', 'अनुसूचियों', 'Des horaires', 'распоред', 'جداول'),
(9, 'attendance', 'Attendance', 'Asistencia', 'Comparecimento', 'उपस्थिति', 'Présence', 'похађање', 'الحضور'),
(10, 'library', 'Library', 'Biblioteca', 'Biblioteca', 'पुस्तकालय', 'Bibliothèque', 'Библиотека', 'مكتبة'),
(11, 'marks', 'Marks', 'Calificaciones', 'Classificações', 'निशान', 'Des notes', 'оцене', 'علامات'),
(12, 'classroom', 'Classroom', 'Salon', 'Sala de aula virtual', 'कक्षा', 'Salle de classe', 'Учионица', 'قاعة الدراسة'),
(13, 'payments', 'Payments', 'Pagos', 'Pagamentos', 'भुगतान', 'Paiements', 'Плаћања', 'المدفوعات'),
(14, 'admins', 'Admins', 'Directores', 'Administradores', 'व्यवस्थापक', 'Administrateurs', 'Админс', 'مدراء'),
(15, 'students', 'Students', 'Estudiantes', 'Estudantes', 'छात्र', 'Élèves', 'студенти', 'الطلاب'),
(16, 'parents', 'Parents', 'Padres', 'Parentes', 'माता-पिता', 'Parents', 'Родитељи', 'الآباء'),
(17, 'news', 'News', 'Noticias', 'Notícia', 'समाचार', 'Nouvelles', 'Вести', 'أخبار'),
(18, 'events', 'Events', 'Eventos', 'Eventos', 'आयोजन', 'Événements', 'Догађаји', 'أحداث'),
(19, 'view_more', 'View more', 'Ver más', 'Veja mais', 'और देखो', 'Afficher plus', 'Погледај још', 'عرض المزيد'),
(20, 'online_users', 'Online users', 'Usuarios en línea', 'Usuários online', 'ऑनलाइन उपयोगकर्ता', 'Utilisateurs en ligne', 'Онлине корисници', 'مستخدمين على الهواء'),
(21, 'last_5_minutes', 'Last 5 minutes', 'Últimos 5 minutos', 'Últimos 5 minutos', 'पिछले 5 मिनट', 'Dernières 5 minutes', 'Последњих 5 минута', 'آخر 5 دقائق'),
(22, 'polls', 'Polls', 'Encuestas', 'Enquetes', 'पोल', 'Les sondages', ' Анкете', 'استطلاعات الرأي'),
(23, 'thank_you_polls', 'Thanks for your participation', 'Gracias por participar', 'Obrigado pela sua participação', 'आपकी भागीदारी के लिए धन्यवाद', 'Merci de votre participation', 'Хвала што сте учествовали', 'شكرا على مشاركتكم'),
(24, 'private_messages', 'Private messages', 'Mensajes Privados', 'Mensagens privadas', 'निजी संदेश', 'Messages privés', 'Приватне поруке', 'رسائل خاصة'),
(25, 'admin', 'Admin', 'Director', 'Administradores', 'व्यवस्थापक', 'Admin', 'Админ', 'مشرف'),
(26, 'hi', 'Hi', 'Hola', 'Oi', 'नमस्ते', 'salut', 'Здраво', 'مرحبا'),
(27, 'message_home', 'Chat, Connect and Learn', 'Chatea, Conecta y Aprende', 'Bate-papo, Conecte e Aprenda', 'चैट करें, कनेक्ट करें और जानें', 'Chat, connexion et apprentissage', 'Ћаскање се повезује и учити', 'دردشة، الاتصال والتعلم'),
(28, 'write_message', 'Write your message', 'Escribir mensaje', 'Escreva sua mensagem', 'अपना संदेश लिखें', 'Écrivez votre message', 'Писати поруке', 'اكتب رسالتك'),
(29, 'send_file', 'Send a file', 'Enviar archivo', 'Enviar um arquivo', 'एक फाइल भेजें', 'Envoyer un fichier', 'Пошаљи датотеку', 'إرسال ملف'),
(30, 'send', 'Send', 'Enviar', 'Enviar', 'भेजना', 'Envoyer', 'Пошаљи', 'إرسال'),
(31, 'receiver', 'Receiver', 'Receptor', 'Receptor', 'रिसीवर', 'Récepteur', 'Пријемник', 'المتلقي'),
(32, 'view', 'View', 'Ver', 'Visão', 'राय', 'Vue', 'поглед', 'رأي'),
(33, 'comment_success', 'Comment posted successfully', 'Comentario publicado', 'Comentários publicados com sucesso', 'टिप्पणी सफलतापूर्वक पोस्ट की गई', 'Commentaire publié avec succès', 'Коментар успех', 'تم نشر التعليق بنجاح'),
(34, 'subject', 'Subject', 'Curso', 'Sujeito', 'विषय', 'Assujettir', 'Предмет', 'موضوع'),
(35, 'teacher', 'Teacher', 'Profesor', 'Professor', 'अध्यापक', 'Prof', 'Наставник', 'مدرس'),
(36, 'send_message', 'Send message', 'Enviar mensaje', 'Enviar mensagem', 'मेसेज भेजें', 'Envoyer le message', 'Пошаљи поруку', 'إرسال رسالة'),
(37, 'class_routine', 'Class Routine', 'Horario de clases', 'Rotina de Classe', 'कक्षा सामान्य', 'Routine de classe', 'Распоред класа', 'الدرجة الروتينية'),
(38, 'exam_routine', 'Exam Routine', 'Horario de examenes', 'Rotina de exames', 'परीक्षा नियमित', 'Routine d\'examen', 'Распоред испита', 'امتحان روتيني'),
(39, 'attendance_report', 'Attendance report', 'Reporte de asistencia', 'Relatório de presenças', 'उपस्थिति विवरण', 'Rapport de présence', 'Извештај о присуству', 'تقرير الحضور'),
(40, 'month', 'Month', 'Mes', 'Mês', 'महीना', 'Mois', 'месец дана', 'شهر'),
(41, 'january', 'January', 'Enero', 'janeiro', 'जनवरी', 'janvier', 'Јануар', 'كانون الثاني'),
(42, 'february', 'February', 'Febrero', 'fevereiro', 'फरवरी', 'février', 'Фебруар', 'شهر فبراير'),
(43, 'march', 'March', 'Marzo', 'marcha', 'मार्च', 'Mars', 'Марш', 'مارس'),
(44, 'april', 'April', 'Abril', 'abril', 'अप्रैल', 'avril', 'Абрил', 'أبريل'),
(45, 'may', 'May', 'Mayo', 'mayo', 'मई', 'Mai', 'Мај', 'قد'),
(46, 'june', 'June', 'Junio', 'Junho', 'जून', 'juin', 'jyh', 'يونيو'),
(47, 'july', 'July', 'Julio', 'Julho', 'जुलाई', 'juillet', 'Јули', 'يوليو'),
(48, 'august', 'August', 'Agosto', 'agosto', 'अगस्त', 'août', 'Август', 'أغسطس'),
(49, 'september', 'September', 'Septiembre', 'setembro', 'सितंबर', 'septembre', 'септембар', 'سبتمبر'),
(50, 'october', 'October', 'Octubre', 'Outubro', 'अक्टूबर', 'octobre', 'Октобар', 'شهر اكتوبر'),
(51, 'november', 'November', 'Noviembre ', 'novembro', 'नवंबर', 'novembre', 'Новембар', 'شهر نوفمبر'),
(52, 'december', 'December', 'Diciembre', 'dezembro', 'दिसंबर', 'décembre', 'Децембар', 'ديسمبر'),
(53, 'student', 'Student', 'Estudiante', 'Aluna', 'छात्र', 'Étudiant', 'ученик', 'طالب علم'),
(54, 'select', 'Select', 'Seleccionar', 'Selecione', 'चुनते हैं', 'Sélectionner', 'Изаберите', 'تحديد'),
(55, 'generate', 'Generate', 'Generar', 'Gerar', 'उत्पन्न', 'Générer', 'Генериши', 'توفير'),
(56, 'type', 'Type', 'Tipo', 'Tipo', 'प्रकार', 'Type', 'тип', 'اكتب'),
(57, 'name', 'Name', 'Nombre', 'Nome', 'नाम', 'prénom', 'Име', 'اسم'),
(58, 'author', 'Author', 'Autor', 'Autor', 'लेखक', 'Auteur', 'Аутор', 'مؤلف'),
(59, 'description', 'Description', 'Descripción', 'Descrição', 'विवरण', 'La description', 'Опис', 'وصف'),
(60, 'status', 'Status', 'Estado', 'Status', 'स्थिति', 'Statut', 'Статус', 'الحالة'),
(61, 'price', 'Price', 'Precio', 'Preço', 'मूल्य', 'Prix', 'Цена', 'السعر'),
(62, 'download', 'Download', 'Descargar', 'Download', 'डाउनलोड', 'Télécharger', 'преузимање', 'تحميل'),
(63, 'normal', 'Normal', 'Normal', 'Normal', 'साधारण', 'Normal', 'Нормално', 'عادي'),
(64, 'no_downloaded', 'No file to download', 'No disponible', 'Nenhum arquivo para baixar', 'डाउनलोड करने के लिए कोई फ़ाइल नहीं', 'Aucun fichier à télécharger', 'није доступно', 'لا يوجد ملف لتنزيله'),
(65, 'virtual', 'Virtual', 'Virtual', 'Virtual', 'वास्तविक', 'Virtuel', 'Виртуелно', 'افتراضية'),
(66, 'roll', 'Roll ID', 'Roll ID', 'Roll ID', 'रोल आईडी', 'Roll ID', 'Ролл', 'معرف لفة'),
(67, 'class', 'Class', 'Grado', 'Classe', 'कक्षा', 'Classe', 'класа', 'صف دراسي'),
(68, 'section', 'Section', 'Sección', 'Seção', 'अनुभाग', 'Section', 'Одељак', 'الجزء'),
(69, 'mark', 'Mark', 'Nota', 'Marca', 'निशान', 'marque', 'Марк', 'علامة'),
(70, 'comment', 'Comment', 'Comentario', 'Comente', 'टिप्पणी', 'Commentaire', 'Коментар', 'تعليق'),
(71, 'view_all', 'View all', 'Ver todo', 'Ver tudo', 'सभी को देखें', 'Voir tout', 'погледати све', 'عرض الكل'),
(72, 'online_exams', 'Online exams', 'Exámenes en línea', 'Exames on-line', 'ऑनलाइन परीक्षाएं', 'Examens en ligne', 'Онлине испити', 'الامتحانات عبر الإنترنت'),
(73, 'homework', 'Homework', 'Tarea', 'Dever de casa', 'घर का पाठ', 'Devoirs', 'домаћи задатак', 'واجب منزلي'),
(74, 'study_material', 'Study material', 'Material de estudio', 'Material de estudo', 'अध्ययन सामग्री', 'Matériel d\'étude', 'Студијски материјал', 'المواد الدراسية'),
(75, 'syllabus', 'Syllabus', 'Contenidos de unidad', 'Programa de Estudos', 'पाठ्यक्रम', 'Programme', 'Садржај семестра', 'المنهج'),
(76, 'title', 'Title', 'Título', 'Título', 'शीर्षक', 'Titre', 'Наслов', 'عنوان'),
(77, 'start_date', 'Start date', 'Fecha de inicio', 'Data de início', 'आरंभ करने की तिथि', 'Date de début', 'Датум почетка', 'تاريخ البدء'),
(78, 'end_date', 'End date', 'Fecha límite', 'Data final', 'अंतिम तिथि', 'Date de fin', 'крајњи датум', 'تاريخ الانتهاء'),
(79, 'results', 'Results', 'Resultados', 'Resultados', 'परिणाम', 'Résultats', 'Резултате', 'النتائج'),
(80, 'view_results', 'View results', 'Ver resultados', 'Ver resultados', 'परिणाम देखें', 'Voir les résultats', 'Погледајте резултате', 'عرض النتائج'),
(81, 'no_data', 'No data available', 'Sin datos', 'Não há dados disponíveis', 'कोई डेटा उपलब्ध नहीं है', 'Pas de données disponibles', 'нема података', 'لا تتوافر بيانات'),
(82, 'of', 'of', 'de', 'of', 'का', 'de', 'Оф', 'من'),
(83, 'delivery_date', 'Delivery date', 'Fecha de entrega', 'Data de entrega', 'डिलीवरी की तारीख', 'Date de livraison', 'датум испоруке', 'تاريخ التسليم او الوصول'),
(84, 'details', 'Details', 'Detalles', 'Detalhes', 'विवरण', 'Détails', 'Детаље', 'تفاصيل'),
(85, 'back', 'Back', 'Regresar', 'Back', 'वापस', 'Arrière', 'назад', 'الى الخلف'),
(86, 'file', 'File', 'Archivo', 'Arquivo', 'फ़ाइल', 'Fichier', 'Филе', 'ملف'),
(87, 'no_delivered', 'Not delivered', 'No entregado', 'Não entregue', 'डिलीवर नहीं हुआ', 'Non livrés', 'Није испоручено', 'لم يتم تسليمها'),
(88, 'information', 'Information', 'Estudiantes', 'Em formação', 'जानकारी', 'Information', 'Информације', 'معلومات'),
(89, 'limit_date', 'Limit date', 'Fecha limite', 'Data-limite', 'सीमा तिथि', 'Date limite', 'Датум ограничења', 'تاريخ الحد'),
(90, 'allowed_deliveries', 'Deliveries allowed up to', 'Se permiten entregas hasta', 'Entregas permitidas até', 'तक पहुंचने की अनुमति', 'Les livraisons ont permis jusqu\'à', 'Достава је дозвољена до', 'عمليات التسليم المسموح بها تصل إلى'),
(91, 'unrated', 'Unrated', 'Sin calificar', 'Sem classificação', 'अनरेटेड', 'Non évalué', 'Унратед', 'غير مصنف'),
(92, 'teacher_comment', 'Teacher comment', 'Comentario del profesor', 'Comentário do professor', 'शिक्षक टिप्पणी', 'Commentaire de l\'enseignant', 'Коментар наставника', 'تعليق المعلم'),
(93, 'date', 'Date', 'Fecha', 'Date', 'तारीख', 'Rendez-vous amoureux', 'Датум', 'تاريخ'),
(94, 'upload_by', 'Uploaded by', 'Subido por', 'Enviado por', 'द्वारा डाली गई', 'telechargé par', 'Уплоад би', 'تم الرفع بواسطة...'),
(95, 'subject_marks', 'Subject marks', 'Calificaciones por curso', 'Marcas de assunto', 'विषय के निशान', 'Signes du sujet', 'Оцене по курсу', 'علامات الموضوع'),
(96, 'activity', 'Activity', 'Actividad', 'Atividade', 'गतिविधि', 'Activité', 'активност', 'نشاط'),
(97, 'amount', 'Amount', 'Monto', 'Montante', 'रकम', 'Montant', 'износ', 'كمية'),
(98, 'invoice', 'Invoice', 'Factura', 'Fatura', 'बीजक', 'Facture d\'achat', 'фактура', 'فاتورة'),
(99, 'make_payment', 'Make payment', 'Realizar pago', 'Faça o pagamento', 'भुगतान करो', 'Effectuer le paiement', 'извршити уплату', 'قم بالدفع'),
(100, 'pay_with_paypal', 'Pay with PayPal', 'Pagar con PayPal', 'Pagar com PayPal', 'पेपैल के साथ भुगतान करें', 'Payer avec PayPal', 'Платите уз паипал', 'الدفع بواسط باى بال'),
(101, 'view_invoice', 'View invoice', 'Ver factura', 'Ver fatura', 'चालान देखें', 'Voir la facture', 'Погледајте фактуру', 'عرض الفاتورة'),
(102, 'phone', 'Phone', 'Celular', 'telefone', 'फ़ोन', 'Téléphone', 'Телефон', 'هاتف'),
(103, 'total', 'Total', 'Total', 'Total', 'कुल', 'Total', 'Укупно', 'مجموع'),
(104, 'login', 'Login', 'Acceder', 'Entrar', 'लॉग इन करें', 'S\'identifier', 'Пријавите се', 'تسجيل الدخول'),
(105, 'username', 'Username', 'Usuario', 'Nome de usuário', 'उपयोगकर्ता नाम', 'Nom d\'utilisateur', 'корисничко име', 'اسم المستخدم'),
(106, 'password', 'Password', 'Contraseña', 'Senha', 'पासवर्ड', 'Mot de passe', 'Лозинка', 'كلمه السر'),
(107, 'register', 'Register', 'Registrarse', 'registo', 'रजिस्टर', 'registre', 'регистровати', 'تسجيل'),
(108, 'lost_password', 'Lost password', '¿Perdiste tu contraseña?', 'Senha perdida', 'पासवर्ड खो गया', 'Mot de passe perdu', 'Да ли сте изгубили лозинку?', 'كلمة مرور مفقودة'),
(109, 'create_account', 'Create an account', 'Crear cuenta', 'Crie a sua conta aqui', 'खाता बनाएं', 'Créer un compte', 'Региструј се', 'انشئ حساب'),
(110, 'email', 'Email', 'Correo', 'O email', 'ईमेल', 'Email', 'Емаил', 'البريد الإلكتروني'),
(111, 'address', 'Address', 'Dirección', 'Endereço', 'पता', 'Adresse', 'Адреса', 'عنوان'),
(112, 'birthday', 'Birthday', 'Cumpleaños', 'Aniversário', 'जन्मदिन', 'Anniversaire', 'Рођендан', 'عيد الميلاد'),
(113, 'gender', 'Gender', 'Género', 'Gênero', 'लिंग', 'Le genre', 'Пол', 'جنس'),
(114, 'male', 'Male', 'Masculino', 'Masculino', 'नर', 'Mâle', 'Мушки', 'الذكر'),
(115, 'female', 'Female', 'Femenino', 'Fêmea', 'महिला', 'Femelle', 'зенски пол', 'إناثا'),
(116, 'profession', 'Profession', 'Profesión', 'Profissão', 'व्यवसाय', 'Métier', 'Професија', 'مهنة'),
(117, 'recover_your_password', 'Recover your password', 'Recupera tu contraseña', 'Recupere sua senha', 'पासवर्ड पुनः प्राप्त करना', 'Récupérez votre mot de passe', 'Опоравите своју лозинку', 'استعادة كلمة المرور'),
(118, 'enter_email', 'Enter your email', 'Ingresa tu correo', 'Insira seu email', 'अपना ईमेल दर्ज करें', 'Entrer votre Email', 'Унесите пошту', 'أدخل بريدك الإلكتروني'),
(119, 'recover', 'Recover', 'Recuperar', 'Recuperar', 'वसूली', 'Récupérer', 'опоравити се', 'استعادة'),
(120, 'invalid_data', 'Invalid information', 'Datos incorrectos, verifique y vuelva a intentar', 'Informação inválida', 'अमान्य जानकारी', 'Informations invalides', 'Неисправни подаци, молимо проверите и покушајте поново', 'معلومات غير صالحة'),
(121, 'subjects', 'Subjects', 'Cursos', 'assuntos', 'विषय', 'Sujets', 'Теме', 'المواضيع'),
(122, 'permissions', 'Permissions', 'Permisos', 'Permissões', 'अनुमतियां', 'Autorisations', 'Дозволе', 'أذونات'),
(123, 'teacher_report', 'Teacher reports', 'Reporte de profesores', 'Relatórios dos professores', 'शिक्षक की रिपोर्ट', 'Rapports des enseignants', 'Извјештај учитеља', 'تقارير المعلم'),
(124, 'private_message', 'Private messages', 'Mensajes privados', 'Mensagens privadas', 'निजी संदेश', 'Messages privés', 'приватна порука', 'رسائل خاصة'),
(125, 'your_marks', 'Your marks', 'Tus calificaciones', 'Suas marcas', 'आपके अंक', 'Vos marques', 'Ваша квалификација', 'علاماتك'),
(126, 'print', 'Print', 'Imprimir ', 'Impressão', 'छाप', 'Impression', 'Принт', 'طباعة'),
(127, 'forum', 'Forum', 'Foro', 'Fórum', 'मंच', 'Forum', 'Форум', 'المنتدى'),
(128, 'options', 'Options', 'Opciones', 'Opções', 'विकल्प', 'Options', 'Опције', 'خيارات'),
(129, 'exam_finish', 'Finish exam', 'El examen ha finalizado', 'Termine o exame', 'परीक्षा समाप्त करें', 'Fin de l\'examen', 'Испит је завршен', 'إنهاء الامتحان'),
(130, 'exam_results', 'Exam results', 'Resultados del examen', 'Resultados dos exames', 'परीक्षा के परिणाम', 'Résultats d\'examen', 'Резултати испита', 'نتائج الامتحانات'),
(131, 'question', 'Question', 'Pregunta', 'Questão', 'प्रश्न', 'Question', 'Питање', 'سؤال'),
(132, 'correct_answer', 'Correct answer', 'Respuesta correcta', 'Resposta correta', 'सही उत्तर', 'Bonne réponse', 'тачан одговор', 'اجابة صحيحة'),
(133, 'answer', 'Answer', 'Respuesta', 'Responda', 'उत्तर', 'Répondre', 'одговор', 'إجابة'),
(134, 'no_response', 'Unanswered', 'Sin responder', 'Sem resposta', 'अनुत्तरित', 'Sans réponse', 'без одговора', 'لم يتم الرد عليها'),
(135, 'solved_in', 'Solved in', 'Resuelto en', 'Resolvido em', 'में हल', 'Résolu dans', 'Решено', 'حلها في'),
(136, 'correct_answers', 'Correct answers', 'Respuestas correctas', 'Respostas corretas', 'सही उत्तर', 'Bonnes réponses', 'Тачне одговоре', 'الإجابات الصحيحة'),
(137, 'average', 'Average', 'Promedio', 'Média', 'औसत', 'Moyenne', 'просек', 'معدل'),
(138, 'homework_details', 'Homework details', 'Detalles de la tarea', 'Detalhes do dever de casa', 'होमवर्क विवरण', 'Détail des devoirs', 'Домаћи детаљи', 'تفاصيل الواجبات المنزلية'),
(139, 'send_teacher_comment', 'Send a comment to the teacher', 'Enviar un comentario al profesor', 'Envie um comentário ao professor', 'शिक्षक को एक टिप्पणी भेजें', 'Envoyer un commentaire à l\'enseignant', 'Пошаљите коментар наставнику', 'إرسال تعليق إلى المعلم'),
(140, 'premissions', 'ss', 'Permisos', '', '', '', 'Дозволе', 'أذونات'),
(141, 'apply', 'Apply', 'Aplicar', 'Aplique', 'लागू करें', 'Appliquer', 'Аплиразлог', 'تطبيق'),
(142, 'reason', 'Reason', 'Motivo', 'Razão', 'कारण', 'Raison', 'разлог', 'السبب'),
(143, 'from', 'From', 'Desde', 'A partir de', 'से', 'De', 'Од', 'من عند'),
(144, 'until', 'Until', 'Hasta', 'Até', 'जब तक', 'Jusqu\'à', 'све док', 'حتى'),
(145, 'approved', 'Approved', 'Aprobado', 'Aprovado', 'मंजूर की', 'Approuvé', 'Одобрен', 'وافق'),
(146, 'rejected', 'Rejected', 'Rechazado', 'Rejeitado', 'अस्वीकृत', 'Rejeté', 'одбијен', 'مرفوض'),
(147, 'create', 'Create', 'Crear', 'Crio', 'सर्जन करना', 'Créer', 'Створити', 'خلق'),
(148, 'code', 'Code', 'Código', 'Código', 'कोड', 'Code', 'Код', 'الشفرة'),
(149, 'priority', 'Priority', 'Prioridad', 'Prioridade', 'प्राथमिकता', 'Priorité', 'Приоритет', 'أفضلية'),
(150, 'high', 'High', 'Alta', 'Alto', 'उच्च', 'Haute', 'Високо', 'متوسط'),
(151, 'pending', 'Pending', 'Pendiente', 'Pendente', 'अपूर्ण', 'en attendant', 'У току', 'قيد الانتظار'),
(152, 'create_teacher_report', 'Create teacher report', 'Nuevo reporte de profesor', 'Criar relatório do professor', 'शिक्षक रिपोर्ट बनाएं', 'Créer un rapport d\'enseignant', 'Нови извештај учитеља', 'إنشاء تقرير المعلم'),
(153, 'report', 'Report', 'Reporte', 'Relatório', 'रिपोर्ट', 'rapport', 'извештај', 'أبلغ عن'),
(154, 'low', 'Low', 'Baja', 'Baixo', 'कम', 'Faible', 'Ниско', 'منخفض'),
(155, 'middle', 'Middle', 'Media', 'Meio', 'मध्य', 'Milieu', 'Средњи', 'وسط'),
(156, 'files', 'Files', 'Archivos', 'arquivos', 'फ़ाइलें', 'Des dossiers', 'фајлови', 'ملفات'),
(157, 'view_report', 'View report', 'Ver reporte', 'Exibir relatório', 'रिपोर्ट देखें', 'Voir le rapport', 'Погледај извештај', 'عرض التقرير'),
(158, 'active', 'Active', 'Activo', 'Ativo', 'सक्रिय', 'actif', 'Активан', 'نشيط'),
(159, 'personal_information', 'Personal information', 'Información personal', 'Informação pessoal', 'व्यक्तिगत जानकारी', 'Informations personnelles', 'лична информација', 'معلومات شخصية'),
(160, 'update_password', 'Update password', 'Actualizar contraseña', 'Atualizar senha', 'पासवर्ड अपडेट करें', 'Update password', 'Ажурирање лозинке', 'تطوير كلمة السر'),
(161, 'photo', 'Profile Photo', 'Fotografía', 'Foto de perfil', 'प्रोफाइल फोटो', 'Photo de profil', 'Фотографије', 'صورة الملف الشخصي'),
(162, 'update', 'Update', 'Actualizar', 'Atualizar', 'अद्यतन', 'Mettre à jour', 'ажурирање', 'تحديث'),
(163, 'take_exam', 'Take exam', 'Tomar examen', 'Fazer exame', 'परीक्षा लो', 'Passer un examen', 'полаже испит', 'خذ الامتحان'),
(164, 'total_questions', 'Total Questions', 'Preguntas totales', 'Perguntas totais', 'कुल सवाल', 'Total des questions', 'Укупно питање', 'مجموع الأسئلة'),
(165, 'duration', 'Duration', 'Duración', 'Duração', 'अवधि', 'Durée', 'трајање', 'المدة الزمنية'),
(166, 'minutes', 'minutes', 'minutos', 'minutos', 'मिनट', 'minutes', 'минута', 'الدقائق'),
(167, 'average_required', 'Average required', 'Promedio requerido', 'Média requerida', 'औसत आवश्यक', 'Moyenne requise', 'Потребан просек', 'متوسط المطلوب'),
(168, 'answer_all_questions', 'Answer all the questions before sending your exam.', 'Asegúrate de responder todas las preguntas antes de finalizar', 'Responda todas as perguntas antes de enviar seu exame', 'अपनी परीक्षा भेजने से पहले सभी प्रश्नों का उत्तर दें', 'Répondez à toutes les questions avant d\'envoyer votre examen.', 'Обавезно одговорите на сва питања пре него што завршите', 'أجب عن جميع الأسئلة قبل إرسال الامتحان.'),
(169, 'finish_message', 'When finished your results will be displayed automatically', 'Al finalizar se mostrarán tus resultados automáticamente', 'Quando terminar, seus resultados serão exibidos automaticamente', 'जब आपका परिणाम समाप्त हो जाए तो स्वचालित रूप से प्रदर्शित किया जाएगा', 'Une fois les résultats terminés, vos résultats s\'affichent automatiquement', 'Кад завршите, резултати ће се аутоматски приказивати', 'عند الانتهاء سيتم عرض النتائج تلقائيا'),
(170, 'important', 'IMPORTANT', 'IMPORTANTE', 'IMPORTANTE', 'जरूरी', 'IMPORTANT', 'Важно', 'مهم'),
(171, 'important_message', 'At the end of the exam, be sure to click on the End exam button, which is located on the top left', 'Al finalizar el examen asegúrate de hacer click en el botón Finaliza examen, que se encuentra en la parte superior izquierda', 'No final do exame, certifique-se de clicar no botão Executar final, que está localizado na parte superior esquerda', 'परीक्षा के अंत में, अंत परीक्षा बटन पर क्लिक करना सुनिश्चित करें, जो ऊपर बाईं ओर स्थित है', 'À la fin de l\'examen, assurez-vous de cliquer sur le bouton Fin de l\'examen, situé en haut à gauche', 'На крају испита обавезно кликните на дугме Заврши испит који се налази на врху', 'في نهاية الامتحان، تأكد من النقر على زر اختبار النهاية، والذي يقع أعلى اليمين'),
(172, 'start_exam', 'Start exam', 'Iniciar examen', 'Iniciar exame', 'प्रारंभिक परीक्षा', 'Examen de départ', 'Започните испит', 'بدء الاختبار'),
(173, 'online_exam', 'Online exam', 'Examen en línea', 'Exame on-line', 'ऑनलाइन परीक्षा', 'Examen en ligne', 'Онлине испит', 'الامتحان عبر الإنترنت'),
(174, 'time_left', 'Time left', 'Tiempo restante', 'Tempo restante', 'शेष समय', 'Temps restant', 'Преостало време', 'الوقت المتبقي'),
(175, 'finish_exam', 'Finish exam', 'Finalizar examen', 'Termine o exame', 'परीक्षा समाप्त करें', 'Fin de l\'examen', 'Завршни испит', 'إنهاء الامتحان'),
(176, 'success', 'Success', 'Exito', 'Sucesso', 'सफलता', 'Succès', 'Успех', 'نجاح'),
(177, 'success_delivery', 'Has been delivered', 'Has entregado esta tarea correctamente', 'Foi entregue', 'पहुँचा दिया गया है', 'A été livré', 'Успешно сте обавили овај задатак', 'تم تسليمها'),
(178, 'submitted_for_review', 'Submitted for review', 'Enviada para revisión', 'Enviado para revisão', 'समीक्षा के लिए सबमिट किया गया', 'Soumis pour examen', 'Поднесене на разматрање', 'تم تقديمه للمراجعة'),
(179, 'no_required', 'This task does not require you to submit a file, you can respond in the text box below.', 'Esta tarea no requiere que envíes un archivo en línea, puedes resolverla en el siguiente cuadro de texto, cuando finalices haz click en enviar', 'Não exigido', 'आवश्यक नहीं', 'Non requis', 'Овај задатак не захтева од вас да пошаљете датотеку на мрежи, можете је ријешити у сљедећем текстуалном пољу, када завршите са кликом на слање', 'لا حاجة'),
(180, 'users', 'Users', 'Usuarios', 'Users', 'उपयोगकर्ता', 'Utilisateurs', 'Корисници', 'المستخدمين'),
(181, 'notifications', 'Notifications', 'Notificaciones', 'Notificações', 'सूचनाएं', 'Notifications', 'Обавештења', 'إخطارات'),
(182, 'behavior', 'Behavior', 'Disciplina', 'Comportamento', 'व्यवहार', 'Comportement', 'Понашање', 'سلوك'),
(183, 'accounting', 'Accounting', 'Contabilidad', 'Contabilidade', 'लेखांकन', 'Comptabilité', 'Рачуноводство', 'محاسبة'),
(184, 'teacher_files', 'Teacher files', 'Archivos para profesores', 'Arquivos de professores', 'शिक्षक फाइलें', 'Fichiers d\'enseignant', 'Наставничке датотеке', 'ملفات المعلم'),
(185, 'classrooms', 'Classrooms', 'Salones de clases', 'Salas de aula', 'कक्षाओं', 'Salles de classe', 'Учионице', 'الفصول الدراسية'),
(186, 'school_bus', 'School bus', 'Bus escolar', 'Ônibus escolar', 'स्कूल बस', 'Bus scolaire', 'школски аутобус', 'باص المدرسة'),
(187, 'system_settings', 'System Settings', 'Ajustes del sistema', 'Configurações de sistema', 'प्रणाली व्यवस्था', 'Les paramètres du système', 'Подешавања система', 'اعدادات النظام'),
(188, 'academic_settings', 'Academic Settings', 'Ajustes académicos', 'Configurações acadêmicas', 'अकादमिक सेटिंग्स', 'Paramètres académiques', 'Академске поставке', 'الإعدادات الأكاديمية'),
(189, 'add_student', 'Add student', 'Agregar estudiante', 'Adicionar aluno', 'छात्र जोड़ें', 'Ajouter un étudiant', 'Додајте ученике', 'إضافة طالب'),
(190, 'admissions', 'Admissions', 'Admisiones', 'Admissões', 'प्रवेश', 'Admissions', 'Пријем', 'القبول'),
(191, 'students_area', 'Students area', 'Area de estudiantes', 'Área de estudantes', 'छात्र क्षेत्र', 'Zone étudiante', 'Подручје студената', 'Students area'),
(192, 'student_portal', 'Student portal', 'Portal de estudiantes', 'Portal do estudante', 'विद्यार्थी पोर्टल', 'Portail étudiant', 'Студентски портал', 'البوابة طالب'),
(193, 'upload_marks', 'Upload marks', 'Subir calificaciones', 'Fazer upload de marcas', 'अंकों को अपलोड करें', 'Télécharger des marques', 'Квалификација отпреме', 'علامات التحميل'),
(194, 'tabulation_sheet', 'Tabulation sheet', 'Hoja de tabulación', 'Folha de tabulação', 'सारणी पत्र', 'Feuille de tabulation', 'Табеларни лист', 'جدول تبويب'),
(195, 'teacher_attendance', 'Teacher attendance', 'Asistencia de profesores', 'Assistência dos professores', 'शिक्षक उपस्थिति', 'Participation des enseignantsRapport de présence de l\'enseignant', 'Присуство наставника', 'حضور المعلم'),
(196, 'teacher_attendance_report', 'Teacher attendance report', 'Reporte de asistencia de profesores', 'Relatório de comparecimento de professores', 'शिक्षक उपस्थिति रिपोर्ट', 'Rapport de présence de l\'enseignant', 'Извештај о присуству наставника', 'تقرير حضور المدرسين'),
(197, 'teacher_routine', 'Teacher routine', 'Horario de profesores', 'Rotina dos professores', 'शिक्षक दिनचर्या', 'La routine des enseignants', 'Наставник рутина', 'روتين المعلم'),
(198, 'send_news', 'Send news', 'Enviar noticias', 'Enviar notícias', 'समाचार भेजें', 'Envoyer des nouvelles', 'Пошаљи вести', 'إرسال الأخبار'),
(199, 'add_event', 'Add event', 'Agregar evento', 'Adicionar Evento', 'कार्यक्रम जोड़ें', 'Ajouter un évènement', 'Додајте догађај', 'إضافة حدث'),
(200, 'update_book', 'Update book', 'Actualizar libro', 'Atualizar livro', 'अद्यतन किताब', 'Mettre à jour le livre', 'Ажурирање књиге', 'تحديث الكتاب'),
(201, 'student_permissions', 'Student permissions', 'Permisos de estudiantes', 'Permissões do aluno', 'छात्र अनुमतियाँ', 'Autorisations d\'élève', 'Студентске дозволе', 'أذونات الطالب'),
(202, 'teacher_permissions', 'Teacher permissions', 'Permisos de profesores', 'Permissões do professor', 'शिक्षक अनुमतियां', 'Autorisations d\'enseignant', 'Студентске дозволе', 'أذونات المعلم'),
(203, 'student_payments', 'Student payments', 'Pagos de estudiantes', 'Pagamentos de estudantes', 'छात्र भुगतान', 'Paiements aux étudiants', 'Студентска уплата', 'دفعات الطالب'),
(204, 'expense', 'Expense', 'Egresos', 'Despesa', 'व्यय', 'Frais', 'Трошак', 'مصروف'),
(205, 'poll_details', 'Poll details', 'Detalles de la encuesta', 'Detalhes da pesquisa', 'पोल विवरण', 'Détails du sondage', 'Детаљи истраживања', 'تفاصيل الاستطلاع'),
(206, 'sms', 'SMS', 'SMS', 'SMS', 'एसएमएस', 'SMS', 'CMC', 'رسالة قصيرة'),
(207, 'email_settings', 'Email settings', 'Ajustes de correo', 'Configurações de e-mail', 'ईमेल सेटिंग्स', 'Paramètres de messagerie', 'Поставке е-поште', 'إعدادات البريد الإلكتروني'),
(208, 'translate', 'Translate', 'Traducción', 'Traduzir', 'अनुवाद करना', 'Traduire', 'превести', 'ترجمه'),
(209, 'database', 'Database', 'Base de datos', 'Base de dados', 'डेटाबेस', 'Base de données', 'база података', 'قاعدة البيانات'),
(210, 'manage_class', 'Manage classes', 'Grados', 'Gerenciar aulas', 'कक्षाएं प्रबंधित करें', 'Gérer les cours', 'Менаџер класе', 'إدارة الطبقات'),
(211, 'sections', 'Sections', 'Secciones', 'Seções', 'धारा', 'Sections', 'Одељак', 'الأقسام'),
(212, 'semesters', 'Semesters', 'Unidades', 'Semestres', 'सेमेस्टर', 'Semestres', 'Семестре', 'فصول دراسية'),
(213, 'student_promotion', 'Student promotion', 'Promover estudiantes', 'Promoção estudantil', 'छात्र पदोन्नति', 'Promotion étudiante', 'Промоција студената', 'ترقية الطلاب'),
(214, 'event', 'Event', 'Evento', 'Evento', 'घटना', 'un événement', 'Догађај', 'هدف'),
(215, 'pending_users', 'Pending users', 'Usuarios pendientes', 'Usuários pendentes', 'लंबित उपयोगकर्ता', 'Les utilisateurs en attente', 'Очекивани корисници', 'المستخدمون في انتظار المراجعة'),
(216, 'new', 'New', 'Nuevo', 'Novo', 'नया', 'Nouveau', 'Ново', 'الجديد'),
(217, 'account_type', 'Account type', 'Tipo de cuenta', 'Tipo de conta', 'खाते का प्रकार', 'Type de compte', 'Тип рачуна', 'نوع الحساب'),
(218, 'super_admin', 'Super admin', 'Propietario', 'Super admin', 'सुपर व्यवस्थापक', 'Super admin', 'Супер админ', 'سوبر المشرف'),
(219, 'delete', 'Delete', 'Eliminar', 'Excluir', 'हटाना', 'Effacer', 'Избрисати', 'حذف'),
(220, 'add_new', 'Add new', 'Agregar nuevo', 'Adicionar novo', 'नया जोड़ें', 'Ajouter un nouveau', 'Додај нови', 'اضف جديد'),
(221, 'upload', 'Upload', 'Subir', 'Envio', 'अपलोड', 'Télécharger', 'отпремити', 'تحميل'),
(222, 'save', 'Save', 'Guardar', 'Salve', 'बचाना', 'sauvegarder', 'сачувати', 'حفظ'),
(223, 'salary', 'Salary', 'Salario', 'Salário', 'वेतन', 'Un salaire', 'Плата', 'راتب'),
(224, 'add', 'Add', 'Agregar', 'Adicionar', 'जोड़ना', 'Ajouter', 'додати', 'إضافة'),
(225, 'single_student', 'Single Student', 'Estudiante individual', 'Único estudante', 'एकल छात्र', 'Étudiant unique', 'Један студент', 'طالب واحد'),
(226, 'student_bulk', 'Student bulk', 'Múltiples estudiantes', 'Student bulk', 'छात्र थोक', 'Élève en vrac', 'Више ученика', 'الطالب الأكبر'),
(227, 'excel_import', 'Import from excel', 'Importar desde excel', 'Importar do excel', 'एक्सेल से आयात करें', 'Importation depuis Excel', 'Екцел импорт', 'تسجيل النموذج'),
(228, 'register_form', 'Register form', 'Formulario de registro', 'Formulário de registro', 'रजिस्टर फॉर्म', 'Formulaire d\'inscription', 'Регистарски образац', 'أضف المزيد'),
(229, 'add_more', 'Add more', 'Agregar más', 'Adicione mais', 'अधिक जोड़ें', 'Ajouter plus', 'Додај још', 'أضف المزيد'),
(230, 'download_model', 'Download model', 'Descargar modelo', 'Baixar modelo', 'डाउनलोड मॉडल', 'Télécharger le modèle', 'Довнлоад модел', 'تحميل النموذج'),
(231, 'import', 'Import', 'Importar ', 'Importar', 'आयात', 'Importer', 'увоз', 'استيراد'),
(232, 'accept', 'Accept', 'Aceptar', 'Aceitar', 'स्वीकार करना', 'Acceptez', 'Прихватити', 'قبول'),
(233, 'reject', 'Reject', 'Rechazar', 'Rejeitar', 'अस्वीकार', 'Rejeter', 'одбити', 'رفض'),
(234, 'new_password', 'New password', 'Nueva contrasela', 'Nova senha', 'नया पासवर्ड', 'Nouveau mot de passe', 'Нова лозинка', 'كلمة السر الجديدة'),
(235, 'assigned_subjects', 'Assigned Subjects', 'Cursos asignados', 'Assuntos Assinados', 'सौंपा विषय', 'Sujets assignés', 'Додељени предмети', 'الموضوعات المخصصة'),
(236, 'assigned_students', 'Assigned Students', 'Estudiantes asignados', 'Alunos Atribuídos', 'असाइन किए गए छात्र', 'Étudiants affectés', 'Додијељени студенти', 'الطلاب المعينين'),
(237, 'all', 'All', 'Todos', 'Todos', 'सब', 'Tout', 'све', 'الكل'),
(238, 'addres', 'Address', 'Dirección', 'Endereço', 'पता', 'Adresse', 'Адреса', 'عنوان'),
(239, 'inactive', 'Inactive', 'Inactivo', 'Inativo', 'निष्क्रिय', 'Inactif', 'Неактиван', 'غير نشط'),
(240, 'semester', 'Semester', 'Unidad', 'Semestre', 'छमाही', 'Semestre', 'Семестар', 'نصف السنة'),
(241, 'update_activities', 'Update activities', 'Actualizar acividades', 'Atualizar atividades', 'गतिविधियों को अपडेट करें', 'Activités de mise à jour', 'Активности ажурирања', 'تحديث الأنشطة'),
(242, 'student_attendance_report', 'Student Attendance Report', 'Reporte de asistencia estudiantes', 'Relatório de presença de estudantes', 'छात्र उपस्थिति रिपोर्ट', 'Rapport de présence des étudiants', 'Извештај о ученику', 'تقرير حضور الطالب'),
(243, 'present', 'Present', 'Presente', 'Presente', 'वर्तमान', 'Présent', 'поклон', 'حاضر'),
(244, 'late', 'Late', 'Tarde', 'Atrasado', 'देर से', 'En retard', 'Касни', 'متأخر'),
(245, 'absent', 'Absent', 'Ausente', 'Ausente', 'अनुपस्थित', 'Absent', 'Одсутан', 'غائب'),
(246, 'add_class_routine', 'Add class routine', 'Agregar horario de clases', 'Adicionar rotina de classe', 'क्लास रूटीन जोड़ें', 'Ajouter une routine de classe', 'Додајте распоред распореда', 'إضافة روتين الطبقة'),
(247, 'day', 'Day', 'Día', 'Dia', 'दिन', 'journée', 'Дан', 'يوم'),
(248, 'monday', 'Monday', 'Lunes', 'Segunda-feira', 'सोमवार', 'Lundi', 'Понедељак', 'الإثنين'),
(249, 'tuesday', 'Tuesday', 'Martes', 'terça', 'मंगलवार', 'Mardi', 'Уторак', 'الثلاثاء'),
(250, 'wednesday', 'Wednesday', 'Miércoles', 'Quarta-feira', 'बुधवार', 'Mercredi', 'Среда', 'الأربعاء'),
(251, 'thursday', '', 'Jueves', 'Quinta-feira', 'गुरूवार', 'Jeudi', 'Четвртак', 'الخميس'),
(252, 'time_start', 'Time start', 'Hora de inicio', 'Início do tempo', 'समय प्रारंभ', 'Démarrage du temps', 'Почетак времена', 'بداية الوقت'),
(253, 'hour', 'Hour', 'Hora', 'Hora', 'घंटा', 'Heure', 'Сат', 'ساعة'),
(254, 'time_end', 'Time end', 'Hora final', 'Fim do tempo', 'समय समाप्ति', 'Fin du temps', 'Временски крај', 'نهاية الوقت'),
(255, 'friday', '', 'Viernes', 'Sexta-feira', 'शुक्रवार', 'Vendredi', 'Петак', 'يوم الجمعة'),
(256, 'add_news', 'Add news', 'Agregar noticia', 'Adicione notícias', 'समाचार जोड़ें', 'Ajouter des nouvelles', 'Додајте вести', 'إضافة أخبار'),
(257, 'edit', 'Edit', 'Editar', 'Editar', 'संपादित करें', 'modifier', 'Уредити', 'تصحيح'),
(258, 'update_news', 'Update news', 'Actualizar noticia', 'Atualizar notícias', 'न्यूज अपडेट करें', 'Actualiser les nouvelles', 'Ажурирајте вести', 'آخر الأخبار'),
(259, 'featured_image', 'Featured image', 'Imagen destacada', 'Imagem em destaque', 'निरूपित चित्र', 'L\'image sélectionnée', 'садржавана слика', 'صورة مميزة'),
(260, 'notice', 'Notice', 'Noticia', 'Aviso prévio', 'नोटिस', 'Remarquer', 'објава', 'تنويه'),
(261, 'add_book', 'Add book', 'Agregar libro', 'Adicionar livro', 'पुस्तक जोड़ें', 'Ajouter un livre', 'Додајте књигу', 'إضافة كتاب'),
(262, 'available', 'Available', 'Disponible', 'acessível', 'उपलब्ध', 'Disponible', 'доступан', 'متاح'),
(263, 'unavailable', 'Unavailable', 'No disponible', 'Indisponível', 'अनुपलब्ध', 'Indisponible', 'Недоступан', 'غير متوفره'),
(264, 'book', 'Book', 'Libro', 'Livro', 'किताब', 'Livre', 'Књига', 'كتاب'),
(265, 'image', 'Image', 'Imagen', 'Imagem', 'छवि', 'Image', 'слика', 'صورة'),
(266, 'other', 'Other', 'Otros', 'De outros', 'अन्य', 'Autre', 'Други', 'آخر'),
(267, 'reports', 'Reports', 'Reportes', 'Relatórios', 'रिपोर्ट', 'Rapports', 'извештаји', 'تقارير'),
(268, 'student_reports', 'Student reports', 'Reporte de estudiantes', 'Relatórios estudantis', 'छात्र रिपोर्ट', 'Rapports d\'étudiants', 'Студентски извештаји', 'تقارير الطالب'),
(269, 'create_report', 'Create report', 'Crear reporte', 'Criar relatório', 'रिपोर्ट बनाएं', 'Creer un rapport', 'Креирајте извештај', 'إنشاء تقرير'),
(270, 'created_by', 'Created by', 'Creado por', 'Criado por', 'के द्वारा बनाई गई', 'Créé par', 'Креирана од стране', 'صنع من قبل'),
(271, 'teacher_reports', 'Teacher reports', 'Reporte de profesores', 'Relatórios dos professores', 'शिक्षक की रिपोर्ट', 'Rapports des enseignants', 'Извјештај учитеља', 'تقارير المعلم'),
(272, 'medium', 'Medium', 'Media', 'Médio', 'मध्यम', 'Moyen', 'Средња', 'متوسط'),
(273, 'upload_file', 'Upload file', 'Subir archivo', 'Subir arquivo', 'दस्तावेज अपलोड करें', 'Téléverser un fichier', 'отпреми датотекуc', 'رفع ملفتفاصيل التقرير'),
(274, 'report_details', 'Report details', 'Detalles del reporte', 'Informar detalhes', 'रिपोर्ट का विवरण', 'Signaler des détails', 'Извештај детаље', 'تفاصيل التقرير'),
(275, 'mark_solved', 'Mark as resolved', 'Marcar como resuelto', 'Marcar como resolvido', 'सही के रूप में चिन्हित करो', 'Marquer comme résolu', 'Означи као ријешено', 'وضع علامة على أنه تم حلها'),
(276, 'user_report', 'Created by', 'Usuario que reporta', 'Reporting User', 'रिपोर्टिंग उपयोगकर्ता', 'Reporting utilisateur', 'Кориснички извештај', 'الإبلاغ عن المستخدم'),
(277, 'user', 'User', 'Usuario', 'Do utilizador', 'उपयोगकर्ता', 'Utilisateur', 'Корисник', 'المستعمل'),
(278, 'no_options', 'No options', 'No hay opciones', 'Sem opções', 'कोई विकल्प नहीं', 'Aucune option', 'Нема опција', 'لا توجد خيارات'),
(279, 'invoice_details', 'Invoice details', 'Detalles de la factura', 'Detalhes da factura', 'चालान विवरण', 'Détails de la facture', 'Детаљи фактуре', 'تفاصيل الفاتورة'),
(280, 'payment_details', 'Payment details', 'Detalles del pago', 'Detalhes do pagamento', 'भुगतान विवरण', 'Détails de paiement', 'Подаци о плаћању', 'بيانات الدفع'),
(281, 'completed', 'Completed', 'Completado', 'Concluído', 'पूरा कर लिया है', 'Terminé', 'Завршено', 'منجز'),
(282, 'method', 'Method', 'Método', 'Método', 'तरीका', 'méthode', 'Метода', 'طريقة'),
(283, 'card', 'Card', 'Tarjeta', 'Cartão', 'कार्ड', 'Carte', 'Картица', 'بطاقة'),
(284, 'cash', 'Cash', 'Efectivo', 'Dinheiro', 'कैश', 'En espèces', 'Готовина', 'السيولة النقدية'),
(285, 'check', 'Check', 'Cheque', 'Check', 'चेक', 'Vérifier', 'Провери', 'التحقق من'),
(286, 'create_invoice', 'Create invoice', 'Crear factura', 'Criar recibo', 'इनवॉयस बनाएँ', 'Créer une facture', 'Креирајте фактуру', 'إنشاء فاتورة'),
(287, 'new_payment', 'New payment', 'Nuevo pago', 'Novo pagamento', 'नया भुगतान', 'Nouveau paiement', 'Нова уплата', 'دفعة جديدة'),
(288, 'expenses', 'Expenses', 'Egresos', 'Despesas', 'व्यय', 'Dépenses', 'трошкови', 'نفقات'),
(289, 'invoices', 'Invoices', 'Facturas', 'Faturas', 'चालान', 'Factures', 'Фактуре', 'الفواتير'),
(290, 'history', 'Payment history', 'Historial', 'Histórico de pagamento', 'भुगतान इतिहास', 'Historique de paiement', 'Историја', 'سجل الدفعات'),
(291, 'add_class_room', 'Add classroom', 'Agregar salon de clases', 'Adicionar sala de aula', 'कक्षा जोड़ें', 'Ajouter une salle de classe', 'Додајте учионицу', 'إضافة فصل دراسي'),
(292, 'number', 'Number', 'Número', 'Número', 'संख्या', 'Nombre', 'број', 'رقم'),
(293, 'route', 'Route', 'Ruta', 'Rota', 'मार्ग', 'Route', 'рута', 'طريق'),
(294, 'bus_id', 'Bus ID', 'ID del bus', 'Bus ID', 'बस आईडी', 'Identifiant du bus', 'Бус ид', 'معرف الحافلة'),
(295, 'driver', 'Driver name', 'Conductor', 'Nome do motorista', 'चालक का नाम', 'Nom du conducteur', 'Возач', 'اسم السائق'),
(296, 'driver_phone', 'Driver phone', 'Celular del conductor', 'Driver phone', 'चालक फोन', 'Téléphone du pilote', 'Управљачки телефон', 'هاتف السائق'),
(297, 'transport_name', 'Transport name', 'Nombre del bus', 'Nome do transporte', 'परिवहन का नाम', 'Nom du transport', 'Име транспорта', 'اسم النقل'),
(299, 'driver_name', 'Driver name', 'Nombre del conductor', 'Nome do motorista', 'चालक का नाम', 'Nom du conducteur', 'Име возача', 'اسم السائق'),
(300, 'create_poll', 'Create poll', 'Crear encuesta', 'Create poll', 'मतदान बनाएं', 'Créer un sondage', 'Створити анкету', 'إنشاء استطلاع الرأي'),
(301, 'more_options', 'More options', 'Más opciones', 'Mais opções', 'अधिक विकल्प', 'Plus d\'options', 'Више опција', 'خيارات أخرى'),
(302, 'system_name', 'System name', 'Nombre del sistema', 'Nome do sistema', 'सिस्टम का नाम', 'Nom du système', 'Име система', 'اسم النظام'),
(303, 'logo', 'Logotype', 'Logotipo', 'Logótipo', 'लोगोटाइप', 'Logotype', 'Лого', 'الشعار'),
(304, 'system_title', 'System title', 'Título del sistema', 'Título do sistema', 'सिस्टम शीर्षक', 'Titre du système', 'Назив система', 'عنوان النظام'),
(305, 'language', 'Language', 'Idioma', 'Língua', 'भाषा', 'La langue', 'Језик', 'لغة'),
(306, 'currency', 'Currency', 'Moneda', 'Moeda', 'मुद्रा', 'Devise', 'Валута', 'دقة'),
(307, 'paypal_email', 'PayPal email', 'Correo de PayPal', 'PayPal email', 'पे पल ईमेल', 'Email Paypal', 'Емаил паипал', 'بريد باي بال'),
(308, 'running_year', 'Running year', 'Año en curso', 'Ano corrente', 'वर्ष चल रहा है', 'Année courante', 'Године', 'تشغيل العام'),
(309, 'personalization', 'Personalization', 'Personalización', 'Personalização', 'निजीकरण', 'Personnalisation', 'Персонализација', 'إضفاء الطابع الشخصي'),
(310, 'theme', 'Theme', 'Tema', 'Tema', 'विषय', 'Thème', 'Тема', 'المقدمة'),
(311, 'sms_service', 'SMS Service', 'Servicio de SMS', 'SMS Service', 'एसएमएस सेवा', 'Service SMS', 'Смс сервис', 'خدمة الرسائل القصيرة'),
(312, 'disabled', 'Disabled', 'Desactivado', 'Disabled', 'विकलांग', 'désactivé', 'Онемогућено', 'معاق'),
(313, 'notify_send', 'What notifications do you want to send?', '¿Qué notificaciones desea enviar?', 'Quais notificações você deseja enviar?', 'आप कौन से अधिसूचनाएं भेजना चाहते हैं?', 'Quelles notifications voulez-vous envoyer?', 'Које обавештења желите послати?', 'ما الإخطارات التي تريد إرسالها؟'),
(314, 'for_parents', 'For parents', 'Para padres', 'Para os pais', 'माता - पिता के लिए', 'Pour les parents', 'За родитеље', 'للوالدين'),
(315, 'absences', 'Absences', 'Ausencias', 'Ausências', 'अनुपस्थिति', 'Absences', 'Одсуства', 'الغياب'),
(316, 'students_reports', 'Student reports', 'Reportes académicos', 'Relatórios estudantis', 'छात्र रिपोर्ट', 'Rapports d\'étudiants', 'Студенти извештавају', 'تقارير الطالب'),
(317, 'new_invoice', 'New invoice', 'Nueva factura', 'Nova factura', 'नया चालान', 'Nouvelle facture', 'Нова фактура', 'فاتورة جديدة'),
(318, 'for_students', 'For students', 'Para estudiantes', 'Para estudantes', 'छात्रों के लिए', 'Pour les étudiants', 'За студенте', 'للطلاب'),
(319, 'new_homework', 'New homework', 'Nueva tarea', 'Nova tarefa de casa', 'नया होमवर्क', 'Nouveau travail', 'Нови домаћи задатак', 'الواجبات المنزلية الجديدة'),
(320, 'smtp_host', 'SMTP Hostname', 'Host SMTP', 'SMTP Host', 'एसएमटीपी होस्टनाम', 'SMTP Hostname', 'Смпт хост', 'SMTP Hostname'),
(321, 'smtp_port', 'SMTP Port', 'Puerto SMTP', 'SMTP Port', 'एसएमटीपी पोर्ट', 'SMTP Port', 'Смпт порт', 'SMTP Port'),
(322, 'smtp_timeout', 'SMTP Timeout', 'Tiempo de espera', 'SMTP Timeout', 'एसएमटीपी समयबाह्य', 'SMTP Timeout', 'Смтп тимеоут', 'SMTP Timeout'),
(323, 'smtp_user', 'SMTP User', 'Usuario SMTP', 'SMTP User', 'एसएमटीपी उपयोगकर्ता', 'SMTP User', 'Смтп корисник', 'SMTP User'),
(324, 'smtp_password', 'SMTP Password', 'Contraseña SMTP', 'SMTP Password', 'एसएमटीपी पासवर्ड', 'SMTP Password', 'Смтп лозинка', 'SMTP Password'),
(325, 'charset', 'Charset', 'Tipo de caracter', 'Charset', 'harset', 'Charset', 'Цхарсет', 'محارف'),
(326, 'mail_type', 'Mailtype', 'Tipo de correo', 'Mailtype', 'Mailtype', 'Mailtype', 'Маил порука', 'Mailtype'),
(327, 'email_templates', 'Email templates', 'Plantillas de correo', 'Modelos de e-mail', 'ईमेल टेम्पलेट्स', 'Modèles d\'email', 'Емаил предлоге', 'قوالب البريد الإلكتروني'),
(328, 'send_marks', 'Send marks', 'Enviar calificaciones', 'Enviar marcas', 'अंक भेजें', 'Envoyer des marques', 'Пошаљи оцене', 'إرسال علامات'),
(329, 'bulk_email', 'Bulk email', 'Correos masivos', 'E-mail em massa', 'थोक ईमेल', 'Courrier électronique en vrac', 'Масовна пошта', 'البريد الإلكتروني السائبة'),
(330, 'languages', 'Languages', 'Idiomas', 'línguas', 'बोली', 'Langues', 'Језици', 'اللغات'),
(331, 'create_backup', 'Create system backup', 'Crear copia de seguridad', 'Criar backup do sistema', 'सिस्टम बैकअप बनाएं', 'Créer une sauvegarde système', 'Креирајте резервну копију', 'إنشاء نظام النسخ الاحتياطي'),
(332, 'restore_backup', 'Restore system backup', 'Restaurar copia de seguridad', 'Restaurar o backup do sistema', 'सिस्टम बैकअप पुनर्स्थापित करें', 'Restaurer la sauvegarde du système', 'Враћајте резервну копију', 'استعادة النسخ الاحتياطي للنظام'),
(333, 'restore', 'Restore', 'Restaurar', 'Restaurar', 'पुनर्स्थापित', 'Restaurer', 'Вратити', 'استعادة'),
(334, 'minimum_mark', 'Minimum mark to pass a subject', 'Nota mínima para aprobar un curso', 'Marca mínima para passar um assunto', 'किसी विषय को पास करने के लिए न्यूनतम अंक', 'Marque minimale pour transmettre un sujet', 'Минимална оцена за пролазак на курс', 'علامة الحد الأدنى لتمرير موضوع'),
(335, 'use_saturday', 'Use Saturday and Sunday at class routine?', '¿Utilizar sábado y domingo en horarios?', 'Use sábado e domingo no classroutine?', 'कक्षा नियमानुसार शनिवार और रविवार का उपयोग करें?', 'Utilisez le samedi et le dimanche à la routine de cours?', 'Користите суботу и недељу понекад?', 'استخدام السبت والأحد في روتين الطبقة؟'),
(336, 'yes', 'Yes', 'Si', 'sim', 'हाँ', 'Oui', 'да', 'نعم فعلا'),
(337, 'no', 'No ', 'No', 'No', 'नहीं', 'Non', 'не', 'لا'),
(338, 'classes', 'Classes', 'Grados', 'Aulas', 'कक्षाएं', 'Des classes', 'Часови', 'الطبقات'),
(339, 'start', 'Start', 'Iniciar', 'Começar', 'प्रारंभ', 'Début', 'почетак', 'بداية'),
(340, 'end', 'End', 'Fin', 'Fim', 'समाप्त', 'Fin', 'крај', 'النهاية'),
(341, 'runnig_year', 'Running year', 'Año en curso', 'Ano corrente', 'वर्ष चल रहा है', 'Année courante', 'Године', 'تشغيل العام'),
(342, 'year_to_promote', 'Year to promote', 'Año a promover', 'Ano de promoção', 'प्रोत्साहन के लिए वर्ष', 'Année de promotion', 'Годину за промоцију', 'السنة لتعزيز'),
(343, 'promote', 'Promote', 'Promover', 'Promover', 'को बढ़ावा देना', 'Promouvoir', 'Промовисати', 'تروج \\ يشجع \\ يعزز \\ ينمى \\ يطور'),
(344, 'promoted', 'Already promoted', 'Promovido', 'Já promovido', 'पहले से ही पदोन्नत', 'Déjà promu', 'Промовисана', 'تمت ترقيته بالفعل'),
(345, 'promote_to', 'Promote to', 'Promover a', 'Promover para', 'को बढ़ावा देना', 'Promouvoir', 'Промовисати', 'الترقية إلى'),
(346, 'send_marks_sms', 'Send marks notification by SMS', 'Enviar notificación de calificaciones por SMS', 'Enviar notificação de marca por SMS', 'एसएमएस द्वारा नोटिस भेजें', 'Envoyer une note de notification par SMS', 'Слање обавештења о квалификацијама путем СМС-а', 'إرسال علامات الإخطار عن طريق الرسائل القصيرة'),
(347, 'notification', 'Notification', 'Notificación', 'Notificação', 'अधिसूचना', 'Notification', 'Обавештење', 'إعلام'),
(348, 'send_sms', 'Send SMS', 'Enviar SMS', 'Enviar SMS', 'संदेश भेजो', 'Envoyer un SMS', 'послати СМС', 'أرسل رسالة نصية قصيرة'),
(349, 'my_subjects', 'My subjects', 'Mis cursos', 'Meus assuntos', 'मेरे विषय', 'Mes sujets', 'Моје субјекте', 'موضوعاتي'),
(350, 'my_routine', 'My routine', 'Mi horario', 'Minha rotina', 'मेरा दिनचर्या', 'Ma routine', 'моја рутина', 'روتين بلدي'),
(351, 'academic', 'Academic', 'Académico', 'Acadêmico', 'अकादमिक', 'Académique', 'Академски', 'أكاديمي'),
(352, 'student_absences', 'Student absences', 'Ausencias de estudiantes', 'Ausências estudantis', 'छात्र अनुपस्थिति', 'Les absences des étudiants', 'Одсуство студената', 'تغيب الطالب'),
(353, 'parent_new_invoice', 'New invoice (Parents)', 'Nueva factura (Padres)', 'Nova fatura (Pais)', 'नया चालान (अभिभावक)', 'Nouvelle facture (Parents)', 'Нова фактура (родитељ)', 'فاتورة جديدة (أولياء الأمور)'),
(354, 'student_new_invoice', 'New invoice (Students)', 'Nueva factura (Estudiantes)', 'Nova factura (Estudantes)', 'नया चालान (छात्र)', 'Nouvelle facture (étudiants)', 'Нови рачун (студенти)', 'فاتورة جديدة (طلاب)'),
(355, 'email_subject', 'Email subject', 'Asunto del correo', 'Assunto do email', 'ईमेल विषय', 'Sujet du courriel', 'Емаил субјецт', 'موضوع البريد الإلكتروني'),
(356, 'email_body', 'Email body', 'Contenido del correo', 'Corpo do email', 'ईमेल बॉडी', 'Courrier électronique', 'Емаил тело', 'هيئة البريد الإلكتروني'),
(357, 'reciever', 'Receiver', 'Receptor', 'Receptor', 'रिसीवर', 'Récepteur', 'Пријемник', 'المتلقي'),
(358, 'view_marks', 'View marks', 'Ver calificaciones', 'Ver marcas', 'देखें अंक', 'Afficher les marques', 'Погледајте ознаке', 'عرض علامات'),
(359, 'new_exam', 'New exam', 'Nuevo examen', 'Novo exame', 'नई परीक्षा', 'Nouvel examen', 'Нови испит', 'امتحان جديد'),
(360, 'start_hour', 'Start hour', 'Hora de inicio', 'Hora de início', 'शुरुआती घंटे', 'Heure de début', 'Почните сат', 'بدء الساعة'),
(361, 'end_hour', 'End hour', 'Hora de finalización', 'Hora final', 'समाप्ति समय', 'Heure de fin', 'Крај сата', 'نهاية الساعة'),
(362, 'exam_duration', 'Exam duration (in minutes)', 'Duración del examen (en minutos)', 'Tempo de exame em minutos', 'मिनटों में परीक्षा का समय', 'Durée de l\'examen (en minutes)', 'Време испитивања (у минутима)', 'مدة الامتحان (بالدقائق)'),
(363, 'exam_details', 'Exam details', 'Detalles del examen', 'Detalhes do Exame', 'परीक्षा विवरण', 'Détails de l\'examen', 'Испитни детаљи', 'تفاصيل الامتحان'),
(364, 'questions', 'Questions', 'Preguntas', 'Questões', 'प्रशन', 'Des questions', 'Питање', 'الأسئلة'),
(365, 'exam_questions', 'Exam questions', 'Preguntas del examen', 'Perguntas do exame', 'परीक्षा प्रश्न', 'Questions d\'examen', 'Испитна питања', 'أسئلة الامتحان'),
(366, 'add_question', 'Add question', 'Agregar pregunta', 'Adicionar pergunta', 'प्रश्न जोड़ें', 'Ajouter une question', 'Додајте питање', 'إضافة سؤال'),
(367, 'option', 'Option', 'Opción', 'Opção', 'विकल्प', 'Option', 'опција', 'اختيار'),
(368, 'exams_results', 'Exam results', 'Resultados del examen', 'Resultados dos exames', 'परीक्षा के परिणाम', 'Résultats d\'examen', 'Резултати испита', 'نتائج الامتحانات'),
(369, 'update_exam', 'Update exam', 'Actualizar examen', 'Exame de atualização', 'परीक्षा अपडेट करें', 'Examen de mise à jour', 'Ажурирајте испит', 'تحديث الاختبار'),
(370, 'start_clock', 'Start hour', 'Hora de inicio', 'Hora de início', 'शुरुआती घंटे', 'Heure de début', 'Започети сат', 'بدء الساعة'),
(371, 'end_clock', 'End hour', 'Hora de finalización', 'Hora final', 'समाप्ति समय', 'Heure de fin', 'Крај сата', 'نهاية الساعة'),
(372, 'no_file', 'No file available', 'Sin archivo', 'Nenhum arquivo disponível', 'कोई फ़ाइल उपलब्ध नहीं है', 'Aucun fichier disponible', 'нема фајла', 'لا يتوفر أي ملف'),
(373, 'study_meterial', 'ss', 'Material de estudio', '', '', '', 'Студијски материјал', ''),
(374, 'add_homework', 'Add homework', 'Agregar tarea', 'Adicione lição de casa', 'होमवर्क जोड़ें', 'Ajouter les devoirs', 'Додајте домаћи задатак', 'إضافة الواجبات المنزلية'),
(375, 'homework_type', 'Homework type', 'Tipo de tarea', 'Tipo de lição de casa', 'होमवर्क का प्रकार', 'Type de devoir', 'Домаћи тип', 'نوع الواجبات المنزلية'),
(376, 'online_text', 'Online text', 'Texto en línea', 'Texto em linha', 'ऑनलाइन पाठ', 'Texte en ligne', 'Онлине текст', 'النص عبر الإنترنت'),
(377, 'limit_hour', 'Limit hour', 'Hora límite', 'Hora limite', 'सीमा घंटे', 'Heure limite', 'Ограничити сат', 'ساعة الحد'),
(378, 'deliveries', 'Deliveries', 'Entregas', 'Entregas', 'वितरण', 'Livraisons', 'Испоруке', 'التسليم'),
(379, 'total_students', 'Total students', 'Estudiantes totales', 'Total de alunos', 'कुल छात्रों', 'Nombre total d\'étudiants', 'Укупно ученика', 'إجمالي الطلاب'),
(380, 'delivered', 'Delivered', 'Entregada', 'Entregue', 'पहुंचा दिया', 'Livré', 'испоручена', 'تم التوصيل'),
(381, 'undeliverable', 'Undeliverable', 'Sin entregar', 'Não-entregável', 'गैर-वितरण योग्य', 'Non livrable', 'Унделиверабле', 'غير قابلة للتسليم');
INSERT INTO `language` (`phrase_id`, `phrase`, `english`, `spanish`, `portuguese`, `hindi`, `french`, `serbian`, `arabic`) VALUES
(382, 'student_comment', 'Student comment', 'Comentario del estudiante', 'Comentário do aluno', 'छात्र टिप्पणी', 'Commentaire de l\'élève', 'Студентски коментар', 'تعليق الطالب'),
(383, 'delivery_status', 'Delivery status', 'Estado de la entrega', 'Status de entrega', 'वितरण की स्थिति', 'Statut de livraison', 'Статус испоруке', 'حالة التسليم'),
(384, 'file_response', 'File/Response', 'Archivo/Respuesta', 'Arquivo / Resposta', 'फ़ाइल / प्रतिक्रिया', 'Fichier / Réponse', 'Одговор на фајл', 'ملف / الاستجابة'),
(385, 'delayed_delivery', 'Delivery after time', 'Entrega tarde', 'Entrega após o tempo', 'समय के बाद वितरण', 'Livraison après le temps', 'Одложена испорука', 'التسليم بعد الوقت'),
(386, 'update_homework', 'Update homework', 'Actualizar tarea', 'Atualize a lição de casa', 'होमवर्क अपडेट करें', 'Mettre à jour les devoirs', 'Ажурирати домаћи задатак', 'تحديث الواجبات المنزليةv'),
(387, 'delivery_type', 'Delivery type', 'Tipo de entrega', 'Tipo de entrega', 'वितरण के प्रकार', 'Type de livraison', 'Тип испоруке', 'نوع التوصيل'),
(388, 'new_discussion', 'New discussion', 'Nueva discusión ', 'Nova discussão', 'नई चर्चा', 'Nouvelle discussion', 'Нова дискусија', 'مناقشة جديدة'),
(389, 'publish', 'Publish', 'Publicar', 'Publicar', 'प्रकाशित करना', 'Publier', 'Објавити', 'نشر'),
(390, 'update_forum', 'Update forum', 'Actualizar foro', 'Atualizar fórum', 'फ़ोरम अपडेट करें', 'Forum de mise à jour', 'Упдате форум', 'تحديث المنتدى'),
(391, 'uploaded_by', 'Uploaded by', 'Subido por', 'Enviado por', 'द्वारा डाली गई', 'telechargé par', 'Уплоадед би', 'تم الرفع بواسطة'),
(392, 'send_bulk_emails', 'Send bulk email', 'Enviar correos masivos', 'Enviar e-mail em massa', 'थोक ईमेल भेजें', 'Envoyer un courrier électronique en bloc', 'Пошаљите масе е-поште', 'إرسال البريد الإلكتروني المجمع'),
(393, 'categories', 'Categories', 'Categorías', 'Categorias', 'श्रेणियाँ', 'Catégories', 'Категорије', 'الاقسام'),
(394, 'new_expense', 'New expense', 'Nuevo egreso', 'Nova despesa', 'नया खर्च', 'Nouvelle dépense', 'Ново издање', 'حساب جديد'),
(395, 'category', 'Category', 'Categoría', 'Categoria', 'वर्ग', 'Catégorie', 'Категорија', 'الفئة'),
(396, 'new_category', 'New category', 'Nueva categoria', 'Nova categoria', 'नई श्रेणी', 'Nouvelle catégorie', 'Нова категорија', 'فئة جديدة'),
(397, 'confirm_delete', 'Do you want to delete the information?', 'Seguro desea eliminar la información?', 'Deseja excluir as informações?', 'क्या आप जानकारी को हटाना चाहते हैं?', 'Voulez-vous supprimer les informations?', 'Да ли желите да обришете информације?', 'هل تريد حذف المعلومات؟'),
(398, 'confirm_approval', 'Surely you want to approve?', 'Confirma que desea aprobar?', 'Certamente você quer aprovar?', 'निश्चित रूप से आप स्वीकृति देना चाहते हैं?', 'Vous voulez certainement approuver?', 'Да ли желите да одобрите?', 'بالتأكيد كنت ترغب في الموافقة؟'),
(399, 'confirm_reject', 'Insurance do you want to reject?', 'Confirma que desea rechazar?', 'Seguro você quer rejeitar?', 'बीमा क्या आप अस्वीकार करना चाहते हैं?', 'Assurance voulez-vous rejeter?', 'Да ли желите да одбијете?', 'التأمين هل تريد أن ترفض؟'),
(400, 'confirm_delete_student', 'Are you sure you want to remove the student?', 'Confirma que desea eliminar al estudiante?', 'Tem certeza de que deseja remover o aluno?', 'क्या आप वाकई छात्र को निकालना चाहते हैं?', 'Êtes-vous sûr de vouloir supprimer l\'étudiant?', 'Да ли желите да избришете ученика?', 'هل تريد بالتأكيد إزالة الطالب؟'),
(401, 'confirm_solved', 'Are you sure you want to mark as resolved?', 'Seguro desea marcar como resuelto?', 'Tem certeza de que deseja marcar como resolvido?', 'क्या आप वाकई हल के रूप में चिह्नित करना चाहते हैं?', 'Êtes-vous sûr de vouloir marquer comme résolu?', 'Осигурање желите означити као ријешено?', 'هل تريد بالتأكيد وضع علامة على أنه تم حلها؟'),
(402, 'notification_center', 'Notification center', 'Centro de notificaciones', 'Centro de Notificação', 'सूचना केन्द्र', 'Centre de notification', 'Обавештење центар', 'مركز إعلام'),
(403, 'welcome_notifications', 'Welcome to the notification center', 'Bienvenido al centro de notificaciones', 'Bem-vindo ao centro de notificação', 'अधिसूचना केंद्र में आपका स्वागत है', 'Bienvenue au centre de notification', 'Добродошли у центар за обавештења', 'مرحبا بكم في مركز الإعلام'),
(404, 'what_send', 'What do you want to notify today?', '¿Qué notificaciones desea enviar?', 'O que você quer notificar hoje?', 'आज आपको क्या सूचित करना है?', 'Que souhaitez-vous notifier aujourd\'hui?', 'Које обавештења желите послати?', 'ماذا تريد أن تخطر اليوم؟'),
(405, 'send_email', 'Send email', 'Enviar correo', 'Enviar email', 'ईमेल भेजें', 'Envoyer un courrier électronique', 'Пошаљи пошту', 'ارسل بريد الكتروني'),
(406, 'successfully_added', 'Successfully added information', 'Información agregada con éxito', 'nformações adicionadas com sucesso', 'सफलतापूर्वक जानकारी जोड़ा', 'Informations ajoutées avec succès', 'Успешно додано', 'تمت إضافة معلومات بنجاح'),
(407, 'successfully_updated', 'Information updated successfully', 'Información actualizada con éxito', 'Informações atualizadas com sucesso', 'सूचना सफलतापूर्वक अपडेट की गई', 'Informations mises à jour avec succès', 'Успешно ажуриран', 'تم تحديث المعلومات بنجاح'),
(408, 'successfully_deleted', 'Information deleted successfully', 'Información eliminada con éxito', 'Informações eliminadas com sucesso', 'जानकारी सफलतापूर्वक हटाई गई', 'Informations supprimées avec succès', 'Успешно избрисан', 'تم حذف المعلومات بنجاح'),
(409, 'sent_successfully', 'Information sent successfully', 'Información enviada con éxito', 'Informações enviadas com sucesso', 'सूचना सफलतापूर्वक भेजी गई', 'Informations envoyées avec succès', 'Послато успешно', 'تم إرسال المعلومات بنجاح'),
(410, 'successfully_uploaded', 'Information uploaded successfully', 'Información subida con éxito', 'Informações carregadas com sucesso', 'सूचना सफलतापूर्वक अपलोड की गई', 'Informations téléchargées avec succès', 'Успешно постављен', 'تم تحميل المعلومات بنجاح'),
(411, 'reply_sent', 'Reply sent', 'Respuesta enviada', 'Resposta enviada', 'उत्तर भेजा', 'Réponse envoyée', 'Одговор послат', 'تم إرسال الرد'),
(412, 'message_sent', 'Message sent', 'Mensaje enviado', 'Mensagem enviada', 'मैसेज बेजा गया', 'Message envoyé', 'Порука послата', 'تم الارسال'),
(413, 'limit_questions', 'To add more questions configure the exam to accept more', 'Para agregar más preguntas configura el examen para aceptar más', 'Para adicionar mais perguntas configure o exame para aceitar mais', 'और अधिक प्रश्न जोड़ने के लिए अधिक स्वीकार करने के लिए परीक्षा को कॉन्फ़िगर करें', 'Pour ajouter d\'autres questions, configurez l\'examen pour accepter plus', 'Да бисте додали још питања, конфигурирајте испит да бисте прихватили више', 'لإضافة المزيد من الأسئلة، يمكنك تهيئة الاختبار لقبول المزيد'),
(414, 'delivered_homework', 'Homework successfully delivered', 'Tarea entregada correctamente', 'Tarefa entregue corretamente.', 'कार्य सफलतापूर्वक वितरित', 'Travail à domicile livré avec succès', 'Задатак је исправно достављен', 'تم تسليم الواجبات المنزلية بنجاح'),
(415, 'paid', 'Paid', 'Pagado', 'Paid', 'भुगतान किया', 'Payé', 'Плаћени', 'دفع'),
(416, 'unpaid', 'Unpaid', 'Sin pagar', 'Unpaid', 'वेतन के बिना', 'Non payé', 'Неплаћен', 'غير مدفوع'),
(417, 'social', 'Socials', 'Social', 'Social', 'सामाजिक', 'Socials', 'Социјално', 'سيالز'),
(418, 'no_questions', 'No. Questions', 'No. de Preguntas', 'Pergunta Total', 'कोई प्रश्न नहीं', 'Question totale', 'Укупно питање', 'إجمالي السؤال'),
(419, 'on_time', 'On time', 'A tiempo', 'Na Hora', 'समय पर', 'À temps', 'На време', 'في الوقت المحدد'),
(420, 'view_response', 'View response', 'Ver respuesta', 'Ver resposta', 'प्रतिक्रिया देखें', 'Voir la réponse', 'Погледајте одговор', 'عرض الرد'),
(421, 'success_password', 'Your password has been reset successfully. This is your new password:', 'Tu password ha sido reseteado exitosamente. Éste es tu nuevo password:', 'Sua senha foi reiniciada com sucesso. Esta é a sua nova senha:', 'आपका पासवर्ड सफलतापूर्वक रीसेट कर दिया गया है यह आपका नया पासवर्ड है:', 'Votre mot de passe a été réinitialisé avec succès. Ceci est votre nouveau mot de passe:', 'Ваша лозинка је успјешно ресетована. Ово је ваша нова лозинка:', 'تمت إعادة تعيين كلمة المرور بنجاح. هذه هي كلمة المرور الجديدة:'),
(422, 'message_group', 'Group Message', 'Mensaje en grupo', NULL, NULL, NULL, NULL, ''),
(423, 'groups', 'Groups', 'Grupos', NULL, NULL, NULL, NULL, ''),
(424, 'create_group', 'Create group', 'Crear un grupo', NULL, NULL, NULL, NULL, ''),
(425, 'select_group_or', 'Select group or', 'Seleccionar un grupo o', NULL, NULL, NULL, NULL, ''),
(426, 'group_members', 'Group members', 'Miembros del grupo', NULL, NULL, NULL, NULL, ''),
(427, 'user_type', 'User type', 'Tipo de profesor', NULL, NULL, NULL, NULL, ''),
(428, 'user_permissions', 'User permissions', 'Permisos del usuario', NULL, NULL, NULL, NULL, ''),
(429, 'add_language', 'Add language', 'Agregar idioma', NULL, NULL, NULL, NULL, ''),
(430, 'flag', 'Flag', 'Bandera', NULL, NULL, NULL, NULL, ''),
(431, 'grades', 'Grade leves', 'Niveles de grado', NULL, NULL, NULL, NULL, ''),
(432, 'mark_from', 'Mark from', 'Desde', NULL, NULL, NULL, NULL, ''),
(433, 'mark_to', 'Mark to', 'Hasta', NULL, NULL, NULL, NULL, ''),
(434, 'point', 'Point', 'Punto', NULL, NULL, NULL, NULL, ''),
(435, 'grade', 'Grade', 'Grado', NULL, NULL, NULL, NULL, ''),
(436, 'participants', 'Participants', 'Participantes', NULL, NULL, NULL, NULL, ''),
(437, 'google_err', 'This email address is already being used by another user, to be able to add it first it must be deactivated from the other account', 'Esta dirección de email ya esta siendo utilizada por otro usuario, para poder agregarla primero debe ser desactivada desde la otra cuenta', NULL, NULL, NULL, NULL, ''),
(438, 'google_true', 'Your Google account has been linked successfully', 'Tu cuenta de Google se ha vinculado con éxito', NULL, NULL, NULL, NULL, ''),
(439, 'facebook_true', 'Your Facebook account has been linked successfully', 'Tu cuenta de Facebook se ha vinculado con éxito', NULL, NULL, NULL, NULL, ''),
(440, 'facebook_err', 'This Facebook account is already being used by another user, to be able to add it first it must be deactivated from the other profile', 'Esta cuenta de Facebook ya esta siendo utilizada por otro usuario, para poder agregarla primero debe ser desactivada desde el otro perfil', NULL, NULL, NULL, NULL, ''),
(441, 'facebook_delete', 'Your Facebook account has been successfully unlinked', 'Tu cuenta de Facebook se ha desvinculado correctamente', NULL, NULL, NULL, NULL, ''),
(442, 'google_delete', 'Your Google account has been successfully unlinked', 'Tu cuenta de Facebook se ha desvinculado correctamente', NULL, NULL, NULL, NULL, ''),
(443, 'my_notifications', 'My Notifications', 'Mis notificaciones', NULL, NULL, NULL, NULL, ''),
(444, 'absence_approved', 'You have approved your leave of absence.', 'Ha aprobado tu permiso de ausencia.', NULL, NULL, NULL, NULL, ''),
(445, 'absence_rejected', 'You have rejected your leave of absence.', 'Ha rechazado tu permiso de ausencia.', NULL, NULL, NULL, NULL, ''),
(446, 'absence_approved_for', 'Has approved the leave of absence for', 'Ha aprobado el permiso de ausencia para', NULL, NULL, NULL, NULL, ''),
(447, 'absence_rejected_for', 'You have rejected the leave of absence to', 'Ha rechazado el permiso de ausencia para', NULL, NULL, NULL, NULL, ''),
(448, 'new_homework_notify', 'You have created a new homework with the title', 'Ha creado una nueva tarea con el título', NULL, NULL, NULL, NULL, ''),
(449, 'homework_rated', 'has rated your homework', 'ha calificado tu tarea', NULL, NULL, NULL, NULL, ''),
(450, 'study_material_notify', 'You have uploaded study material to your portal', 'Ha subido material de estudio a tu portal', NULL, NULL, NULL, NULL, ''),
(451, 'online_exam_notify', 'added a new online exam with the title', 'agregó un nuevo examen en línea con el título', NULL, NULL, NULL, NULL, ''),
(452, 'news_notify', 'You have received a new news with title', 'Has recibido una nueva noticia con título', NULL, NULL, NULL, NULL, ''),
(453, 'event_notify', 'A new event has been created with the title', 'Se ha creado un nuevo evento con el título', NULL, NULL, NULL, NULL, ''),
(454, 'new_comment', 'Added a new comment on', 'Agregó un nuevo comentario en', NULL, NULL, NULL, NULL, ''),
(455, 'report_solved', 'It has been marked as solved', 'Se ha marcado como resuelto', NULL, NULL, NULL, NULL, ''),
(456, 'unit_content', 'has uploaded files in Unit Contents for', 'ha subido archivos en Contenidos de Unidad para', NULL, NULL, NULL, NULL, ''),
(457, 'book_added', 'has added a new book to the library for', 'ha agregado un nuevo libro a la biblioteca para', NULL, NULL, NULL, NULL, ''),
(458, 'file_uploaded', 'Uploaded a file for teachers with the title', 'Subió un archivo para profesores con el título', NULL, NULL, NULL, NULL, ''),
(459, 'absence_request', 'has requested a new leave of absence to', 'ha solicitado un nuevo permiso de ausencia para', NULL, NULL, NULL, NULL, ''),
(460, 'reg_teacher', 'A new user has been registered as a teacher with the name', 'Se ha registrado un nuevo usuario como profesor con el nombre', NULL, NULL, NULL, NULL, ''),
(461, 'reg_student', 'A new user has been registered as a student with the name', 'Se ha registrado un nuevo usuario como estudiante con el nombre', NULL, NULL, NULL, NULL, ''),
(462, 'reg_parent', 'A new user has been registered as a parent with the name', 'Se ha registrado un nuevo usuario como padre con el nombre', NULL, NULL, NULL, NULL, ''),
(463, 'finish_exam_notify', 'has finished the exam', 'ha finalizado el examen', NULL, NULL, NULL, NULL, ''),
(464, 'teacher_report_notify', 'has created a new report for the teacher', 'ha creado un nuevo reporte para el profesor', NULL, NULL, NULL, NULL, ''),
(465, 'comment_forum', 'has posted a comment in the forum', 'ha publicado un comentario en el foro', NULL, NULL, NULL, NULL, ''),
(466, 'student_report_notify', 'has created a new report for the student', 'ha creado un nuevo reporte para el estudiante', NULL, NULL, NULL, NULL, ''),
(467, 'marks_notify', 'has updated the marks of', 'ha actualizado las calificaciones de', NULL, NULL, NULL, NULL, ''),
(468, 'absense_teacher', 'has requested a new leave of absence', 'ha solicitado un nuevo permiso de ausencia', NULL, NULL, NULL, NULL, ''),
(469, 'new_message_notify', 'has sent you a new message', 'te ha enviado un nuevo mensaje', NULL, NULL, NULL, NULL, ''),
(470, 'at', 'at', 'a las', NULL, NULL, NULL, NULL, ''),
(471, 'login_facebook', 'Login with Facebook', 'Acceder con Facebook', NULL, NULL, NULL, NULL, ''),
(472, 'login_google', 'Login with Google', 'Acceder con Google', NULL, NULL, NULL, NULL, ''),
(473, 'login_error', 'There is an error in the login, verify and try again', 'Hay un error en el inicio de sesión, verifica y vuelve a intentarlo nuevamente', NULL, NULL, NULL, NULL, ''),
(474, 'social_error', 'Sorry, you can not sign in with this account you must first link it to your user profile', 'Lo sentimos, no puedes iniciar sesión con esta cuenta primero debes vincularla a tu perfil de usuario', NULL, NULL, NULL, NULL, ''),
(475, 'calendar', 'Calendar', 'Calendario', NULL, NULL, NULL, NULL, ''),
(476, 'my_files', 'My files', 'Mis archivos', NULL, NULL, NULL, NULL, ''),
(477, 'system_reports', 'System reports', 'Reportes del Sistema', NULL, NULL, NULL, NULL, ''),
(478, 'settings', 'Settings', 'Ajustes', NULL, NULL, NULL, NULL, ''),
(479, 'minimize_menu', 'Minimize menu', 'Minimizar menu', NULL, NULL, NULL, NULL, ''),
(480, 'search_students', 'Search students', 'Buscar estudiantes', NULL, NULL, NULL, NULL, ''),
(481, 'you', 'You', 'Tu', NULL, NULL, NULL, NULL, ''),
(482, 'view_all_messages', 'View all messages', 'Ver todos los mensajes', NULL, NULL, NULL, NULL, ''),
(483, 'view_all_notifications', 'View all notifications', 'Ver todas las notificationes', NULL, NULL, NULL, NULL, ''),
(484, 'my_account', 'My Account', 'Mi cuenta', NULL, NULL, NULL, NULL, ''),
(485, 'my_profile', 'My profile', 'Mi perfil', NULL, NULL, NULL, NULL, ''),
(486, 'what_publish', 'What do you want to publish today?', 'qué deseas publicar hoy?', NULL, NULL, NULL, NULL, ''),
(487, 'upload_image', 'Upload image', 'Subir imagen', NULL, NULL, NULL, NULL, ''),
(488, 'poll', 'Poll', 'Encuesta', NULL, NULL, NULL, NULL, ''),
(489, 'go_to_details', 'Go to details', 'Ir a los detalles', NULL, NULL, NULL, NULL, ''),
(490, 'welcome_admin_dashboard', 'Welcome to your admin dashboard.', 'Bienvenido a tu tablero de administrador.', NULL, NULL, NULL, NULL, ''),
(491, 'no_today_events', 'There are no events today', 'No hay eventos para hoy', NULL, NULL, NULL, NULL, ''),
(492, 'this_month_is_birthday', 'This month is the birthday of', 'Este mes es el cumpleaños de', NULL, NULL, NULL, NULL, ''),
(493, 'view_all_birthdays', 'View all birthdays', 'Ver todos los cumpleaños', NULL, NULL, NULL, NULL, ''),
(494, 'absent_students', 'Absent', 'Estudiantes ausentes', NULL, NULL, NULL, NULL, ''),
(495, 'no_absent_students', 'No students absent', 'No hay estudiantes ausentes', NULL, NULL, NULL, NULL, ''),
(496, 'select_an_option', 'Select an option', 'Seleccionar una ocion', NULL, NULL, NULL, NULL, ''),
(497, 'chats', 'Chats', 'Chats', NULL, NULL, NULL, NULL, ''),
(498, 'write', 'Write', 'Escribir', NULL, NULL, NULL, NULL, ''),
(499, 'librarian', 'Librarian', 'Bibliotecaria', NULL, NULL, NULL, NULL, ''),
(500, 'accountant', 'Accountant', 'Contadora', NULL, NULL, NULL, NULL, ''),
(501, 'create_message', 'Create message', 'Crear mensaje', NULL, NULL, NULL, NULL, ''),
(502, 'shared_files', 'Shared files', 'Archivos compartidos', NULL, NULL, NULL, NULL, ''),
(503, 'without_shared_files', 'There are no shared files', 'Sin archivos compartidos', NULL, NULL, NULL, NULL, ''),
(504, 'shared_photos', 'Shared photos', 'Fotos compartidas', NULL, NULL, NULL, NULL, ''),
(505, 'without_shared_pictures', 'There are no shared photos', 'Sin fotos compartidas', NULL, NULL, NULL, NULL, ''),
(506, 'viewed', 'Seen', 'Visto', NULL, NULL, NULL, NULL, ''),
(507, 'your_notifications', 'Your notifications', 'Tus notifications', NULL, NULL, NULL, NULL, ''),
(508, 'member_since', 'Member since', 'Miembro desde', NULL, NULL, NULL, NULL, ''),
(509, 'identification', 'Personal document', 'Identificación', NULL, NULL, NULL, NULL, ''),
(510, 'quick_links', 'Quick links', 'Enlaces rápidos', NULL, NULL, NULL, NULL, ''),
(511, 'update_information', 'Update information', 'Actualizar información', NULL, NULL, NULL, NULL, ''),
(512, 'your_linked_accounts', 'Your linked accounts', 'Tus cuentas vinculadas', NULL, NULL, NULL, NULL, ''),
(513, 'link', 'Link', 'Vincular', NULL, NULL, NULL, NULL, ''),
(514, 'update_profile', 'Update profile', 'Actualizar perfil', NULL, NULL, NULL, NULL, ''),
(515, 'first_name', 'First name', 'Nombre', NULL, NULL, NULL, NULL, ''),
(516, 'last_name', 'Last name', 'Apellido', NULL, NULL, NULL, NULL, ''),
(517, 'student_details', 'Student details', 'Detalles del estudiante', NULL, NULL, NULL, NULL, ''),
(518, 'parent_details', 'Parent details', 'Detalles del padre', NULL, NULL, NULL, NULL, ''),
(519, 'complementary_data', 'Complementary data', 'Información complementaria', NULL, NULL, NULL, NULL, ''),
(520, 'transport', 'School bus', 'Transporte', NULL, NULL, NULL, NULL, ''),
(521, 'next', 'Next', 'Siguiente', NULL, NULL, NULL, NULL, ''),
(522, 'new_parent_admission', 'Select an parent', 'Nuevo padre', NULL, NULL, NULL, NULL, ''),
(523, 'new_parent_admission_message', 'If you want to add a new parent, mark this option', 'Si dese agregar un nuevo padre marque esta opción', NULL, NULL, NULL, NULL, ''),
(524, 'select_parent', 'Select parent', 'Seleccionar un padre', NULL, NULL, NULL, NULL, ''),
(525, 'home_phone', 'Home phone', 'Telefono de casa', NULL, NULL, NULL, NULL, ''),
(526, 'business_work', 'Workplace', 'Lugar de trabajo', NULL, NULL, NULL, NULL, ''),
(527, 'phone_work', 'Work phone', 'Telefono de trabajo', NULL, NULL, NULL, NULL, ''),
(528, 'conditions_or_diseases', 'Conditions or diseases', 'Condiciones o enfermedades', NULL, NULL, NULL, NULL, ''),
(529, 'allergies', 'Allergies', 'Alergías', NULL, NULL, NULL, NULL, ''),
(530, 'personal_doctor', 'Personal doctor', 'Doctor personal', NULL, NULL, NULL, NULL, ''),
(531, 'doctor_phone', 'Doctor phone', 'Telefono del doctor', NULL, NULL, NULL, NULL, ''),
(532, 'athorized_person', 'Authorized person', 'Persona autorizada', NULL, NULL, NULL, NULL, ''),
(533, 'phone_authorized_person', 'Authorized person phone', 'Telefono persona autorizada', NULL, NULL, NULL, NULL, ''),
(534, 'notes', 'Notes', 'Notas', NULL, NULL, NULL, NULL, ''),
(535, 'already_exist', 'Username already exist', 'El usuario ya existe', NULL, NULL, NULL, NULL, ''),
(536, 'accountants', 'Accountants', 'Contadoras', NULL, NULL, NULL, NULL, ''),
(537, 'librarians', 'Librarians', 'Bibliotecarias', NULL, NULL, NULL, NULL, ''),
(538, 'admin_permissions', 'Admin permissions', 'Permisos de administrador', NULL, NULL, NULL, NULL, ''),
(539, 'all_permissions', 'All permissions', 'Todos los permisos', NULL, NULL, NULL, NULL, ''),
(540, 'new_account', 'New account', 'Nueva cuenta', NULL, NULL, NULL, NULL, ''),
(541, 'search', 'Search', 'Buscar', NULL, NULL, NULL, NULL, ''),
(542, 'return', 'Return', 'Regresar', NULL, NULL, NULL, NULL, ''),
(543, 'upload_from_excel', 'Upload from excel', 'Subir desde excel', NULL, NULL, NULL, NULL, ''),
(544, 'export_students', 'Export students', 'Exportar estudiantes', NULL, NULL, NULL, NULL, ''),
(545, 'filter_by_class', 'Filter by class', 'Filtrar por grado', NULL, NULL, NULL, NULL, ''),
(546, 'export', 'Export', 'Exportar', NULL, NULL, NULL, NULL, ''),
(547, 'upload_students', 'Upload students', 'Subir estudiantes', NULL, NULL, NULL, NULL, ''),
(548, 'download_template', 'Download template', 'Descargar plantilla', NULL, NULL, NULL, NULL, ''),
(549, 'work_phone', 'Work phone', 'Telefono de trabajo', NULL, NULL, NULL, NULL, ''),
(550, 'authorized_person', 'Authorized person', 'Persona autorizada', NULL, NULL, NULL, NULL, ''),
(551, 'note', 'Notes', 'Notas', NULL, NULL, NULL, NULL, ''),
(552, 'authorized_person_phone', 'Authorized person phone', 'Telefono persona autorizada', NULL, NULL, NULL, NULL, ''),
(553, 'payments_history', 'Payments history', 'Historial de pagos', NULL, NULL, NULL, NULL, ''),
(554, 'view_details', 'View details', 'Ver detalles', NULL, NULL, NULL, NULL, ''),
(555, 'student_attendance', 'Students attendance', 'Asistencia de estudiante', NULL, NULL, NULL, NULL, ''),
(556, 'year', 'Year', 'Año', NULL, NULL, NULL, NULL, ''),
(557, 'student_marks', 'Student marks', 'Calificaciones', NULL, NULL, NULL, NULL, ''),
(558, 'student_invoices', 'Student invoices', 'Pagos de estudiantes', NULL, NULL, NULL, NULL, ''),
(559, 'payments_and_invoices', 'Payments and invoices', 'Pagos y Facturas', NULL, NULL, NULL, NULL, ''),
(560, 'atendance', 'Attendance', 'Asistencia', NULL, NULL, NULL, NULL, ''),
(561, 'add_schedule', 'Add class routine', 'Agregar horario', NULL, NULL, NULL, NULL, ''),
(562, 'add_schedules', 'Add class routine', 'Agregar horarios', NULL, NULL, NULL, NULL, ''),
(563, 'course', 'Subject', 'Curso', NULL, NULL, NULL, NULL, ''),
(564, 'sunday', 'Sunday', 'Domingo', NULL, NULL, NULL, NULL, ''),
(565, 'saturday', 'Saturday', 'Sábado', NULL, NULL, NULL, NULL, ''),
(566, 'add_routine', 'Add class routine', 'Agregar horario', NULL, NULL, NULL, NULL, ''),
(567, 'time', 'Time', 'Tiempo', NULL, NULL, NULL, NULL, ''),
(568, 'new_class', 'New class', 'Nuevo grado', NULL, NULL, NULL, NULL, ''),
(569, 'create_new_class', 'Create new class', 'Crear nuevo grado', NULL, NULL, NULL, NULL, ''),
(570, 'new_subject', ' New subject', 'Nuevo curso', NULL, NULL, NULL, NULL, ''),
(571, 'create_new_subject', 'Create new subject', 'Crear nuevo curso', NULL, NULL, NULL, NULL, ''),
(572, 'icon', 'Subject icon', 'Icono', NULL, NULL, NULL, NULL, ''),
(573, 'color', 'Subject color', 'Color', NULL, NULL, NULL, NULL, ''),
(574, 'subject_dashboard', 'Subject dashboard ', 'Tablero de curso', NULL, NULL, NULL, NULL, ''),
(575, 'view_exam', 'View exam', 'Ver examen', NULL, NULL, NULL, NULL, ''),
(576, 'view_forum', 'View forum', 'Ver foro', NULL, NULL, NULL, NULL, ''),
(577, 'view_homework', 'View homework', 'Ver tarea', NULL, NULL, NULL, NULL, ''),
(578, 'subject_activity', 'Subject activity', 'Actividad del curso', NULL, NULL, NULL, NULL, ''),
(579, 'latest_news', 'Latest news', 'Ultimas noticias', NULL, NULL, NULL, NULL, ''),
(580, 'teacher_of_the_subject', 'Teacher of the subject', 'Profesor del curso', NULL, NULL, NULL, NULL, ''),
(581, 'confirm_publish', 'Sure you want to publish the information?', 'Seguro desea publicar la información?', NULL, NULL, NULL, NULL, ''),
(582, 'publish_exam', 'Publish exam', 'Publicar examen', NULL, NULL, NULL, NULL, ''),
(583, 'published', 'Published', 'Publicado', NULL, NULL, NULL, NULL, ''),
(584, 'confirm_expired', 'Sure you want to mark as expired?', 'Seguro desea marcar como expirado', NULL, NULL, NULL, NULL, ''),
(585, 'mark_as_expired', 'Mark as expired', 'Marcar como expirado', NULL, NULL, NULL, NULL, ''),
(586, 'expired', 'Expired', 'Expirado', NULL, NULL, NULL, NULL, ''),
(587, 'start_time', 'Start time', 'Hora de inicio', NULL, NULL, NULL, NULL, ''),
(588, 'end_time', 'End time', 'Hora limite', NULL, NULL, NULL, NULL, ''),
(589, 'minimum_percentage', 'Minimum percentage', 'Porcentaje minimo', NULL, NULL, NULL, NULL, ''),
(590, 'allow_homework_deliveries', 'Allow deliveries up to', 'Permitir entregas hasta', NULL, NULL, NULL, NULL, ''),
(591, 'no_published', 'Not published', 'No publicado', NULL, NULL, NULL, NULL, ''),
(592, 'show_students', 'Show to students', 'Mostrar a los estudiantes?', NULL, NULL, NULL, NULL, ''),
(593, 'show_message', 'If you want students to see this information, enable this option.', 'Si desea mostrar la información a los estudiantes marque esta opción', NULL, NULL, NULL, NULL, ''),
(594, 'not_published', 'Not published', 'No publicado', NULL, NULL, NULL, NULL, ''),
(595, 'read_forum', 'Read forum', 'Leer foro', NULL, NULL, NULL, NULL, ''),
(596, 'new_topic', 'New topic', 'Nuevo tema', NULL, NULL, NULL, NULL, ''),
(597, 'topic', 'Topic', 'Tema', NULL, NULL, NULL, NULL, ''),
(598, 'reply', 'Reply', 'Responder', NULL, NULL, NULL, NULL, ''),
(599, 'upload_study_material', 'Upload study material', 'Subir material de estudio', NULL, NULL, NULL, NULL, ''),
(600, 'file_type', 'File type', 'Tipo de archivo', NULL, NULL, NULL, NULL, ''),
(601, 'book_request', 'Book request', 'Solicitudes de libros', NULL, NULL, NULL, NULL, ''),
(602, 'total_books', 'Total books', 'Libros totales', NULL, NULL, NULL, NULL, ''),
(603, 'total_copies', 'Total copies', 'Copias totales', NULL, NULL, NULL, NULL, ''),
(604, 'delivered_copies', 'Delivered copies', 'Copias entregadas', NULL, NULL, NULL, NULL, ''),
(605, 'available_message', ' If the book is available, enable this option', 'Si el libro esta disponible active esta opcion', NULL, NULL, NULL, NULL, ''),
(606, 'virtual_message', 'If it is a virtual book (PDF, Doc) enable this option', 'Si el libro es virtual (PDF, Doc) habilite esta opción', NULL, NULL, NULL, NULL, ''),
(607, 'upload_book', 'Upload book', 'Subir libro', NULL, NULL, NULL, NULL, ''),
(608, 'requested_by', 'Requested by', 'Solicitado por', NULL, NULL, NULL, NULL, ''),
(609, 'starting_date', 'Starting date', 'Fecha de inicio', NULL, NULL, NULL, NULL, ''),
(610, 'ending_date', 'Ending date', 'Fecha limite ', NULL, NULL, NULL, NULL, ''),
(611, 'no_actions', 'No more actions', 'Sin acciones', NULL, NULL, NULL, NULL, ''),
(612, 'calendar_events', 'Calendar events', 'Calendario de eventos', NULL, NULL, NULL, NULL, ''),
(613, 'edit_event', 'Edit event', 'Editar evento', NULL, NULL, NULL, NULL, ''),
(614, 'general_reports', 'General reports', 'Reporte general', NULL, NULL, NULL, NULL, ''),
(615, 'final_marks', 'FInal marks', 'Calificaciones finales', NULL, NULL, NULL, NULL, ''),
(616, 'class_report', 'Class report', 'Reporte de grado', NULL, NULL, NULL, NULL, ''),
(617, 'get_report', 'Get report', 'Generar reporte', NULL, NULL, NULL, NULL, ''),
(618, 'system_email', 'System email', 'Correo del sistema', NULL, NULL, NULL, NULL, ''),
(619, 'system_phone', 'System phone', 'Telefono del sistema', NULL, NULL, NULL, NULL, ''),
(620, 'allow_user_register', 'Allow users to create accounts', 'Permitir registros', NULL, NULL, NULL, NULL, ''),
(621, 'user_register_message', 'Users can register from the frontend if you enable this option', 'Permitir a los usuarios crear cuentas', NULL, NULL, NULL, NULL, ''),
(622, 'timezone', 'Timezone', 'Zona horaria', NULL, NULL, NULL, NULL, ''),
(623, 'social_login', 'Social login', 'Inicio de sesión con social', NULL, NULL, NULL, NULL, ''),
(624, 'enable_social_login', 'Enable social login', 'Habilitar inicio de sesión social', NULL, NULL, NULL, NULL, ''),
(625, 'social_login_message', 'Users can use their Google account and Facebook to login', 'Permita a los usuarios acceder con su cuenta de facebook y google', NULL, NULL, NULL, NULL, ''),
(626, 'logo_color', 'Logo color', 'Logo color', NULL, NULL, NULL, NULL, ''),
(627, 'logo_white', 'Logo white', 'Colo blanco', NULL, NULL, NULL, NULL, ''),
(628, 'icon_white', 'Icon white', 'Icono blanco', NULL, NULL, NULL, NULL, ''),
(629, 'favicon', 'Favicon', 'Favicon', NULL, NULL, NULL, NULL, ''),
(630, 'background', 'Background', 'Backrgound', NULL, NULL, NULL, NULL, ''),
(631, 'home', 'Home', 'Inicio', NULL, NULL, NULL, NULL, ''),
(632, 'total_income', 'Total income', 'Ingresos totales', NULL, NULL, NULL, NULL, ''),
(633, 'total_expense', 'Total expense', 'Egresos totales', NULL, NULL, NULL, NULL, ''),
(634, 'pending_payments', 'Pending payments', 'Pagos pendientes', NULL, NULL, NULL, NULL, ''),
(635, 'completed_payments', 'Completed payments', 'Pagos confirmados', NULL, NULL, NULL, NULL, ''),
(636, 'recent_income', 'Recent income', 'Ingresos recientes', NULL, NULL, NULL, NULL, ''),
(637, 'recent_expense', 'Recent expense ', 'Egresos recientes', NULL, NULL, NULL, NULL, ''),
(638, 'single_invoice', 'Single invoice', 'Factura individual', NULL, NULL, NULL, NULL, ''),
(639, 'bulk_invoice', 'Bulk invoice', 'Facturas multiples', NULL, NULL, NULL, NULL, ''),
(640, 'add_category', 'Add category', 'Agregar categoría', NULL, NULL, NULL, NULL, ''),
(641, 'add_expense', 'Add expense', 'Agregar egreso', NULL, NULL, NULL, NULL, ''),
(642, 'folder', 'Folder', 'Carpeta', NULL, NULL, NULL, NULL, ''),
(643, 'recents', 'Recents', 'Recientes', NULL, NULL, NULL, NULL, ''),
(644, 'folders', 'Folders', 'Carpetas', NULL, NULL, NULL, NULL, ''),
(645, 'your_files', 'Your files', 'Tus archivos', NULL, NULL, NULL, NULL, ''),
(646, 'upload_new_file', 'Upload new file', 'Subir nuevo', NULL, NULL, NULL, NULL, ''),
(647, 'drag_your_files_here', 'Drag your files here', 'Arrastra tus archivos aquí', NULL, NULL, NULL, NULL, ''),
(648, 'your_files_message', 'Upload your files to your account', 'Almacena tus archivos en tu cuenta', NULL, NULL, NULL, NULL, ''),
(649, 'new_folder', 'New folder', 'Nueva careta', NULL, NULL, NULL, NULL, ''),
(650, 'create_folder', 'Create folder', 'Crear carpeta', NULL, NULL, NULL, NULL, ''),
(651, 'recent_files', 'Recent files', 'Archivos recientes', NULL, NULL, NULL, NULL, ''),
(652, 'my_folders', 'My folders', 'Mis carpetas', NULL, NULL, NULL, NULL, ''),
(653, 'total_folders', 'Total folders', 'Carpetas totales', NULL, NULL, NULL, NULL, ''),
(654, 'total_files', 'Total files', 'Archivos totales', NULL, NULL, NULL, NULL, ''),
(655, 'upload_files', 'Upload files', 'Subir archivos', NULL, NULL, NULL, NULL, ''),
(656, 'notifications_center', 'Notifications center', 'Centro de notificaciones', NULL, NULL, NULL, NULL, ''),
(657, 'available_for_all_users', 'Available for all users', 'Disponible para todos los usuarios', NULL, NULL, NULL, NULL, ''),
(658, 'send_emails', 'Send emails', 'Enviar correos', NULL, NULL, NULL, NULL, ''),
(659, 'message', 'Message', 'Mensaje', NULL, NULL, NULL, NULL, ''),
(660, 'enable_teacher_reports', 'Enable teacher reports', 'Habilitar reporte de profesores', NULL, NULL, NULL, NULL, ''),
(661, 'enable_sundays_schedules', 'Enable saturday and sunday in the schedules', 'Habilitar sabado y domingo en horarios', NULL, NULL, NULL, NULL, ''),
(662, 'terms_conditions', 'Terms and Conditions', 'Términos y Condiciones', NULL, NULL, NULL, NULL, ''),
(663, 'login_to_your_account', 'Login to your account.', 'Accede a tu cuenta', NULL, NULL, NULL, NULL, ''),
(664, 'forgot_my_password', 'Forgot my password.', 'Olvide mi contraseña', NULL, NULL, NULL, NULL, ''),
(665, 'or', 'or', 'o', NULL, NULL, NULL, NULL, ''),
(666, 'no_recent_activity', 'There is no recent activity', 'Sin actividad reciente', NULL, NULL, NULL, NULL, ''),
(667, 'no_subject_activity', 'No activity in the subject', 'No hay actividad en el curso', NULL, NULL, NULL, NULL, ''),
(668, 'teachers_reports', 'Teacher reports', 'Reporte de profesoresq', NULL, NULL, NULL, NULL, ''),
(669, 'add_report', 'Add report', 'Agregar reporte', NULL, NULL, NULL, NULL, ''),
(670, 'stduent', 'Student', 'Estudiante', NULL, NULL, NULL, NULL, ''),
(671, 'update_group', 'Update group', 'Actualizar grupo', NULL, NULL, NULL, NULL, ''),
(672, 'select_all', 'Select all', 'Seleccionar todos', NULL, NULL, NULL, NULL, ''),
(673, 'teacher_schedules', 'Teacher schedules', 'Horario de profesores', NULL, NULL, NULL, NULL, ''),
(674, 'teacher_subjects', 'Teacher subjects', 'Cursos de profesores', NULL, NULL, NULL, NULL, ''),
(675, 'personal_informaton', 'Personal information', 'Información personal', NULL, NULL, NULL, NULL, ''),
(676, 'parent_childs', 'Parent Childs', 'Estudiantes asociados', NULL, NULL, NULL, NULL, ''),
(677, 'stuents', 'Students', 'Estudiantes', NULL, NULL, NULL, NULL, ''),
(678, 'librarian_update', 'Librarian Update', 'Actualizar bibliotecaria', NULL, NULL, NULL, NULL, ''),
(679, 'birthdays', 'Birthdays', 'Cumpleaños', NULL, NULL, NULL, NULL, ''),
(680, 'print_invoice', 'Print invoice', 'Imprimir', NULL, NULL, NULL, NULL, ''),
(681, 'vote', 'Vote now', 'Votar', NULL, NULL, NULL, NULL, ''),
(682, 'welcome_teacher_dashboard', 'Welcome to your teacher dashboard.', 'Bienvenido a tu tablero de profesor.', NULL, NULL, NULL, NULL, ''),
(683, 'go_to_my_classes', 'Go to your classes.', 'Ir a mis clases', NULL, NULL, NULL, NULL, ''),
(684, 'create_new_folder', 'Create new folder', 'Crear nueva carpeta', NULL, NULL, NULL, NULL, ''),
(685, 'cerate_folder', 'Create folder', 'Crear carpeta', NULL, NULL, NULL, NULL, ''),
(686, 'available_for_students', 'Available for students', 'Disponible para estudiantes', NULL, NULL, NULL, NULL, ''),
(687, 'student_welcome_dashboard_message', ' Welcome to your student dashboard.', 'Bienvenido a tu tablero de estudiante.', NULL, NULL, NULL, NULL, ''),
(688, 'go_to_my_subjects', 'Go to your subjects', 'Ir a mis cursos', NULL, NULL, NULL, NULL, ''),
(689, 'complementary_information', 'Complementary data', 'Información adicional', NULL, NULL, NULL, NULL, ''),
(690, 'phone_doctor', 'Doctor phone', 'Telefono del doctor', NULL, NULL, NULL, NULL, ''),
(691, 'go_to_exams', 'Go to exams', 'Ir a examenes', NULL, NULL, NULL, NULL, ''),
(692, 'take_exam_message', 'You can take the exam in the established time', 'Solo puedes tomar el examen en horarios establecidos', NULL, NULL, NULL, NULL, ''),
(693, 'online_exam_results', 'Online exam results', 'Resultados', NULL, NULL, NULL, NULL, ''),
(694, 'no_reply', 'No reply', 'Sin responder', NULL, NULL, NULL, NULL, ''),
(695, 'view_all_marks', 'View all marks', 'Ver todas las calificaciones', NULL, NULL, NULL, NULL, ''),
(696, 'all_files', 'All files', 'Todos los archivos', NULL, NULL, NULL, NULL, ''),
(697, 'welcome_message_parent', 'Welcome to your parent dashboard.', 'Bienvenido a tu tablero de padre.', NULL, NULL, NULL, NULL, ''),
(698, 'go_to_academic', 'Go to academic', 'Ir a academico', NULL, NULL, NULL, NULL, ''),
(699, 'work_business', 'Workplace', 'Lugar de trabajo', NULL, NULL, NULL, NULL, ''),
(700, 'librarian_dashboard', 'Librarian dashboard', 'Tablero', NULL, NULL, NULL, NULL, ''),
(701, 'welcome_librarian_dashboard', 'Welcome to your librarian dashboard', 'Bienvenido a tu tablero de bibliotecario.', NULL, NULL, NULL, NULL, ''),
(702, 'go_to_library', 'Go to library', 'Ir a libreria', NULL, NULL, NULL, NULL, ''),
(703, 'accountant_dashboard', 'Accountant dashboard', 'Tablero', NULL, NULL, NULL, NULL, ''),
(704, 'vew_all_notifications', 'View all notifications', 'Ver todas las notificaciones', NULL, NULL, NULL, NULL, ''),
(705, 'welcome_accountant_dashboard', 'Welcome to you accountant dashboard.', 'Bienvenido a tu tablero de contador.', NULL, NULL, NULL, NULL, ''),
(706, 'go_to_payments', 'Go to payments', 'Ir a pagos', NULL, NULL, NULL, NULL, ''),
(707, 'your_email', 'Your email', 'Tu correo', NULL, NULL, NULL, NULL, ''),
(708, 'fist_name', 'First name', 'Nombre', NULL, NULL, NULL, NULL, ''),
(709, 'percentage_required', 'Percentage Required', 'Porcentaje requerido', NULL, NULL, NULL, NULL, ''),
(710, 'total_mark', 'Total mark', 'Calificacion total', NULL, NULL, NULL, NULL, ''),
(711, 'question_type', 'Question type', 'Tipo de pregunt', NULL, NULL, NULL, NULL, ''),
(712, 'multiple_choice', 'Multiple choice', 'Opcion multiple', NULL, NULL, NULL, NULL, ''),
(713, 'true_false', 'True  or False', 'Falso o Verdadero', NULL, NULL, NULL, NULL, ''),
(714, 'blank_spaces', 'Blank Spaces', 'Espacios en blanco', NULL, NULL, NULL, NULL, ''),
(715, 'select_question_type', 'Select question type', 'Seleccionar', NULL, NULL, NULL, NULL, ''),
(716, 'results_for', 'Results for', 'Resultados para', NULL, NULL, NULL, NULL, ''),
(717, 'mark_obtained', 'Mark obtained', 'Calificacion obtenida', NULL, NULL, NULL, NULL, ''),
(718, 'result', 'Result', 'Resultado', NULL, NULL, NULL, NULL, ''),
(719, 'answers', 'Answers', 'Respuestas', NULL, NULL, NULL, NULL, ''),
(720, 'fail', 'Failed', 'Fallo', NULL, NULL, NULL, NULL, ''),
(721, 'options_number', 'Number of options', 'Numero de opciones', NULL, NULL, NULL, NULL, ''),
(722, 'value_required', 'Value required', 'Requerido', NULL, NULL, NULL, NULL, ''),
(723, 'true', 'True', 'Verdadero', NULL, NULL, NULL, NULL, ''),
(724, 'false', 'False', 'Falso', NULL, NULL, NULL, NULL, ''),
(725, 'instructions', 'Instructions', 'Instrucciones', NULL, NULL, NULL, NULL, ''),
(726, 'instructions_message', 'It is required to complete the question of type of spaces. When you need to insert a line, you can simply enter \'_\' to get a blank space. You can check it in the preview below.', 'Se requiere para completar la pregunta de tipo de espacios. Cuando necesite insertar una línea, simplemente puede ingresar \'_\' para obtener un espacio en blanco. Puedes comprobarlo en la vista previa abajo.', NULL, NULL, NULL, NULL, ''),
(727, 'preview', 'Preview', 'Previsualizacion', NULL, NULL, NULL, NULL, ''),
(728, 'correct_words', 'Correct words', 'Palabras correctas', NULL, NULL, NULL, NULL, ''),
(729, 'correct_words_message', 'Here enter the words that complement your question, please enter them in the same order and separated by commas.', 'Aquí ingrese las palabras que complementan su pregunta, por favor ingresarlas en el mismo orden y separadas por coma.', NULL, NULL, NULL, NULL, ''),
(730, 'report_success', 'It has been marked as solved', 'El reporte se ha marcado como resuelto', NULL, NULL, NULL, NULL, ''),
(731, 'manage_sections', '', 'Administrar secciones', NULL, NULL, NULL, NULL, ''),
(732, 'new_section', '', 'Nueva sección', NULL, NULL, NULL, NULL, ''),
(733, 'new_event_notify', '', 'Se ha agregado un nuevo evento a tu calendario.', NULL, NULL, NULL, NULL, ''),
(734, 'new_poll_notify', '', 'Se ha agregado una nueva encuesta.', NULL, NULL, NULL, NULL, ''),
(735, 'suer_admin', '', 'Super admin', NULL, NULL, NULL, NULL, ''),
(736, 'grade_levels', '', 'Niveles de grado', NULL, NULL, NULL, NULL, ''),
(737, 'new_semester', '', 'Nuevo semestre', NULL, NULL, NULL, NULL, ''),
(738, 'absences_message', '', 'El estudiante no se encuentra presente el día de hoy', NULL, NULL, NULL, NULL, ''),
(739, 'students_reports_message', '', 'Se ha agregado un nuevo reporte', NULL, NULL, NULL, NULL, ''),
(740, 'new_invoice_message', '', 'Se ha agregado una nueva factura', NULL, NULL, NULL, NULL, ''),
(741, 'new_invoices', '', 'Nuevas facturas', NULL, NULL, NULL, NULL, ''),
(742, 'backup_restore', '', 'Copias de seguridad ', NULL, NULL, NULL, NULL, ''),
(743, 'generate_backup', '', 'Generar copia de seguridad', NULL, NULL, NULL, NULL, ''),
(744, 'import_backup', '', 'Restaurar copia de seguridad', NULL, NULL, NULL, NULL, ''),
(745, 'update_section', '', 'Actualizar seccón', NULL, NULL, NULL, NULL, ''),
(746, 'calassrooms', '', 'Salones de clases', NULL, NULL, NULL, NULL, ''),
(747, 'new_bus', '', 'Nuevo bus', NULL, NULL, NULL, NULL, ''),
(748, 'update_transport', '', 'Actualizar bus', NULL, NULL, NULL, NULL, ''),
(749, 'update_subject', '', 'Actualizar curso', NULL, NULL, NULL, NULL, ''),
(750, 'new_poll', '', 'Nueva encuest', NULL, NULL, NULL, NULL, ''),
(751, 'votes', '', 'Votos', NULL, NULL, NULL, NULL, ''),
(752, 'create_new_group', '', 'Crear nuevo grupo', NULL, NULL, NULL, NULL, ''),
(753, 'teachers_permissions', '', 'Permisos de profesores', NULL, NULL, NULL, NULL, ''),
(754, 'without_shared_picture', '', 'Sin fotografías compartidas', NULL, NULL, NULL, NULL, ''),
(755, 'dashoard', '', 'Dashboard', NULL, NULL, NULL, NULL, ''),
(756, 'suject_activity', '', 'Actividad del curso', NULL, NULL, NULL, NULL, ''),
(757, 'waiting_information', '', 'Esperando información', NULL, NULL, NULL, NULL, ''),
(758, 'select_an_question', '', 'Seleccionar una pregunta', NULL, NULL, NULL, NULL, ''),
(759, 'option_', '', 'Opción', NULL, NULL, NULL, NULL, ''),
(760, 'instuctions', '', 'Instrucciones', NULL, NULL, NULL, NULL, ''),
(761, 'failed', '', 'Fallo', NULL, NULL, NULL, NULL, ''),
(762, 'exam_information', '', 'Información del examen', NULL, NULL, NULL, NULL, ''),
(763, 'minute', '', 'Minuto', NULL, NULL, NULL, NULL, ''),
(764, 'second', '', 'Segundo', NULL, NULL, NULL, NULL, ''),
(765, 'waiting_results', '', 'Esperando resultados', NULL, NULL, NULL, NULL, ''),
(766, 'youtube_video', '', '', NULL, NULL, NULL, NULL, ''),
(767, 'income', '', '', NULL, NULL, NULL, NULL, ''),
(768, 'new_notice_info', '', '', NULL, NULL, NULL, NULL, ''),
(769, 'live', '', '', NULL, NULL, NULL, NULL, ''),
(770, 'meet', '', '', NULL, NULL, NULL, NULL, ''),
(771, 'create_live', '', '', NULL, NULL, NULL, NULL, ''),
(772, 'optional', '', '', NULL, NULL, NULL, NULL, ''),
(773, 'lost_text', '', '', NULL, NULL, NULL, NULL, ''),
(774, 'multilpe_choice', '', '', NULL, NULL, NULL, NULL, ''),
(775, 'update_question', '', '', NULL, NULL, NULL, NULL, ''),
(776, 'no_options_can_be_blank', '', '', NULL, NULL, NULL, NULL, ''),
(777, 'enter_exam_password', '', '', NULL, NULL, NULL, NULL, ''),
(778, 'password_does_not_match', '', '', NULL, NULL, NULL, NULL, ''),
(779, 'pass', '', '', NULL, NULL, NULL, NULL, ''),
(780, 'Verdadero', 'Verdadero', '', NULL, NULL, NULL, NULL, ''),
(796, 'students_report', '', '', NULL, NULL, NULL, NULL, ''),
(797, 'update_semester', '', '', NULL, NULL, NULL, NULL, ''),
(798, 'marks_report', '', '', NULL, NULL, NULL, NULL, ''),
(799, 'student_card', '', '', NULL, NULL, NULL, NULL, ''),
(800, 'tabulation_report', '', '', NULL, NULL, NULL, NULL, ''),
(801, 'mens', '', '', NULL, NULL, NULL, NULL, ''),
(802, 'women', '', '', NULL, NULL, NULL, NULL, ''),
(803, 'signature', '', '', NULL, NULL, NULL, NULL, ''),
(804, 'accounting_report', '', '', NULL, NULL, NULL, NULL, ''),
(1125, 'go_to_timeline', '', '', NULL, NULL, NULL, NULL, ''),
(865, 'update_routine', '', '', NULL, NULL, NULL, NULL, ''),
(1087, 'this_week', '', '', NULL, NULL, NULL, NULL, ''),
(1086, 'school_timeline', '', '', NULL, NULL, NULL, NULL, ''),
(1055, 'go_to_my_timeline', '', '', NULL, NULL, NULL, NULL, ''),
(1050, 'added_new_forum_discussion', '', '', NULL, NULL, NULL, NULL, ''),
(1045, 'progress', '', '', NULL, NULL, NULL, NULL, ''),
(966, 'new_request', '', '', NULL, NULL, NULL, NULL, ''),
(967, 'request', '', '', NULL, NULL, NULL, NULL, ''),
(1017, 'date_format', '', '', NULL, NULL, NULL, NULL, ''),
(1016, 'group_information', '', '', NULL, NULL, NULL, NULL, ''),
(1015, 'actions', '', '', NULL, NULL, NULL, NULL, ''),
(1014, 'waiting_mark', '', '', NULL, NULL, NULL, NULL, ''),
(1003, 'send_marks_by_email', '', '', NULL, NULL, NULL, NULL, ''),
(1004, 'you_dont_have_notifications', '', '', NULL, NULL, NULL, NULL, ''),
(1005, 'download_adminssion_sheet', '', '', NULL, NULL, NULL, NULL, ''),
(1006, 'download_adminssion_sheet_message', '', '', NULL, NULL, NULL, NULL, ''),
(1007, 'interal', 'Internal', '', NULL, NULL, NULL, NULL, ''),
(1008, 'external', '', '', NULL, NULL, NULL, NULL, ''),
(1009, 'live_type', 'Live type', '', NULL, NULL, NULL, NULL, ''),
(1010, 'internal', '', '', NULL, NULL, NULL, NULL, ''),
(1011, 'site_url', 'Site URL', '', NULL, NULL, NULL, NULL, ''),
(1012, 'update_live', 'Update live', '', NULL, NULL, NULL, NULL, ''),
(1013, 'modules', '', '', NULL, NULL, NULL, NULL, ''),
(1239, 'no_available', '', '', NULL, NULL, NULL, NULL, ''),
(1293, 'see_files', '', '', NULL, NULL, NULL, NULL, ''),
(1311, 'calendar_language', '', '', NULL, NULL, NULL, NULL, ''),
(1314, 'download_file', '', '', NULL, NULL, NULL, NULL, ''),
(1315, 'download_student_sheet', '', '', NULL, NULL, NULL, NULL, ''),
(1318, 'new_student', '', '', NULL, NULL, NULL, NULL, ''),
(1319, 'enroll', '', '', NULL, NULL, NULL, NULL, ''),
(1320, 'date_of_birth', '', '', NULL, NULL, NULL, NULL, ''),
(1321, 'generated_by', '', '', NULL, NULL, NULL, NULL, ''),
(1328, 'student_live_attendance', '', '', NULL, NULL, NULL, NULL, ''),
(1399, 'school_location', '', '', NULL, NULL, NULL, NULL, ''),
(1584, 'enable_logs', '', '', NULL, NULL, NULL, NULL, ''),
(1585, 'for_development_purposes', '', '', NULL, NULL, NULL, NULL, ''),
(1602, 'about_the_subject', '', '', NULL, NULL, NULL, NULL, ''),
(1605, 'subject_stats', '', '', NULL, NULL, NULL, NULL, ''),
(1608, 'homeworks', '', '', NULL, NULL, NULL, NULL, ''),
(1609, 'forums', '', '', NULL, NULL, NULL, NULL, ''),
(1610, 'live_classes', '', '', NULL, NULL, NULL, NULL, ''),
(1663, 'student_marksheet', '', '', NULL, NULL, NULL, NULL, ''),
(1664, 'student_marksheet_are_there', '', '', NULL, NULL, NULL, NULL, ''),
(1671, 'exam', '', '', NULL, NULL, NULL, NULL, ''),
(1672, 'marks_sent', '', '', NULL, NULL, NULL, NULL, ''),
(1673, 'welcome', '', '', NULL, NULL, NULL, NULL, ''),
(1674, 'new_account_has_been_created_with_your_email_address_in', '', '', NULL, NULL, NULL, NULL, ''),
(1675, 'your_data_are_as_follows', '', '', NULL, NULL, NULL, NULL, ''),
(1676, 'your_account_require_approval', '', '', NULL, NULL, NULL, NULL, ''),
(1677, 'congratulations', '', '', NULL, NULL, NULL, NULL, ''),
(1678, 'your_account_has_been_approved_now_you_can_login', '', '', NULL, NULL, NULL, NULL, ''),
(1679, 'root_folder', '', '', NULL, NULL, NULL, NULL, ''),
(1741, 'password_reset', '', '', NULL, NULL, NULL, NULL, ''),
(1781, 'email_already_exist', '', '', NULL, NULL, NULL, NULL, ''),
(1786, 'blue', '', '', NULL, NULL, NULL, NULL, ''),
(1787, 'turquoise', '', '', NULL, NULL, NULL, NULL, ''),
(1788, 'green', '', '', NULL, NULL, NULL, NULL, ''),
(1789, 'yellow', '', '', NULL, NULL, NULL, NULL, ''),
(1790, 'orange', '', '', NULL, NULL, NULL, NULL, ''),
(1791, 'red', '', '', NULL, NULL, NULL, NULL, ''),
(1792, 'black', '', '', NULL, NULL, NULL, NULL, ''),
(1797, 'current_class', '', '', NULL, NULL, NULL, NULL, ''),
(1798, 'class_to_promote', '', '', NULL, NULL, NULL, NULL, ''),
(1799, 'current_section', '', '', NULL, NULL, NULL, NULL, ''),
(1800, 'to_section', '', '', NULL, NULL, NULL, NULL, ''),
(1801, 'successfully_promoted', '', '', NULL, NULL, NULL, NULL, ''),
(1924, 'users_have_a_birthday_this_month', '', '', NULL, NULL, NULL, NULL, ''),
(1963, 'create_your_first_group', '', '', NULL, NULL, NULL, NULL, ''),
(1968, 'chat groups', '', '', NULL, NULL, NULL, NULL, ''),
(1981, 'without_shared_photos', '', '', NULL, NULL, NULL, NULL, ''),
(1986, 'members_on_this_group', '', '', NULL, NULL, NULL, NULL, ''),
(2049, 'show_results', '', '', NULL, NULL, NULL, NULL, ''),
(2050, 'keep_hidden', '', '', NULL, NULL, NULL, NULL, ''),
(2051, 'show_when_exam_is_finished', '', '', NULL, NULL, NULL, NULL, ''),
(2052, '15_minutes_after_finished', '', '', NULL, NULL, NULL, NULL, ''),
(2053, '30_minutes_after_finished', '', '', NULL, NULL, NULL, NULL, ''),
(2058, 'edit_delivery', '', '', NULL, NULL, NULL, NULL, ''),
(2059, 'are_you_sure', '', '', NULL, NULL, NULL, NULL, ''),
(2062, 'your_comment', '', '', NULL, NULL, NULL, NULL, ''),
(2063, 'your_submitted_files', '', '', NULL, NULL, NULL, NULL, ''),
(2304, 'have_seen_this_post', '', '', NULL, NULL, NULL, NULL, ''),
(2405, 'your_chats_groups', '', '', NULL, NULL, NULL, NULL, ''),
(2454, 'chat_groups', '', '', NULL, NULL, NULL, NULL, ''),
(2537, 'manage_attendance', '', '', NULL, NULL, NULL, NULL, ''),
(2540, 'teachers_attendance', '', '', NULL, NULL, NULL, NULL, ''),
(2980, 'your_other_live_classes', '', '', NULL, NULL, NULL, NULL, ''),
(2981, 'solved', '', '', NULL, NULL, NULL, NULL, ''),
(2986, 'new_invoice_has_been_generated_for', '', '', NULL, NULL, NULL, NULL, ''),
(2987, 'update_invoice', '', '', NULL, NULL, NULL, NULL, ''),
(2988, 'descrition', '', '', NULL, NULL, NULL, NULL, ''),
(2989, 'update_category', '', '', NULL, NULL, NULL, NULL, ''),
(2990, 'udate', '', '', NULL, NULL, NULL, NULL, ''),
(2991, 'update_expense', '', '', NULL, NULL, NULL, NULL, ''),
(2992, 'update_grade_level', '', '', NULL, NULL, NULL, NULL, ''),
(2997, 'show_questions_randomly', '', '', NULL, NULL, NULL, NULL, ''),
(3020, 'ask_for_results', '', '', NULL, NULL, NULL, NULL, ''),
(3021, 'waiting_for_results', '', '', NULL, NULL, NULL, NULL, ''),
(3154, 'your_child', '', '', NULL, NULL, NULL, NULL, ''),
(3155, 'is_absent_today', '', '', NULL, NULL, NULL, NULL, ''),
(3188, 'users_seen_this_post', '', '', NULL, NULL, NULL, NULL, ''),
(3201, 'students_seen_this_post', '', '', NULL, NULL, NULL, NULL, ''),
(3613, 'approve', '', '', NULL, NULL, NULL, NULL, ''),
(3614, 'request_accepted_successfully', '', '', NULL, NULL, NULL, NULL, ''),
(3615, 'no_actions_available', '', '', NULL, NULL, NULL, NULL, ''),
(3689, 'smtp_settings', '', '', NULL, NULL, NULL, NULL, ''),
(3690, 'protocol', '', '', NULL, NULL, NULL, NULL, ''),
(3691, 'smtp_pass', '', '', NULL, NULL, NULL, NULL, ''),
(3692, 'today', '', '', NULL, NULL, NULL, NULL, ''),
(3693, 'week', '', '', NULL, NULL, NULL, NULL, ''),
(3694, 'list', '', '', NULL, NULL, NULL, NULL, ''),
(3695, 'extension_not_allowed', '', '', NULL, NULL, NULL, NULL, ''),
(3696, 'search_results', '', '', NULL, NULL, NULL, NULL, ''),
(3697, 'no_results_found', '', '', NULL, NULL, NULL, NULL, '');
INSERT INTO `language` (`phrase_id`, `phrase`, `english`, `spanish`, `portuguese`, `hindi`, `french`, `serbian`, `arabic`) VALUES
(3698, 'behavioral_report_has_been_created_for', '', '', NULL, NULL, NULL, NULL, ''),
(3699, 'accounting_settings', '', '', NULL, NULL, NULL, NULL, ''),
(3700, 'update_gateway', '', '', NULL, NULL, NULL, NULL, ''),
(3701, 'test_mode', '', '', NULL, NULL, NULL, NULL, ''),
(3702, 'enable_test_mode', '', '', NULL, NULL, NULL, NULL, ''),
(3703, 'test_secret_key', '', '', NULL, NULL, NULL, NULL, ''),
(3704, 'test_public_key', '', '', NULL, NULL, NULL, NULL, ''),
(3705, 'live_secret_key', '', '', NULL, NULL, NULL, NULL, ''),
(3706, 'live_public_key', '', '', NULL, NULL, NULL, NULL, ''),
(3707, 'enable_stripe', '', '', NULL, NULL, NULL, NULL, ''),
(3708, 'stripe_currency', '', '', NULL, NULL, NULL, NULL, ''),
(3709, 'sandbox_mode', '', '', NULL, NULL, NULL, NULL, ''),
(3710, 'enable_paypal', '', '', NULL, NULL, NULL, NULL, ''),
(3711, 'client_id_sandbox', '', '', NULL, NULL, NULL, NULL, ''),
(3712, 'client_id_production', '', '', NULL, NULL, NULL, NULL, ''),
(3713, 'enable_razorpay', '', '', NULL, NULL, NULL, NULL, ''),
(3714, 'test_key_id', '', '', NULL, NULL, NULL, NULL, ''),
(3715, 'test_key_secret', '', '', NULL, NULL, NULL, NULL, ''),
(3716, 'production_key_id', '', '', NULL, NULL, NULL, NULL, ''),
(3717, 'production_key_secret', '', '', NULL, NULL, NULL, NULL, ''),
(3718, 'enable_paystack', '', '', NULL, NULL, NULL, NULL, ''),
(3719, 'enable_flutterwave', '', '', NULL, NULL, NULL, NULL, ''),
(3720, 'test_encryption_key', '', '', NULL, NULL, NULL, NULL, ''),
(3721, 'live_encryption_key', '', '', NULL, NULL, NULL, NULL, ''),
(3722, 'test_credentials', '', '', NULL, NULL, NULL, NULL, ''),
(3723, 'live_credentials', '', '', NULL, NULL, NULL, NULL, ''),
(3724, 'enabled', '', '', NULL, NULL, NULL, NULL, ''),
(3725, 'enable_pesapal', '', '', NULL, NULL, NULL, NULL, ''),
(3726, 'test_pesapal_consumer_key', '', '', NULL, NULL, NULL, NULL, ''),
(3727, 'test_pesapal_consumer_secret', '', '', NULL, NULL, NULL, NULL, ''),
(3728, 'live_pesapal_consumer_key', '', '', NULL, NULL, NULL, NULL, ''),
(3729, 'live_pesapal_consumer_secret', '', '', NULL, NULL, NULL, NULL, ''),
(3730, 'enable_google_pay', '', '', NULL, NULL, NULL, NULL, ''),
(3731, 'api_version', '', '', NULL, NULL, NULL, NULL, ''),
(3732, 'allowed_cards', '', '', NULL, NULL, NULL, NULL, ''),
(3733, 'separated_by_comma', '', '', NULL, NULL, NULL, NULL, ''),
(3734, 'merchant_id', '', '', NULL, NULL, NULL, NULL, ''),
(3735, 'marchant_name', '', '', NULL, NULL, NULL, NULL, ''),
(3736, 'gateway', '', '', NULL, NULL, NULL, NULL, ''),
(3737, 'gatewaymerchantid', '', '', NULL, NULL, NULL, NULL, ''),
(3738, 'find_here', '', '', NULL, NULL, NULL, NULL, ''),
(3739, 'pay_now', '', '', NULL, NULL, NULL, NULL, ''),
(3740, 'pay_with_stripe', '', '', NULL, NULL, NULL, NULL, ''),
(3741, 'pay_with_razorpay', '', '', NULL, NULL, NULL, NULL, ''),
(3742, 'pay_with_paystack', '', '', NULL, NULL, NULL, NULL, ''),
(3743, 'pay_with_flutterwave', '', '', NULL, NULL, NULL, NULL, ''),
(3744, 'pay_with_pesapal', '', '', NULL, NULL, NULL, NULL, ''),
(3745, 'pay_with', '', '', NULL, NULL, NULL, NULL, ''),
(3746, 'without_options', '', '', NULL, NULL, NULL, NULL, ''),
(3747, 'sandbox_email', '', '', NULL, NULL, NULL, NULL, ''),
(3748, 'production_email', '', '', NULL, NULL, NULL, NULL, ''),
(3749, 'thanks_for_your_payment', '', '', NULL, NULL, NULL, NULL, ''),
(3750, 'credit_/_debit_card', '', '', NULL, NULL, NULL, NULL, ''),
(3751, 'pay', '', '', NULL, NULL, NULL, NULL, ''),
(3752, 'user_name', '', '', NULL, NULL, NULL, NULL, ''),
(3753, 'payment_of', '', '', NULL, NULL, NULL, NULL, ''),
(3754, 'payment', '', '', NULL, NULL, NULL, NULL, ''),
(3755, 'please_wait', '', '', NULL, NULL, NULL, NULL, ''),
(3756, 'payment_failed', '', '', NULL, NULL, NULL, NULL, ''),
(3757, 'frontend', '', '', NULL, NULL, NULL, NULL, ''),
(3758, 'about_us', '', '', NULL, NULL, NULL, NULL, ''),
(3759, 'gallery', '', '', NULL, NULL, NULL, NULL, ''),
(3760, 'home_page', '', '', NULL, NULL, NULL, NULL, ''),
(3761, 'home_widget', '', '', NULL, NULL, NULL, NULL, ''),
(3762, 'subtitle', '', '', NULL, NULL, NULL, NULL, ''),
(3763, 'text-button-1', '', '', NULL, NULL, NULL, NULL, ''),
(3764, 'text_button_1', '', '', NULL, NULL, NULL, NULL, ''),
(3765, 'redirect_button_1', '', '', NULL, NULL, NULL, NULL, ''),
(3766, 'if_left_blank_it_will_hide', '', '', NULL, NULL, NULL, NULL, ''),
(3767, 'text_button_2', '', '', NULL, NULL, NULL, NULL, ''),
(3768, 'redirect_button_2', '', '', NULL, NULL, NULL, NULL, ''),
(3769, 'why_us_widget', '', '', NULL, NULL, NULL, NULL, ''),
(3770, 'bottom_title', '', '', NULL, NULL, NULL, NULL, ''),
(3771, 'bottom_subtitle', '', '', NULL, NULL, NULL, NULL, ''),
(3772, 'principal_widget', '', '', NULL, NULL, NULL, NULL, ''),
(3773, 'intro_text', '', '', NULL, NULL, NULL, NULL, ''),
(3774, 'text_button', '', '', NULL, NULL, NULL, NULL, ''),
(3775, 'redirect_button', '', '', NULL, NULL, NULL, NULL, ''),
(3776, 'second_widget', '', '', NULL, NULL, NULL, NULL, ''),
(3777, 'widget_title', '', '', NULL, NULL, NULL, NULL, ''),
(3778, 'widget_subtitle', '', '', NULL, NULL, NULL, NULL, ''),
(3779, 'footer', '', '', NULL, NULL, NULL, NULL, ''),
(3780, 'footer_text', '', '', NULL, NULL, NULL, NULL, ''),
(3781, 'footer_logo_white', '', '', NULL, NULL, NULL, NULL, ''),
(3782, 'images', '', '', NULL, NULL, NULL, NULL, ''),
(3783, 'upload_images', '', '', NULL, NULL, NULL, NULL, ''),
(3784, 'drag_your_images_here', '', '', NULL, NULL, NULL, NULL, ''),
(3785, 'upload_to_your_gallery', '', '', NULL, NULL, NULL, NULL, ''),
(3786, 'gallery_images', '', '', NULL, NULL, NULL, NULL, ''),
(3787, 'id', '', '', NULL, NULL, NULL, NULL, ''),
(3788, 'uploaded_images', '', '', NULL, NULL, NULL, NULL, ''),
(3789, 'upload_your_images', '', '', NULL, NULL, NULL, NULL, ''),
(3790, 'show_in_frontend', '', '', NULL, NULL, NULL, NULL, ''),
(3791, 'our_recent_news', '', '', NULL, NULL, NULL, NULL, ''),
(3792, 'by', '', '', NULL, NULL, NULL, NULL, ''),
(3793, 'view_all_news', '', '', NULL, NULL, NULL, NULL, ''),
(3794, 'our_school_news', '', '', NULL, NULL, NULL, NULL, ''),
(3795, 'back_to_news', '', '', NULL, NULL, NULL, NULL, ''),
(3796, 'terms_and_conditions', '', '', NULL, NULL, NULL, NULL, ''),
(3797, 'our_school_teachers', '', '', NULL, NULL, NULL, NULL, ''),
(3798, 'our_school_gallery', '', '', NULL, NULL, NULL, NULL, ''),
(3799, 'get_in_touch', '', '', NULL, NULL, NULL, NULL, ''),
(3800, 'contact_information', '', '', NULL, NULL, NULL, NULL, ''),
(3801, 'facebook', '', '', NULL, NULL, NULL, NULL, ''),
(3802, 'twitter', '', '', NULL, NULL, NULL, NULL, ''),
(3803, 'instagram', '', '', NULL, NULL, NULL, NULL, ''),
(3804, 'website', '', '', NULL, NULL, NULL, NULL, ''),
(3805, 'please_fill_all_fileds_in_the_form_for_contact_us', '', '', NULL, NULL, NULL, NULL, ''),
(3806, 'your_name', '', '', NULL, NULL, NULL, NULL, ''),
(3807, 'your_phone', '', '', NULL, NULL, NULL, NULL, ''),
(3808, 'your_message', '', '', NULL, NULL, NULL, NULL, ''),
(3809, 'find_us_on_the_map', '', '', NULL, NULL, NULL, NULL, ''),
(3810, 'contact', '', '', NULL, NULL, NULL, NULL, ''),
(3811, 'all_rights_reserved', '', '', NULL, NULL, NULL, NULL, ''),
(3812, 'copyright', '', '', NULL, NULL, NULL, NULL, ''),
(3813, 'youtube', '', '', NULL, NULL, NULL, NULL, ''),
(3814, 'resources', '', '', NULL, NULL, NULL, NULL, ''),
(3815, 'contact_us', '', '', NULL, NULL, NULL, NULL, ''),
(3816, 'sign_in', '', '', NULL, NULL, NULL, NULL, ''),
(3817, 'sign_up', '', '', NULL, NULL, NULL, NULL, ''),
(3818, 'recaptcha', '', '', NULL, NULL, NULL, NULL, ''),
(3819, 'recaptcha_settings', '', '', NULL, NULL, NULL, NULL, ''),
(3820, 'site_key', '', '', NULL, NULL, NULL, NULL, ''),
(3821, 'secret_key', '', '', NULL, NULL, NULL, NULL, ''),
(3822, 'the_captcha_is_required', '', '', NULL, NULL, NULL, NULL, ''),
(3823, 'map', '', '', NULL, NULL, NULL, NULL, ''),
(3824, 'google_maps', '', '', NULL, NULL, NULL, NULL, ''),
(3825, 'new_contact_message', '', '', NULL, NULL, NULL, NULL, ''),
(3826, 'message_details', '', '', NULL, NULL, NULL, NULL, ''),
(3827, 'enable_frontend', '', '', NULL, NULL, NULL, NULL, ''),
(3828, 'generate_id_card', '', '', NULL, NULL, NULL, NULL, ''),
(3829, 'verification_code', '', '', NULL, NULL, NULL, NULL, ''),
(3830, 'generated_in', '', '', NULL, NULL, NULL, NULL, ''),
(3831, 'whiteboards', '', '', NULL, NULL, NULL, NULL, ''),
(3832, 'new_whiteboard', '', '', NULL, NULL, NULL, NULL, ''),
(3833, 'view_board', '', '', NULL, NULL, NULL, NULL, ''),
(3834, 'delete_board', '', '', NULL, NULL, NULL, NULL, ''),
(3835, 'view_whiteboard', '', '', NULL, NULL, NULL, NULL, ''),
(3836, 'issue_certificate', '', '', NULL, NULL, NULL, NULL, ''),
(3837, 'certificates', '', '', NULL, NULL, NULL, NULL, ''),
(3838, 'certificates_settings', '', '', NULL, NULL, NULL, NULL, ''),
(3839, 'teacher_signature', '', '', NULL, NULL, NULL, NULL, ''),
(3840, 'teacher_must_be_upload_her_signature_on_teacher_profile', '', '', NULL, NULL, NULL, NULL, ''),
(3841, 'ceo_name', '', '', NULL, NULL, NULL, NULL, ''),
(3842, 'ceo_signature', '', '', NULL, NULL, NULL, NULL, ''),
(3843, 'text_certificate', '', '', NULL, NULL, NULL, NULL, ''),
(3844, 'location', '', '', NULL, NULL, NULL, NULL, ''),
(3845, 'certificate_style', '', '', NULL, NULL, NULL, NULL, ''),
(3846, 'vimeo_video', '', '', NULL, NULL, NULL, NULL, ''),
(3847, 'brush_size', '', '', NULL, NULL, NULL, NULL, ''),
(3848, 'font_size', '', '', NULL, NULL, NULL, NULL, ''),
(3849, 'clear_document', '', '', NULL, NULL, NULL, NULL, ''),
(3850, 'before_break', '', '', NULL, NULL, NULL, NULL, ''),
(3851, 'final_time', '', '', NULL, NULL, NULL, NULL, ''),
(3852, 'class_duration', '', '', NULL, NULL, NULL, NULL, ''),
(3853, 'after_break', '', '', NULL, NULL, NULL, NULL, ''),
(3854, 'the content has changed dont forget to save the changes', '', '', NULL, NULL, NULL, NULL, ''),
(3855, 'content_deleted', '', '', NULL, NULL, NULL, NULL, ''),
(3856, 'drag the subjects to the table (you can clone subjects using shift)', '', '', NULL, NULL, NULL, NULL, ''),
(3857, 'drag_here_to_delete', '', '', NULL, NULL, NULL, NULL, ''),
(3858, 'apply_all_week', '', '', NULL, NULL, NULL, NULL, ''),
(3859, 'break', '', '', NULL, NULL, NULL, NULL, ''),
(3860, 'apply_changes', '', '', NULL, NULL, NULL, NULL, ''),
(3861, 'please_verify_recaptcha', '', '', NULL, NULL, NULL, NULL, ''),
(3862, 'organize your schedules easily and quickly.', '', '', NULL, NULL, NULL, NULL, ''),
(3863, 'annotate', '', '', NULL, NULL, NULL, NULL, ''),
(3864, 'view_file_corrections', '', '', NULL, NULL, NULL, NULL, ''),
(3865, 'view_edited', '', '', NULL, NULL, NULL, NULL, ''),
(3866, 'make_your_attendance', '', '', NULL, NULL, NULL, NULL, ''),
(3867, 'scan_qr_to_make_your_daily_attendance', '', '', NULL, NULL, NULL, NULL, ''),
(3868, 'points_exp', '', '', NULL, NULL, NULL, NULL, ''),
(3869, 'if_is_enabled_in_rules', '', '', NULL, NULL, NULL, NULL, ''),
(3870, 'gamification', '', '', NULL, NULL, NULL, NULL, ''),
(3871, 'resume', '', '', NULL, NULL, NULL, NULL, ''),
(3872, 'levels', '', '', NULL, NULL, NULL, NULL, ''),
(3873, 'rules', '', '', NULL, NULL, NULL, NULL, ''),
(3874, 'level', '', '', NULL, NULL, NULL, NULL, ''),
(3875, 'gamification_levels', '', '', NULL, NULL, NULL, NULL, ''),
(3876, 'require', '', '', NULL, NULL, NULL, NULL, ''),
(3877, 'gamification_rules', '', '', NULL, NULL, NULL, NULL, ''),
(3878, 'exp_per_forum_reply', '', '', NULL, NULL, NULL, NULL, ''),
(3879, 'exp_per_homework_submited', '', '', NULL, NULL, NULL, NULL, ''),
(3880, 'exp_per_online_exam_submited', '', '', NULL, NULL, NULL, NULL, ''),
(3881, 'exp_per_live_class_joined', '', '', NULL, NULL, NULL, NULL, ''),
(3882, 'gamification_settings', '', '', NULL, NULL, NULL, NULL, ''),
(3883, 'enable_gamification', '', '', NULL, NULL, NULL, NULL, ''),
(3884, 'number_of_levels', '', '', NULL, NULL, NULL, NULL, ''),
(3885, 'addon_title', '', '', NULL, NULL, NULL, NULL, ''),
(3886, 'addon_short_description', '', '', NULL, NULL, NULL, NULL, ''),
(3887, 'update_level', '', '', NULL, NULL, NULL, NULL, ''),
(3888, 'online_courses', '', '', NULL, NULL, NULL, NULL, ''),
(3889, 'new_online_course', '', '', NULL, NULL, NULL, NULL, ''),
(3890, 'total_courses', '', '', NULL, NULL, NULL, NULL, ''),
(3891, 'active_courses', '', '', NULL, NULL, NULL, NULL, ''),
(3892, 'inactive_courses', '', '', NULL, NULL, NULL, NULL, ''),
(3893, 'lesson_and_section', '', '', NULL, NULL, NULL, NULL, ''),
(3894, 'outcomes', '', '', NULL, NULL, NULL, NULL, ''),
(3895, 'upload_video', '', '', NULL, NULL, NULL, NULL, ''),
(3896, 'course_thumbnail', '', '', NULL, NULL, NULL, NULL, ''),
(3897, 'local_video', '', '', NULL, NULL, NULL, NULL, ''),
(3898, 'html5_video', '', '', NULL, NULL, NULL, NULL, ''),
(3899, 'zoom_meeting_id', '', '', NULL, NULL, NULL, NULL, ''),
(3900, 'zoom_meeting_password', '', '', NULL, NULL, NULL, NULL, ''),
(3901, 'zoom_api', '', '', NULL, NULL, NULL, NULL, ''),
(3902, 'team_conferences', '', '', NULL, NULL, NULL, NULL, ''),
(3903, 'create_team_conference', '', '', NULL, NULL, NULL, NULL, ''),
(3904, 'successfully_created', '', '', NULL, NULL, NULL, NULL, ''),
(3905, 'entry', '', '', NULL, NULL, NULL, NULL, ''),
(3906, 'choose_admins', '', '', NULL, NULL, NULL, NULL, ''),
(3907, 'choose_teachers', '', '', NULL, NULL, NULL, NULL, ''),
(3908, 'team_admin_live', '', '', NULL, NULL, NULL, NULL, ''),
(3909, 'choose_admins_for_session_live', '', '', NULL, NULL, NULL, NULL, ''),
(3910, 'team_live', '', '', NULL, NULL, NULL, NULL, ''),
(3911, 'missing_files_to_sync', '', '', NULL, NULL, NULL, NULL, ''),
(3912, 'synchronized_files', '', '', NULL, NULL, NULL, NULL, ''),
(3913, 'google_drive', '', '', NULL, NULL, NULL, NULL, ''),
(3914, 'google_client_id', '', '', NULL, NULL, NULL, NULL, ''),
(3915, 'google_client_secret', '', '', NULL, NULL, NULL, NULL, ''),
(3916, 'authorized_redirect_uri', '', '', NULL, NULL, NULL, NULL, ''),
(3917, 'drive_settings', '', '', NULL, NULL, NULL, NULL, ''),
(3918, 'keep_old_files_after_sync', '', '', NULL, NULL, NULL, NULL, ''),
(3919, 'it_only_applies_to_old_files_the_new_ones_will_be_deleted_automatically.', '', '', NULL, NULL, NULL, NULL, ''),
(3920, 'success_update', '', '', NULL, NULL, NULL, NULL, ''),
(3921, 'authorize_google_drive', '', '', NULL, NULL, NULL, NULL, ''),
(3922, 'sync_drive', '', '', NULL, NULL, NULL, NULL, ''),
(3923, 'unlink_google_drive', '', '', NULL, NULL, NULL, NULL, ''),
(3924, 'if_you_unlink_the_account_all_the_files_will_be_deleted_and_you_will_not_be_able_to_recover_them', '', '', NULL, NULL, NULL, NULL, ''),
(3925, 'files_will_still_be_in_your_drive_account', '', '', NULL, NULL, NULL, NULL, ''),
(3926, 'create_homework', '', '', NULL, NULL, NULL, NULL, ''),
(3927, 'stop', '', '', NULL, NULL, NULL, NULL, ''),
(3928, 'media_type', '', '', NULL, NULL, NULL, NULL, ''),
(3929, 'video_record', '', '', NULL, NULL, NULL, NULL, ''),
(3930, 'audio_record', '', '', NULL, NULL, NULL, NULL, ''),
(3931, 'start_camera', '', '', NULL, NULL, NULL, NULL, ''),
(3932, 'record', '', '', NULL, NULL, NULL, NULL, ''),
(3933, 'play', '', '', NULL, NULL, NULL, NULL, ''),
(3934, 'restart', '', '', NULL, NULL, NULL, NULL, ''),
(3935, 'video_preview', '', '', NULL, NULL, NULL, NULL, ''),
(3936, 'audio_controls', '', '', NULL, NULL, NULL, NULL, ''),
(3937, 'again', '', '', NULL, NULL, NULL, NULL, ''),
(3938, 'audio_preview', '', '', NULL, NULL, NULL, NULL, ''),
(3939, 'uploading_media_file_please wait', '', '', NULL, NULL, NULL, NULL, ''),
(3940, 'submit_your_answer_as_video', '', '', NULL, NULL, NULL, NULL, ''),
(3941, 'submit_your_answer_as_audio', '', '', NULL, NULL, NULL, NULL, ''),
(3942, 'your_submit', '', '', NULL, NULL, NULL, NULL, ''),
(3943, 'verification', '', '', NULL, NULL, NULL, NULL, ''),
(3944, 'students_verification', '', '', NULL, NULL, NULL, NULL, ''),
(3945, 'parent_phone', '', '', NULL, NULL, NULL, NULL, ''),
(3946, 'my_online_courses', '', '', NULL, NULL, NULL, NULL, ''),
(3947, 'download_certificate', '', '', NULL, NULL, NULL, NULL, ''),
(3948, 'search_student', '', '', NULL, NULL, NULL, NULL, ''),
(3949, 'create_new_activity', '', '', NULL, NULL, NULL, NULL, ''),
(3950, 'update_activity', '', '', NULL, NULL, NULL, NULL, ''),
(3951, 'save_changes', '', '', NULL, NULL, NULL, NULL, ''),
(3952, 'class_section', '', '', NULL, NULL, NULL, NULL, ''),
(3953, 'class_section', 'Class Section', '', NULL, NULL, NULL, NULL, ''),
(3954, 'action', '', '', NULL, NULL, NULL, NULL, ''),
(3955, 'action', 'Action', '', NULL, NULL, NULL, NULL, ''),
(3956, 'add_class_section', 'Add Class and Section', '', NULL, NULL, NULL, NULL, ''),
(3957, 'edit_class_section', '', '', NULL, NULL, NULL, NULL, ''),
(3958, 'edit_class_section', 'Edit Class and Section', '', NULL, NULL, NULL, NULL, ''),
(3959, 'update', 'Update', '', NULL, NULL, NULL, NULL, '');

-- --------------------------------------------------------

--
-- Table structure for table `lesson_online`
--

CREATE TABLE `lesson_online` (
  `lesson_online_id` int(11) NOT NULL,
  `name` varchar(500) DEFAULT NULL,
  `section_online_id` int(11) DEFAULT NULL,
  `type` varchar(200) DEFAULT NULL,
  `url` varchar(300) DEFAULT NULL,
  `duration` varchar(25) DEFAULT NULL,
  `name_video` varchar(500) DEFAULT NULL,
  `image_video` varchar(300) DEFAULT NULL,
  `type_video` varchar(150) DEFAULT NULL,
  `summary` longtext DEFAULT NULL,
  `attachment` longtext DEFAULT NULL
) ENGINE=MyISAM DEFAULT CHARSET=latin1;

-- --------------------------------------------------------

--
-- Table structure for table `librarian`
--

CREATE TABLE `librarian` (
  `librarian_id` int(11) NOT NULL,
  `first_name` varchar(300) CHARACTER SET utf8 COLLATE utf8_unicode_ci NOT NULL,
  `email` varchar(300) CHARACTER SET utf8 COLLATE utf8_unicode_ci DEFAULT NULL,
  `password` varchar(300) CHARACTER SET utf8 COLLATE utf8_unicode_ci NOT NULL,
  `phone` varchar(300) CHARACTER SET utf8 COLLATE utf8_unicode_ci DEFAULT NULL,
  `address` varchar(300) CHARACTER SET utf8 COLLATE utf8_unicode_ci DEFAULT NULL,
  `username` varchar(300) CHARACTER SET utf8 COLLATE utf8_unicode_ci NOT NULL,
  `fb_token` longtext CHARACTER SET utf8 COLLATE utf8_unicode_ci DEFAULT NULL,
  `fb_id` longtext CHARACTER SET utf8 COLLATE utf8_unicode_ci DEFAULT NULL,
  `fb_photo` longtext CHARACTER SET utf8 COLLATE utf8_unicode_ci DEFAULT NULL,
  `fb_name` longtext CHARACTER SET utf8 COLLATE utf8_unicode_ci DEFAULT NULL,
  `g_oauth` longtext CHARACTER SET utf8 COLLATE utf8_unicode_ci DEFAULT NULL,
  `g_fname` longtext CHARACTER SET utf8 COLLATE utf8_unicode_ci DEFAULT NULL,
  `femail` longtext CHARACTER SET utf8 COLLATE utf8_unicode_ci DEFAULT NULL,
  `g_lname` longtext CHARACTER SET utf8 COLLATE utf8_unicode_ci DEFAULT NULL,
  `g_picture` longtext CHARACTER SET utf8 COLLATE utf8_unicode_ci DEFAULT NULL,
  `link` longtext CHARACTER SET utf8 COLLATE utf8_unicode_ci DEFAULT NULL,
  `g_email` longtext CHARACTER SET utf8 COLLATE utf8_unicode_ci DEFAULT NULL,
  `image` longtext CHARACTER SET utf8 COLLATE utf8_unicode_ci DEFAULT NULL,
  `last_name` varchar(200) CHARACTER SET utf8 COLLATE utf8_unicode_ci DEFAULT NULL,
  `gender` varchar(200) CHARACTER SET utf8 COLLATE utf8_unicode_ci DEFAULT NULL,
  `idcard` varchar(200) CHARACTER SET utf8 COLLATE utf8_unicode_ci DEFAULT NULL,
  `since` varchar(20) CHARACTER SET utf8 COLLATE utf8_unicode_ci DEFAULT NULL,
  `birthday` varchar(20) CHARACTER SET utf8 COLLATE utf8_unicode_ci DEFAULT NULL
) ENGINE=MyISAM DEFAULT CHARSET=latin1;

-- --------------------------------------------------------

--
-- Table structure for table `live`
--

CREATE TABLE `live` (
  `live_id` int(11) NOT NULL,
  `title` varchar(600) CHARACTER SET utf8 COLLATE utf8_unicode_ci DEFAULT NULL,
  `description` longtext CHARACTER SET utf8 COLLATE utf8_unicode_ci DEFAULT NULL,
  `date` varchar(200) CHARACTER SET utf8 COLLATE utf8_unicode_ci DEFAULT NULL,
  `class_id` int(11) DEFAULT NULL,
  `section_id` int(11) DEFAULT NULL,
  `subject_id` int(11) DEFAULT NULL,
  `time` varchar(200) CHARACTER SET utf8 COLLATE utf8_unicode_ci DEFAULT NULL,
  `user_type` varchar(200) CHARACTER SET utf8 COLLATE utf8_unicode_ci DEFAULT NULL,
  `user_id` int(11) DEFAULT NULL,
  `year` varchar(200) CHARACTER SET utf8 COLLATE utf8_unicode_ci DEFAULT NULL,
  `wall_type` varchar(200) CHARACTER SET utf8 COLLATE utf8_unicode_ci DEFAULT NULL,
  `publish_date` varchar(300) CHARACTER SET utf8 COLLATE utf8_unicode_ci DEFAULT NULL,
  `upload_date` varchar(300) CHARACTER SET utf8 COLLATE utf8_unicode_ci DEFAULT NULL,
  `room` longtext CHARACTER SET utf8 COLLATE utf8_unicode_ci DEFAULT NULL,
  `siteUrl` longtext CHARACTER SET utf8 COLLATE utf8_unicode_ci DEFAULT NULL,
  `liveType` int(11) DEFAULT NULL,
  `exp` varchar(10) DEFAULT NULL
) ENGINE=MyISAM DEFAULT CHARSET=latin1;

--
-- Dumping data for table `live`
--

INSERT INTO `live` (`live_id`, `title`, `description`, `date`, `class_id`, `section_id`, `subject_id`, `time`, `user_type`, `user_id`, `year`, `wall_type`, `publish_date`, `upload_date`, `room`, `siteUrl`, `liveType`, `exp`) VALUES
(2, 'Ejemplo', 'Demo', '03/22/2024', 2, 2, 9, '18:25', 'admin', 1, '2024', 'live', '2024-03-22 21:43:21', '03/22 09:43PM', '8f2e2b46c9cfc24ea0aa64cd08bc090a2f6ac16b7d', NULL, 1, '10'),
(3, 'Ejemplo 2', 'Demo', '03/22/2024', 2, 2, 9, '18:25', 'admin', 1, '2024', 'live', '2024-03-22 21:44:54', '03/22 09:44PM', '9da5af1643a9fb2a3abe693a2ed0ed67083a6afea9', 'https://meet.google.com', 2, '15');

-- --------------------------------------------------------

--
-- Table structure for table `live_status`
--

CREATE TABLE `live_status` (
  `id` int(11) NOT NULL,
  `date` varchar(300) CHARACTER SET utf8 COLLATE utf8_unicode_ci DEFAULT NULL,
  `student_id` int(11) DEFAULT NULL,
  `live_id` int(11) DEFAULT NULL
) ENGINE=MyISAM DEFAULT CHARSET=latin1;

--
-- Dumping data for table `live_status`
--

INSERT INTO `live_status` (`id`, `date`, `student_id`, `live_id`) VALUES
(1, '29/04/2024 12:37 PM', 3, 3),
(2, '29/04/2024 12:46 PM', 3, 4);

-- --------------------------------------------------------

--
-- Table structure for table `mark`
--

CREATE TABLE `mark` (
  `mark_id` int(11) NOT NULL,
  `student_id` int(11) NOT NULL,
  `subject_id` int(11) NOT NULL,
  `class_id` int(11) NOT NULL,
  `section_id` int(11) NOT NULL,
  `exam_id` int(11) NOT NULL,
  `mark_obtained` varchar(200) CHARACTER SET utf8 COLLATE utf8_unicode_ci DEFAULT NULL,
  `comment` longtext CHARACTER SET utf8 COLLATE utf8_unicode_ci DEFAULT NULL,
  `year` longtext CHARACTER SET utf8 COLLATE utf8_unicode_ci NOT NULL,
  `final` varchar(200) CHARACTER SET utf8 COLLATE utf8_unicode_ci DEFAULT NULL
) ENGINE=InnoDB DEFAULT CHARSET=utf8mb4 COLLATE=utf8mb4_unicode_ci;

--
-- Dumping data for table `mark`
--

INSERT INTO `mark` (`mark_id`, `student_id`, `subject_id`, `class_id`, `section_id`, `exam_id`, `mark_obtained`, `comment`, `year`, `final`) VALUES
(1, 3, 17, 2, 2, 12, '0', '', '2024', '0.00'),
(2, 4, 17, 2, 2, 12, '32', 'Example', '2024', '8.00'),
(3, 5, 17, 2, 2, 12, '0', 'sdfsdfdsf', '2024', '0.00'),
(4, 6, 17, 2, 2, 12, '0', '', '2024', '0.00'),
(5, 7, 17, 2, 2, 12, '15', '', '2024', '3.75'),
(6, 8, 17, 2, 2, 12, '0', '', '2024', '0.00'),
(7, 9, 17, 2, 2, 12, '0', '', '2024', '0.00'),
(8, 10, 17, 2, 2, 12, '0', 'asdsadsad', '2024', '0.00'),
(9, 11, 17, 2, 2, 12, '10', '', '2024', '2.50'),
(10, 12, 17, 2, 2, 12, '0', '', '2024', '0.00'),
(11, 13, 17, 2, 2, 12, '0', '', '2024', '0.00'),
(12, 14, 17, 2, 2, 12, '0', '', '2024', '0.00'),
(13, 15, 17, 2, 2, 12, '27', 'Demo', '2024', '6.75'),
(14, 16, 17, 2, 2, 12, '0', 'adfsdfds', '2024', '0.00'),
(15, 17, 17, 2, 2, 12, '0', '', '2024', '0.00'),
(16, 18, 17, 2, 2, 12, '0', '', '2024', '0.00'),
(17, 15, 4, 2, 2, 18, NULL, NULL, '2024', NULL),
(18, 4, 4, 2, 2, 18, NULL, NULL, '2024', NULL),
(19, 5, 4, 2, 2, 18, NULL, NULL, '2024', NULL),
(20, 12, 4, 2, 2, 18, NULL, NULL, '2024', NULL),
(21, 14, 4, 2, 2, 18, NULL, NULL, '2024', NULL),
(22, 10, 4, 2, 2, 18, NULL, NULL, '2024', NULL),
(23, 3, 4, 2, 2, 18, NULL, NULL, '2024', NULL),
(24, 18, 4, 2, 2, 18, NULL, NULL, '2024', NULL),
(25, 8, 4, 2, 2, 18, NULL, NULL, '2024', NULL),
(26, 16, 4, 2, 2, 18, NULL, NULL, '2024', NULL),
(27, 11, 4, 2, 2, 18, NULL, NULL, '2024', NULL),
(28, 17, 4, 2, 2, 18, NULL, NULL, '2024', NULL),
(29, 9, 4, 2, 2, 18, NULL, NULL, '2024', NULL),
(30, 7, 4, 2, 2, 18, NULL, NULL, '2024', NULL),
(31, 6, 4, 2, 2, 18, NULL, NULL, '2024', NULL),
(32, 13, 4, 2, 2, 18, NULL, NULL, '2024', NULL),
(33, 15, 17, 2, 2, 0, NULL, NULL, '2024', NULL),
(34, 4, 17, 2, 2, 0, NULL, NULL, '2024', NULL),
(35, 5, 17, 2, 2, 0, NULL, NULL, '2024', NULL),
(36, 12, 17, 2, 2, 0, NULL, NULL, '2024', NULL),
(37, 14, 17, 2, 2, 0, NULL, NULL, '2024', NULL),
(38, 10, 17, 2, 2, 0, NULL, NULL, '2024', NULL),
(39, 3, 17, 2, 2, 0, NULL, NULL, '2024', NULL),
(40, 18, 17, 2, 2, 0, NULL, NULL, '2024', NULL),
(41, 8, 17, 2, 2, 0, NULL, NULL, '2024', NULL),
(42, 16, 17, 2, 2, 0, NULL, NULL, '2024', NULL),
(43, 11, 17, 2, 2, 0, NULL, NULL, '2024', NULL),
(44, 17, 17, 2, 2, 0, NULL, NULL, '2024', NULL),
(45, 9, 17, 2, 2, 0, NULL, NULL, '2024', NULL),
(46, 7, 17, 2, 2, 0, NULL, NULL, '2024', NULL),
(47, 6, 17, 2, 2, 0, NULL, NULL, '2024', NULL),
(48, 13, 17, 2, 2, 0, NULL, NULL, '2024', NULL),
(49, 15, 2, 2, 2, 8, '0', '', '2024', '0.00'),
(50, 4, 2, 2, 2, 8, '0', '', '2024', '0.00'),
(51, 5, 2, 2, 2, 8, '0', '', '2024', '0.00'),
(52, 12, 2, 2, 2, 8, '0', '', '2024', '0.00'),
(53, 14, 2, 2, 2, 8, '0', '', '2024', '0.00'),
(54, 10, 2, 2, 2, 8, '0', '', '2024', '0.00'),
(55, 3, 2, 2, 2, 8, '300', '', '2024', '100.00'),
(56, 18, 2, 2, 2, 8, '0', '', '2024', '0.00'),
(57, 8, 2, 2, 2, 8, '0', '', '2024', '0.00'),
(58, 16, 2, 2, 2, 8, '0', '', '2024', '0.00'),
(59, 11, 2, 2, 2, 8, '0', '', '2024', '0.00'),
(60, 17, 2, 2, 2, 8, '0', '', '2024', '0.00'),
(61, 9, 2, 2, 2, 8, '0', '', '2024', '0.00'),
(62, 7, 2, 2, 2, 8, '0', '', '2024', '0.00'),
(63, 6, 2, 2, 2, 8, '0', '', '2024', '0.00'),
(64, 13, 2, 2, 2, 8, '0', '', '2024', '0.00'),
(65, 15, 2, 2, 2, 9, '0', NULL, '2024', '0.00'),
(66, 4, 2, 2, 2, 9, '0', NULL, '2024', '0.00'),
(67, 5, 2, 2, 2, 9, '0', NULL, '2024', '0.00'),
(68, 12, 2, 2, 2, 9, '0', NULL, '2024', '0.00'),
(69, 14, 2, 2, 2, 9, '0', NULL, '2024', '0.00'),
(70, 10, 2, 2, 2, 9, '0', NULL, '2024', '0.00'),
(71, 3, 2, 2, 2, 9, '0', NULL, '2024', '0.00'),
(72, 18, 2, 2, 2, 9, '0', NULL, '2024', '0.00'),
(73, 8, 2, 2, 2, 9, '0', NULL, '2024', '0.00'),
(74, 16, 2, 2, 2, 9, '0', NULL, '2024', '0.00'),
(75, 11, 2, 2, 2, 9, '0', NULL, '2024', '0.00'),
(76, 17, 2, 2, 2, 9, '0', NULL, '2024', '0.00'),
(77, 9, 2, 2, 2, 9, '0', NULL, '2024', '0.00'),
(78, 7, 2, 2, 2, 9, '0', NULL, '2024', '0.00'),
(79, 6, 2, 2, 2, 9, '0', NULL, '2024', '0.00'),
(80, 13, 2, 2, 2, 9, '0', NULL, '2024', '0.00'),
(81, 15, 2, 2, 2, 13, NULL, NULL, '2024', NULL),
(82, 4, 2, 2, 2, 13, NULL, NULL, '2024', NULL),
(83, 5, 2, 2, 2, 13, NULL, NULL, '2024', NULL),
(84, 12, 2, 2, 2, 13, NULL, NULL, '2024', NULL),
(85, 14, 2, 2, 2, 13, NULL, NULL, '2024', NULL),
(86, 10, 2, 2, 2, 13, NULL, NULL, '2024', NULL),
(87, 3, 2, 2, 2, 13, NULL, NULL, '2024', NULL),
(88, 18, 2, 2, 2, 13, NULL, NULL, '2024', NULL),
(89, 8, 2, 2, 2, 13, NULL, NULL, '2024', NULL),
(90, 16, 2, 2, 2, 13, NULL, NULL, '2024', NULL),
(91, 11, 2, 2, 2, 13, NULL, NULL, '2024', NULL),
(92, 17, 2, 2, 2, 13, NULL, NULL, '2024', NULL),
(93, 9, 2, 2, 2, 13, NULL, NULL, '2024', NULL),
(94, 7, 2, 2, 2, 13, NULL, NULL, '2024', NULL),
(95, 6, 2, 2, 2, 13, NULL, NULL, '2024', NULL),
(96, 13, 2, 2, 2, 13, NULL, NULL, '2024', NULL),
(97, 15, 17, 2, 2, 21, NULL, NULL, '2024', NULL),
(98, 4, 17, 2, 2, 21, NULL, NULL, '2024', NULL),
(99, 5, 17, 2, 2, 21, NULL, NULL, '2024', NULL),
(100, 12, 17, 2, 2, 21, NULL, NULL, '2024', NULL),
(101, 14, 17, 2, 2, 21, NULL, NULL, '2024', NULL),
(102, 10, 17, 2, 2, 21, NULL, NULL, '2024', NULL),
(103, 3, 17, 2, 2, 21, NULL, NULL, '2024', NULL),
(104, 18, 17, 2, 2, 21, NULL, NULL, '2024', NULL),
(105, 8, 17, 2, 2, 21, NULL, NULL, '2024', NULL),
(106, 16, 17, 2, 2, 21, NULL, NULL, '2024', NULL),
(107, 11, 17, 2, 2, 21, NULL, NULL, '2024', NULL),
(108, 17, 17, 2, 2, 21, NULL, NULL, '2024', NULL),
(109, 9, 17, 2, 2, 21, NULL, NULL, '2024', NULL),
(110, 7, 17, 2, 2, 21, NULL, NULL, '2024', NULL),
(111, 6, 17, 2, 2, 21, NULL, NULL, '2024', NULL),
(112, 13, 17, 2, 2, 21, NULL, NULL, '2024', NULL);

-- --------------------------------------------------------

--
-- Table structure for table `mark_activity`
--

CREATE TABLE `mark_activity` (
  `mark_activity_id` int(11) NOT NULL,
  `name` text CHARACTER SET latin1 NOT NULL,
  `promedio` varchar(200) CHARACTER SET latin1 DEFAULT '0',
  `subject_id` int(11) DEFAULT 0,
  `class_id` int(11) DEFAULT 0,
  `section_id` int(11) DEFAULT 0,
  `year` varchar(20) CHARACTER SET latin1 DEFAULT '0',
  `exam_id` int(11) DEFAULT 0
) ENGINE=MyISAM DEFAULT CHARSET=utf8mb4 COLLATE=utf8mb4_unicode_ci;

--
-- Dumping data for table `mark_activity`
--

INSERT INTO `mark_activity` (`mark_activity_id`, `name`, `promedio`, `subject_id`, `class_id`, `section_id`, `year`, `exam_id`) VALUES
(1, 'Corte 0°', '0', 17, 2, 2, '2024', 12),
(2, 'Lavado Cabello 2', '0', 17, 2, 2, '2024', 12),
(4, 'Mascarilla Quimica Seco 1', '0', 17, 2, 2, '2024', 12),
(7, 'PRACT 1 PRUEBA', '0', 2, 2, 2, '2024', 8),
(8, 'PRUEBA 2', '0', 2, 2, 2, '2024', 8),
(9, 'PRUEBA 3', '0', 2, 2, 2, '2024', 8),
(10, 'CORTE 90', '0', 2, 2, 2, '2024', 9),
(11, 'CORTE 50', '0', 2, 2, 2, '2024', 9),
(12, 'prueba ', '0', 17, 2, 2, '2024', 12);

-- --------------------------------------------------------

--
-- Table structure for table `mensaje_reporte`
--

CREATE TABLE `mensaje_reporte` (
  `news_message_id` int(11) NOT NULL,
  `message` longtext COLLATE utf8_unicode_ci NOT NULL,
  `news_id` int(11) NOT NULL,
  `date` longtext COLLATE utf8_unicode_ci NOT NULL,
  `user_type` longtext COLLATE utf8_unicode_ci NOT NULL,
  `user_id` int(11) NOT NULL
) ENGINE=InnoDB DEFAULT CHARSET=utf8 COLLATE=utf8_unicode_ci;

-- --------------------------------------------------------

--
-- Table structure for table `message`
--

CREATE TABLE `message` (
  `message_id` int(11) NOT NULL,
  `message_thread_code` longtext CHARACTER SET utf8 COLLATE utf8_unicode_ci NOT NULL,
  `message` longtext CHARACTER SET utf8 COLLATE utf8_unicode_ci NOT NULL,
  `sender` longtext CHARACTER SET utf8 COLLATE utf8_unicode_ci NOT NULL,
  `timestamp` longtext CHARACTER SET utf8 COLLATE utf8_unicode_ci NOT NULL,
  `read_status` int(11) NOT NULL DEFAULT 0 COMMENT '0 unread 1 read',
  `file_name` longtext CHARACTER SET utf8 COLLATE utf8_unicode_ci DEFAULT NULL,
  `reciever` varchar(200) CHARACTER SET utf8 COLLATE utf8_unicode_ci DEFAULT NULL,
  `file_type` varchar(200) CHARACTER SET utf8 COLLATE utf8_unicode_ci DEFAULT NULL
) ENGINE=MyISAM DEFAULT CHARSET=latin1;

--
-- Dumping data for table `message`
--

INSERT INTO `message` (`message_id`, `message_thread_code`, `message`, `sender`, `timestamp`, `read_status`, `file_name`, `reciever`, `file_type`) VALUES
(2, 'ffb38ba9e8e69ca', 'hola', 'admin-1', '03/21 04:35PM', 1, '', 'teacher-2', '');

-- --------------------------------------------------------

--
-- Table structure for table `message_thread`
--

CREATE TABLE `message_thread` (
  `message_thread_id` int(11) NOT NULL,
  `message_thread_code` longtext COLLATE utf8_unicode_ci NOT NULL,
  `sender` longtext COLLATE utf8_unicode_ci NOT NULL,
  `reciever` longtext COLLATE utf8_unicode_ci NOT NULL,
  `last_message_timestamp` longtext COLLATE utf8_unicode_ci DEFAULT NULL
) ENGINE=InnoDB DEFAULT CHARSET=utf8 COLLATE=utf8_unicode_ci;

--
-- Dumping data for table `message_thread`
--

INSERT INTO `message_thread` (`message_thread_id`, `message_thread_code`, `sender`, `reciever`, `last_message_timestamp`) VALUES
(2, 'ffb38ba9e8e69ca', 'admin-1', 'teacher-2', '2024-03-21 16:35:28');

-- --------------------------------------------------------

--
-- Table structure for table `news`
--

CREATE TABLE `news` (
  `news_id` int(11) NOT NULL,
  `news_code` longtext COLLATE utf8_unicode_ci NOT NULL,
  `description` longtext COLLATE utf8_unicode_ci NOT NULL,
  `date` varchar(70) COLLATE utf8_unicode_ci NOT NULL,
  `type` varchar(10) COLLATE utf8_unicode_ci NOT NULL,
  `date2` varchar(200) COLLATE utf8_unicode_ci DEFAULT NULL,
  `publish_date` varchar(20) COLLATE utf8_unicode_ci DEFAULT NULL,
  `admin_id` int(11) DEFAULT NULL,
  `embed` longtext COLLATE utf8_unicode_ci DEFAULT NULL,
  `class_id` int(11) NOT NULL DEFAULT 0,
  `section_id` int(11) NOT NULL DEFAULT 0,
  `subject_id` int(11) NOT NULL DEFAULT 0,
  `is_public` int(11) DEFAULT 0 COMMENT '\r\n',
  `user` varchar(10) COLLATE utf8_unicode_ci DEFAULT NULL
) ENGINE=MyISAM DEFAULT CHARSET=utf8 COLLATE=utf8_unicode_ci;

--
-- Dumping data for table `news`
--

INSERT INTO `news` (`news_id`, `news_code`, `description`, `date`, `type`, `date2`, `publish_date`, `admin_id`, `embed`, `class_id`, `section_id`, `subject_id`, `is_public`, `user`) VALUES
(10, 'bd76615c50', 'PRUEBA\r\n', '04/05', 'news', '04/05', '2024-04-05 14:54:36', 1, NULL, 0, 0, 0, 1, 'admin');

-- --------------------------------------------------------

--
-- Table structure for table `nota_capacidad`
--

CREATE TABLE `nota_capacidad` (
  `nota_capacidad_id` bigint(20) NOT NULL,
  `nota` varchar(20) CHARACTER SET latin1 DEFAULT '0',
  `mark_activity_id` int(11) DEFAULT NULL,
  `student_id` int(11) DEFAULT NULL
) ENGINE=MyISAM DEFAULT CHARSET=utf8mb4 COLLATE=utf8mb4_unicode_ci;

--
-- Dumping data for table `nota_capacidad`
--

INSERT INTO `nota_capacidad` (`nota_capacidad_id`, `nota`, `mark_activity_id`, `student_id`) VALUES
(1, '0', 1, 3),
(2, '12', 1, 4),
(3, '0', 1, 5),
(4, '0', 1, 6),
(5, '15', 1, 7),
(6, '0', 1, 8),
(7, '0', 1, 9),
(8, '0', 1, 10),
(9, '0', 1, 11),
(10, '0', 1, 12),
(11, '0', 1, 13),
(12, '0', 1, 14),
(13, '15', 1, 15),
(14, '0', 1, 16),
(15, '0', 1, 17),
(16, '0', 1, 18),
(17, '0', 2, 3),
(18, '20', 2, 4),
(19, '0', 2, 5),
(20, '0', 2, 6),
(21, '0', 2, 7),
(22, '0', 2, 8),
(23, '0', 2, 9),
(24, '0', 2, 10),
(25, '10', 2, 11),
(26, '0', 2, 12),
(27, '0', 2, 13),
(28, '0', 2, 14),
(29, '12', 2, 15),
(30, '0', 2, 16),
(31, '0', 2, 17),
(32, '0', 2, 18),
(64, '0', 4, 18),
(63, '0', 4, 17),
(62, '0', 4, 16),
(61, '0', 4, 15),
(60, '0', 4, 14),
(59, '0', 4, 13),
(58, '0', 4, 12),
(57, '0', 4, 11),
(56, '0', 4, 10),
(55, '0', 4, 9),
(54, '0', 4, 8),
(53, '0', 4, 7),
(52, '0', 4, 6),
(51, '0', 4, 5),
(50, '0', 4, 4),
(49, '0', 4, 3),
(112, '0', 7, 18),
(111, '0', 7, 17),
(110, '0', 7, 16),
(109, '', 7, 15),
(108, '0', 7, 14),
(107, '0', 7, 13),
(106, '0', 7, 12),
(105, '0', 7, 11),
(104, '0', 7, 10),
(103, '0', 7, 9),
(102, '0', 7, 8),
(101, '0', 7, 7),
(100, '0', 7, 6),
(99, '0', 7, 5),
(98, '0', 7, 4),
(97, '150', 7, 3),
(113, '150', 8, 3),
(114, '0', 8, 4),
(115, '0', 8, 5),
(116, '0', 8, 6),
(117, '0', 8, 7),
(118, '0', 8, 8),
(119, '0', 8, 9),
(120, '0', 8, 10),
(121, '0', 8, 11),
(122, '0', 8, 12),
(123, '0', 8, 13),
(124, '0', 8, 14),
(125, '', 8, 15),
(126, '0', 8, 16),
(127, '0', 8, 17),
(128, '0', 8, 18),
(129, '150', 9, 3),
(130, '0', 9, 4),
(131, '0', 9, 5),
(132, '0', 9, 6),
(133, '0', 9, 7),
(134, '0', 9, 8),
(135, '0', 9, 9),
(136, '0', 9, 10),
(137, '0', 9, 11),
(138, '0', 9, 12),
(139, '0', 9, 13),
(140, '0', 9, 14),
(141, '', 9, 15),
(142, '0', 9, 16),
(143, '0', 9, 17),
(144, '0', 9, 18),
(145, '0', 10, 3),
(146, '0', 10, 4),
(147, '0', 10, 5),
(148, '0', 10, 6),
(149, '0', 10, 7),
(150, '0', 10, 8),
(151, '0', 10, 9),
(152, '0', 10, 10),
(153, '0', 10, 11),
(154, '0', 10, 12),
(155, '0', 10, 13),
(156, '0', 10, 14),
(157, '0', 10, 15),
(158, '0', 10, 16),
(159, '0', 10, 17),
(160, '0', 10, 18),
(161, '0', 11, 3),
(162, '0', 11, 4),
(163, '0', 11, 5),
(164, '0', 11, 6),
(165, '0', 11, 7),
(166, '0', 11, 8),
(167, '0', 11, 9),
(168, '0', 11, 10),
(169, '0', 11, 11),
(170, '0', 11, 12),
(171, '0', 11, 13),
(172, '0', 11, 14),
(173, '0', 11, 15),
(174, '0', 11, 16),
(175, '0', 11, 17),
(176, '0', 11, 18),
(177, '0', 12, 3),
(178, '0', 12, 4),
(179, '0', 12, 5),
(180, '0', 12, 6),
(181, '0', 12, 7),
(182, '0', 12, 8),
(183, '0', 12, 9),
(184, '0', 12, 10),
(185, '0', 12, 11),
(186, '0', 12, 12),
(187, '0', 12, 13),
(188, '0', 12, 14),
(189, '0', 12, 15),
(190, '0', 12, 16),
(191, '0', 12, 17),
(192, '0', 12, 18);

-- --------------------------------------------------------

--
-- Table structure for table `notice_message`
--

CREATE TABLE `notice_message` (
  `notice_message_id` int(11) NOT NULL,
  `message` longtext CHARACTER SET utf8 COLLATE utf8_unicode_ci NOT NULL,
  `notice_id` int(11) NOT NULL,
  `date` longtext CHARACTER SET utf8 COLLATE utf8_unicode_ci NOT NULL,
  `user_type` longtext CHARACTER SET utf8 COLLATE utf8_unicode_ci NOT NULL,
  `user_id` int(11) NOT NULL,
  `message_file_name` longtext CHARACTER SET utf8 COLLATE utf8_unicode_ci NOT NULL
) ENGINE=InnoDB DEFAULT CHARSET=latin1;

-- --------------------------------------------------------

--
-- Table structure for table `notification`
--

CREATE TABLE `notification` (
  `id` int(11) NOT NULL,
  `user_id` int(11) DEFAULT NULL,
  `user_type` varchar(200) CHARACTER SET utf8 COLLATE utf8_unicode_ci DEFAULT NULL,
  `date` varchar(200) CHARACTER SET utf8 COLLATE utf8_unicode_ci DEFAULT NULL,
  `time` varchar(200) CHARACTER SET utf8 COLLATE utf8_unicode_ci DEFAULT NULL,
  `status` int(11) DEFAULT 0,
  `notify` varchar(500) CHARACTER SET utf8 COLLATE utf8_unicode_ci DEFAULT NULL,
  `original_id` int(11) DEFAULT NULL,
  `original_type` varchar(200) CHARACTER SET utf8 COLLATE utf8_unicode_ci DEFAULT NULL,
  `url` longtext CHARACTER SET utf8 COLLATE utf8_unicode_ci DEFAULT NULL,
  `type` varchar(200) CHARACTER SET utf8 COLLATE utf8_unicode_ci DEFAULT NULL,
  `class_id` int(11) DEFAULT 0,
  `subject_id` int(11) DEFAULT 0,
  `year` varchar(20) CHARACTER SET utf8 COLLATE utf8_unicode_ci DEFAULT NULL,
  `section_id` int(11) DEFAULT NULL
) ENGINE=InnoDB DEFAULT CHARSET=latin1;

--
-- Dumping data for table `notification`
--

INSERT INTO `notification` (`id`, `user_id`, `user_type`, `date`, `time`, `status`, `notify`, `original_id`, `original_type`, `url`, `type`, `class_id`, `subject_id`, `year`, `section_id`) VALUES
(1, 2, 'student', '03/21', '02:57 PM', 0, '<strong>Mr. Admin</strong> Ha creado una nueva tarea con el título <b>ejemplo</b>', 1, 'admin', 'student/homeworkroom/3db17d7e27', 'homework', 2, 8, '2024', 2),
(2, 3, 'student', '03/21', '02:57 PM', 0, '<strong>Mr. Admin</strong> Ha creado una nueva tarea con el título <b>ejemplo</b>', 1, 'admin', 'student/homeworkroom/3db17d7e27', 'homework', 2, 8, '2024', 2),
(3, 4, 'student', '03/21', '02:57 PM', 0, '<strong>Mr. Admin</strong> Ha creado una nueva tarea con el título <b>ejemplo</b>', 1, 'admin', 'student/homeworkroom/3db17d7e27', 'homework', 2, 8, '2024', 2),
(4, 5, 'student', '03/21', '02:57 PM', 0, '<strong>Mr. Admin</strong> Ha creado una nueva tarea con el título <b>ejemplo</b>', 1, 'admin', 'student/homeworkroom/3db17d7e27', 'homework', 2, 8, '2024', 2),
(5, 6, 'student', '03/21', '02:57 PM', 0, '<strong>Mr. Admin</strong> Ha creado una nueva tarea con el título <b>ejemplo</b>', 1, 'admin', 'student/homeworkroom/3db17d7e27', 'homework', 2, 8, '2024', 2),
(6, 7, 'student', '03/21', '02:57 PM', 0, '<strong>Mr. Admin</strong> Ha creado una nueva tarea con el título <b>ejemplo</b>', 1, 'admin', 'student/homeworkroom/3db17d7e27', 'homework', 2, 8, '2024', 2),
(7, 8, 'student', '03/21', '02:57 PM', 0, '<strong>Mr. Admin</strong> Ha creado una nueva tarea con el título <b>ejemplo</b>', 1, 'admin', 'student/homeworkroom/3db17d7e27', 'homework', 2, 8, '2024', 2),
(8, 9, 'student', '03/21', '02:57 PM', 0, '<strong>Mr. Admin</strong> Ha creado una nueva tarea con el título <b>ejemplo</b>', 1, 'admin', 'student/homeworkroom/3db17d7e27', 'homework', 2, 8, '2024', 2),
(9, 10, 'student', '03/21', '02:57 PM', 0, '<strong>Mr. Admin</strong> Ha creado una nueva tarea con el título <b>ejemplo</b>', 1, 'admin', 'student/homeworkroom/3db17d7e27', 'homework', 2, 8, '2024', 2),
(10, 11, 'student', '03/21', '02:57 PM', 0, '<strong>Mr. Admin</strong> Ha creado una nueva tarea con el título <b>ejemplo</b>', 1, 'admin', 'student/homeworkroom/3db17d7e27', 'homework', 2, 8, '2024', 2),
(11, 12, 'student', '03/21', '02:57 PM', 0, '<strong>Mr. Admin</strong> Ha creado una nueva tarea con el título <b>ejemplo</b>', 1, 'admin', 'student/homeworkroom/3db17d7e27', 'homework', 2, 8, '2024', 2),
(12, 2, 'student', '03/21', '03:04 PM', 0, 'New Notice Info', 0, 'admin', 'student/panel', 'news', 0, 0, '2024', NULL),
(13, 3, 'student', '03/21', '03:04 PM', 0, 'New Notice Info', 0, 'admin', 'student/panel', 'news', 0, 0, '2024', NULL),
(14, 4, 'student', '03/21', '03:04 PM', 0, 'New Notice Info', 0, 'admin', 'student/panel', 'news', 0, 0, '2024', NULL),
(15, 5, 'student', '03/21', '03:04 PM', 0, 'New Notice Info', 0, 'admin', 'student/panel', 'news', 0, 0, '2024', NULL),
(16, 6, 'student', '03/21', '03:04 PM', 0, 'New Notice Info', 0, 'admin', 'student/panel', 'news', 0, 0, '2024', NULL),
(17, 7, 'student', '03/21', '03:04 PM', 0, 'New Notice Info', 0, 'admin', 'student/panel', 'news', 0, 0, '2024', NULL),
(18, 8, 'student', '03/21', '03:04 PM', 0, 'New Notice Info', 0, 'admin', 'student/panel', 'news', 0, 0, '2024', NULL),
(19, 9, 'student', '03/21', '03:04 PM', 0, 'New Notice Info', 0, 'admin', 'student/panel', 'news', 0, 0, '2024', NULL),
(20, 10, 'student', '03/21', '03:04 PM', 0, 'New Notice Info', 0, 'admin', 'student/panel', 'news', 0, 0, '2024', NULL),
(21, 11, 'student', '03/21', '03:04 PM', 0, 'New Notice Info', 0, 'admin', 'student/panel', 'news', 0, 0, '2024', NULL),
(22, 12, 'student', '03/21', '03:04 PM', 0, 'New Notice Info', 0, 'admin', 'student/panel', 'news', 0, 0, '2024', NULL),
(23, 13, 'student', '03/21', '03:04 PM', 0, 'New Notice Info', 0, 'admin', 'student/panel', 'news', 0, 0, '2024', NULL),
(24, 2, 'teacher', '03/21', '03:04 PM', 0, 'New Notice Info', 0, 'admin', 'teacher/panel', 'news', 0, 0, '2024', NULL),
(25, 3, 'teacher', '03/21', '03:04 PM', 0, 'New Notice Info', 0, 'admin', 'teacher/panel', 'news', 0, 0, '2024', NULL),
(26, 4, 'teacher', '03/21', '03:04 PM', 0, 'New Notice Info', 0, 'admin', 'teacher/panel', 'news', 0, 0, '2024', NULL),
(27, 5, 'teacher', '03/21', '03:04 PM', 0, 'New Notice Info', 0, 'admin', 'teacher/panel', 'news', 0, 0, '2024', NULL),
(28, 6, 'teacher', '03/21', '03:04 PM', 0, 'New Notice Info', 0, 'admin', 'teacher/panel', 'news', 0, 0, '2024', NULL),
(29, 7, 'teacher', '03/21', '03:04 PM', 0, 'New Notice Info', 0, 'admin', 'teacher/panel', 'news', 0, 0, '2024', NULL),
(30, 2, 'teacher', '03/21', '04:35 PM', 0, '<strong>Mr. Admin</strong> te ha enviado un nuevo mensaje', 1, 'admin', 'teacher/message/message_read/ffb38ba9e8e69ca/', 'message', 0, 0, '2024', NULL),
(31, 3, 'student', '03/21', '08:48 PM', 0, 'New Notice Info', 0, 'admin', 'student/panel', 'news', 0, 0, '2024', NULL),
(32, 4, 'student', '03/21', '08:48 PM', 0, 'New Notice Info', 0, 'admin', 'student/panel', 'news', 0, 0, '2024', NULL),
(33, 5, 'student', '03/21', '08:48 PM', 0, 'New Notice Info', 0, 'admin', 'student/panel', 'news', 0, 0, '2024', NULL),
(34, 6, 'student', '03/21', '08:48 PM', 0, 'New Notice Info', 0, 'admin', 'student/panel', 'news', 0, 0, '2024', NULL),
(35, 7, 'student', '03/21', '08:48 PM', 0, 'New Notice Info', 0, 'admin', 'student/panel', 'news', 0, 0, '2024', NULL),
(36, 8, 'student', '03/21', '08:48 PM', 0, 'New Notice Info', 0, 'admin', 'student/panel', 'news', 0, 0, '2024', NULL),
(37, 9, 'student', '03/21', '08:48 PM', 0, 'New Notice Info', 0, 'admin', 'student/panel', 'news', 0, 0, '2024', NULL),
(38, 10, 'student', '03/21', '08:48 PM', 0, 'New Notice Info', 0, 'admin', 'student/panel', 'news', 0, 0, '2024', NULL),
(39, 11, 'student', '03/21', '08:48 PM', 0, 'New Notice Info', 0, 'admin', 'student/panel', 'news', 0, 0, '2024', NULL),
(40, 12, 'student', '03/21', '08:48 PM', 0, 'New Notice Info', 0, 'admin', 'student/panel', 'news', 0, 0, '2024', NULL),
(41, 13, 'student', '03/21', '08:48 PM', 0, 'New Notice Info', 0, 'admin', 'student/panel', 'news', 0, 0, '2024', NULL),
(42, 14, 'student', '03/21', '08:48 PM', 0, 'New Notice Info', 0, 'admin', 'student/panel', 'news', 0, 0, '2024', NULL),
(43, 15, 'student', '03/21', '08:48 PM', 0, 'New Notice Info', 0, 'admin', 'student/panel', 'news', 0, 0, '2024', NULL),
(44, 16, 'student', '03/21', '08:48 PM', 0, 'New Notice Info', 0, 'admin', 'student/panel', 'news', 0, 0, '2024', NULL),
(45, 17, 'student', '03/21', '08:48 PM', 0, 'New Notice Info', 0, 'admin', 'student/panel', 'news', 0, 0, '2024', NULL),
(46, 18, 'student', '03/21', '08:48 PM', 0, 'New Notice Info', 0, 'admin', 'student/panel', 'news', 0, 0, '2024', NULL),
(47, 19, 'student', '03/21', '08:48 PM', 0, 'New Notice Info', 0, 'admin', 'student/panel', 'news', 0, 0, '2024', NULL),
(48, 20, 'student', '03/21', '08:48 PM', 0, 'New Notice Info', 0, 'admin', 'student/panel', 'news', 0, 0, '2024', NULL),
(49, 21, 'student', '03/21', '08:48 PM', 0, 'New Notice Info', 0, 'admin', 'student/panel', 'news', 0, 0, '2024', NULL),
(50, 22, 'student', '03/21', '08:48 PM', 0, 'New Notice Info', 0, 'admin', 'student/panel', 'news', 0, 0, '2024', NULL),
(51, 23, 'student', '03/21', '08:48 PM', 0, 'New Notice Info', 0, 'admin', 'student/panel', 'news', 0, 0, '2024', NULL),
(52, 24, 'student', '03/21', '08:48 PM', 0, 'New Notice Info', 0, 'admin', 'student/panel', 'news', 0, 0, '2024', NULL),
(53, 25, 'student', '03/21', '08:48 PM', 0, 'New Notice Info', 0, 'admin', 'student/panel', 'news', 0, 0, '2024', NULL),
(54, 26, 'student', '03/21', '08:48 PM', 0, 'New Notice Info', 0, 'admin', 'student/panel', 'news', 0, 0, '2024', NULL),
(55, 27, 'student', '03/21', '08:48 PM', 0, 'New Notice Info', 0, 'admin', 'student/panel', 'news', 0, 0, '2024', NULL),
(56, 28, 'student', '03/21', '08:48 PM', 0, 'New Notice Info', 0, 'admin', 'student/panel', 'news', 0, 0, '2024', NULL),
(57, 29, 'student', '03/21', '08:48 PM', 0, 'New Notice Info', 0, 'admin', 'student/panel', 'news', 0, 0, '2024', NULL),
(58, 30, 'student', '03/21', '08:48 PM', 0, 'New Notice Info', 0, 'admin', 'student/panel', 'news', 0, 0, '2024', NULL),
(59, 31, 'student', '03/21', '08:48 PM', 0, 'New Notice Info', 0, 'admin', 'student/panel', 'news', 0, 0, '2024', NULL),
(60, 32, 'student', '03/21', '08:48 PM', 0, 'New Notice Info', 0, 'admin', 'student/panel', 'news', 0, 0, '2024', NULL),
(61, 33, 'student', '03/21', '08:48 PM', 0, 'New Notice Info', 0, 'admin', 'student/panel', 'news', 0, 0, '2024', NULL),
(62, 34, 'student', '03/21', '08:48 PM', 0, 'New Notice Info', 0, 'admin', 'student/panel', 'news', 0, 0, '2024', NULL),
(63, 35, 'student', '03/21', '08:48 PM', 0, 'New Notice Info', 0, 'admin', 'student/panel', 'news', 0, 0, '2024', NULL),
(64, 2, 'teacher', '03/21', '08:48 PM', 0, 'New Notice Info', 0, 'admin', 'teacher/panel', 'news', 0, 0, '2024', NULL),
(65, 3, 'teacher', '03/21', '08:48 PM', 0, 'New Notice Info', 0, 'admin', 'teacher/panel', 'news', 0, 0, '2024', NULL),
(66, 4, 'teacher', '03/21', '08:48 PM', 0, 'New Notice Info', 0, 'admin', 'teacher/panel', 'news', 0, 0, '2024', NULL),
(67, 5, 'teacher', '03/21', '08:48 PM', 0, 'New Notice Info', 0, 'admin', 'teacher/panel', 'news', 0, 0, '2024', NULL),
(68, 6, 'teacher', '03/21', '08:48 PM', 0, 'New Notice Info', 0, 'admin', 'teacher/panel', 'news', 0, 0, '2024', NULL),
(69, 7, 'teacher', '03/21', '08:48 PM', 0, 'New Notice Info', 0, 'admin', 'teacher/panel', 'news', 0, 0, '2024', NULL),
(70, 3, 'student', '03/21', '08:50 PM', 0, 'New Notice Info', 0, 'admin', 'student/panel', 'news', 0, 0, '2024', NULL),
(71, 4, 'student', '03/21', '08:50 PM', 0, 'New Notice Info', 0, 'admin', 'student/panel', 'news', 0, 0, '2024', NULL),
(72, 5, 'student', '03/21', '08:50 PM', 0, 'New Notice Info', 0, 'admin', 'student/panel', 'news', 0, 0, '2024', NULL),
(73, 6, 'student', '03/21', '08:50 PM', 0, 'New Notice Info', 0, 'admin', 'student/panel', 'news', 0, 0, '2024', NULL),
(74, 7, 'student', '03/21', '08:50 PM', 0, 'New Notice Info', 0, 'admin', 'student/panel', 'news', 0, 0, '2024', NULL),
(75, 8, 'student', '03/21', '08:50 PM', 0, 'New Notice Info', 0, 'admin', 'student/panel', 'news', 0, 0, '2024', NULL),
(76, 9, 'student', '03/21', '08:50 PM', 0, 'New Notice Info', 0, 'admin', 'student/panel', 'news', 0, 0, '2024', NULL),
(77, 10, 'student', '03/21', '08:50 PM', 0, 'New Notice Info', 0, 'admin', 'student/panel', 'news', 0, 0, '2024', NULL),
(78, 11, 'student', '03/21', '08:50 PM', 0, 'New Notice Info', 0, 'admin', 'student/panel', 'news', 0, 0, '2024', NULL),
(79, 12, 'student', '03/21', '08:50 PM', 0, 'New Notice Info', 0, 'admin', 'student/panel', 'news', 0, 0, '2024', NULL),
(80, 13, 'student', '03/21', '08:50 PM', 0, 'New Notice Info', 0, 'admin', 'student/panel', 'news', 0, 0, '2024', NULL),
(81, 14, 'student', '03/21', '08:50 PM', 0, 'New Notice Info', 0, 'admin', 'student/panel', 'news', 0, 0, '2024', NULL),
(82, 15, 'student', '03/21', '08:50 PM', 0, 'New Notice Info', 0, 'admin', 'student/panel', 'news', 0, 0, '2024', NULL),
(83, 16, 'student', '03/21', '08:50 PM', 0, 'New Notice Info', 0, 'admin', 'student/panel', 'news', 0, 0, '2024', NULL),
(84, 17, 'student', '03/21', '08:50 PM', 0, 'New Notice Info', 0, 'admin', 'student/panel', 'news', 0, 0, '2024', NULL),
(85, 18, 'student', '03/21', '08:50 PM', 0, 'New Notice Info', 0, 'admin', 'student/panel', 'news', 0, 0, '2024', NULL),
(86, 19, 'student', '03/21', '08:50 PM', 0, 'New Notice Info', 0, 'admin', 'student/panel', 'news', 0, 0, '2024', NULL),
(87, 20, 'student', '03/21', '08:50 PM', 0, 'New Notice Info', 0, 'admin', 'student/panel', 'news', 0, 0, '2024', NULL),
(88, 21, 'student', '03/21', '08:50 PM', 0, 'New Notice Info', 0, 'admin', 'student/panel', 'news', 0, 0, '2024', NULL),
(89, 22, 'student', '03/21', '08:50 PM', 0, 'New Notice Info', 0, 'admin', 'student/panel', 'news', 0, 0, '2024', NULL),
(90, 23, 'student', '03/21', '08:50 PM', 0, 'New Notice Info', 0, 'admin', 'student/panel', 'news', 0, 0, '2024', NULL),
(91, 24, 'student', '03/21', '08:50 PM', 0, 'New Notice Info', 0, 'admin', 'student/panel', 'news', 0, 0, '2024', NULL),
(92, 25, 'student', '03/21', '08:50 PM', 0, 'New Notice Info', 0, 'admin', 'student/panel', 'news', 0, 0, '2024', NULL),
(93, 26, 'student', '03/21', '08:50 PM', 0, 'New Notice Info', 0, 'admin', 'student/panel', 'news', 0, 0, '2024', NULL),
(94, 27, 'student', '03/21', '08:50 PM', 0, 'New Notice Info', 0, 'admin', 'student/panel', 'news', 0, 0, '2024', NULL),
(95, 28, 'student', '03/21', '08:50 PM', 0, 'New Notice Info', 0, 'admin', 'student/panel', 'news', 0, 0, '2024', NULL),
(96, 29, 'student', '03/21', '08:50 PM', 0, 'New Notice Info', 0, 'admin', 'student/panel', 'news', 0, 0, '2024', NULL),
(97, 30, 'student', '03/21', '08:50 PM', 0, 'New Notice Info', 0, 'admin', 'student/panel', 'news', 0, 0, '2024', NULL),
(98, 31, 'student', '03/21', '08:50 PM', 0, 'New Notice Info', 0, 'admin', 'student/panel', 'news', 0, 0, '2024', NULL),
(99, 32, 'student', '03/21', '08:50 PM', 0, 'New Notice Info', 0, 'admin', 'student/panel', 'news', 0, 0, '2024', NULL),
(100, 33, 'student', '03/21', '08:50 PM', 0, 'New Notice Info', 0, 'admin', 'student/panel', 'news', 0, 0, '2024', NULL),
(101, 34, 'student', '03/21', '08:50 PM', 0, 'New Notice Info', 0, 'admin', 'student/panel', 'news', 0, 0, '2024', NULL),
(102, 35, 'student', '03/21', '08:50 PM', 0, 'New Notice Info', 0, 'admin', 'student/panel', 'news', 0, 0, '2024', NULL),
(103, 2, 'teacher', '03/21', '08:50 PM', 0, 'New Notice Info', 0, 'admin', 'teacher/panel', 'news', 0, 0, '2024', NULL),
(104, 3, 'teacher', '03/21', '08:50 PM', 0, 'New Notice Info', 0, 'admin', 'teacher/panel', 'news', 0, 0, '2024', NULL),
(105, 4, 'teacher', '03/21', '08:50 PM', 0, 'New Notice Info', 0, 'admin', 'teacher/panel', 'news', 0, 0, '2024', NULL),
(106, 5, 'teacher', '03/21', '08:50 PM', 0, 'New Notice Info', 0, 'admin', 'teacher/panel', 'news', 0, 0, '2024', NULL),
(107, 6, 'teacher', '03/21', '08:50 PM', 0, 'New Notice Info', 0, 'admin', 'teacher/panel', 'news', 0, 0, '2024', NULL),
(108, 7, 'teacher', '03/21', '08:50 PM', 0, 'New Notice Info', 0, 'admin', 'teacher/panel', 'news', 0, 0, '2024', NULL),
(109, 3, 'student', '03/21', '08:50 PM', 0, 'New Notice Info', 0, 'admin', 'student/panel', 'news', 0, 0, '2024', NULL),
(110, 4, 'student', '03/21', '08:50 PM', 0, 'New Notice Info', 0, 'admin', 'student/panel', 'news', 0, 0, '2024', NULL),
(111, 5, 'student', '03/21', '08:50 PM', 0, 'New Notice Info', 0, 'admin', 'student/panel', 'news', 0, 0, '2024', NULL),
(112, 6, 'student', '03/21', '08:50 PM', 0, 'New Notice Info', 0, 'admin', 'student/panel', 'news', 0, 0, '2024', NULL),
(113, 7, 'student', '03/21', '08:50 PM', 0, 'New Notice Info', 0, 'admin', 'student/panel', 'news', 0, 0, '2024', NULL),
(114, 8, 'student', '03/21', '08:50 PM', 0, 'New Notice Info', 0, 'admin', 'student/panel', 'news', 0, 0, '2024', NULL),
(115, 9, 'student', '03/21', '08:50 PM', 0, 'New Notice Info', 0, 'admin', 'student/panel', 'news', 0, 0, '2024', NULL),
(116, 10, 'student', '03/21', '08:50 PM', 0, 'New Notice Info', 0, 'admin', 'student/panel', 'news', 0, 0, '2024', NULL),
(117, 11, 'student', '03/21', '08:50 PM', 0, 'New Notice Info', 0, 'admin', 'student/panel', 'news', 0, 0, '2024', NULL),
(118, 12, 'student', '03/21', '08:50 PM', 0, 'New Notice Info', 0, 'admin', 'student/panel', 'news', 0, 0, '2024', NULL),
(119, 13, 'student', '03/21', '08:50 PM', 0, 'New Notice Info', 0, 'admin', 'student/panel', 'news', 0, 0, '2024', NULL),
(120, 14, 'student', '03/21', '08:50 PM', 0, 'New Notice Info', 0, 'admin', 'student/panel', 'news', 0, 0, '2024', NULL),
(121, 15, 'student', '03/21', '08:50 PM', 0, 'New Notice Info', 0, 'admin', 'student/panel', 'news', 0, 0, '2024', NULL),
(122, 16, 'student', '03/21', '08:50 PM', 0, 'New Notice Info', 0, 'admin', 'student/panel', 'news', 0, 0, '2024', NULL),
(123, 17, 'student', '03/21', '08:50 PM', 0, 'New Notice Info', 0, 'admin', 'student/panel', 'news', 0, 0, '2024', NULL),
(124, 18, 'student', '03/21', '08:50 PM', 0, 'New Notice Info', 0, 'admin', 'student/panel', 'news', 0, 0, '2024', NULL),
(125, 19, 'student', '03/21', '08:50 PM', 0, 'New Notice Info', 0, 'admin', 'student/panel', 'news', 0, 0, '2024', NULL),
(126, 20, 'student', '03/21', '08:50 PM', 0, 'New Notice Info', 0, 'admin', 'student/panel', 'news', 0, 0, '2024', NULL),
(127, 21, 'student', '03/21', '08:50 PM', 0, 'New Notice Info', 0, 'admin', 'student/panel', 'news', 0, 0, '2024', NULL),
(128, 22, 'student', '03/21', '08:50 PM', 0, 'New Notice Info', 0, 'admin', 'student/panel', 'news', 0, 0, '2024', NULL),
(129, 23, 'student', '03/21', '08:50 PM', 0, 'New Notice Info', 0, 'admin', 'student/panel', 'news', 0, 0, '2024', NULL),
(130, 24, 'student', '03/21', '08:50 PM', 0, 'New Notice Info', 0, 'admin', 'student/panel', 'news', 0, 0, '2024', NULL),
(131, 25, 'student', '03/21', '08:50 PM', 0, 'New Notice Info', 0, 'admin', 'student/panel', 'news', 0, 0, '2024', NULL),
(132, 26, 'student', '03/21', '08:50 PM', 0, 'New Notice Info', 0, 'admin', 'student/panel', 'news', 0, 0, '2024', NULL),
(133, 27, 'student', '03/21', '08:50 PM', 0, 'New Notice Info', 0, 'admin', 'student/panel', 'news', 0, 0, '2024', NULL),
(134, 28, 'student', '03/21', '08:50 PM', 0, 'New Notice Info', 0, 'admin', 'student/panel', 'news', 0, 0, '2024', NULL),
(135, 29, 'student', '03/21', '08:50 PM', 0, 'New Notice Info', 0, 'admin', 'student/panel', 'news', 0, 0, '2024', NULL),
(136, 30, 'student', '03/21', '08:50 PM', 0, 'New Notice Info', 0, 'admin', 'student/panel', 'news', 0, 0, '2024', NULL),
(137, 31, 'student', '03/21', '08:50 PM', 0, 'New Notice Info', 0, 'admin', 'student/panel', 'news', 0, 0, '2024', NULL),
(138, 32, 'student', '03/21', '08:50 PM', 0, 'New Notice Info', 0, 'admin', 'student/panel', 'news', 0, 0, '2024', NULL),
(139, 33, 'student', '03/21', '08:50 PM', 0, 'New Notice Info', 0, 'admin', 'student/panel', 'news', 0, 0, '2024', NULL),
(140, 34, 'student', '03/21', '08:50 PM', 0, 'New Notice Info', 0, 'admin', 'student/panel', 'news', 0, 0, '2024', NULL),
(141, 35, 'student', '03/21', '08:50 PM', 0, 'New Notice Info', 0, 'admin', 'student/panel', 'news', 0, 0, '2024', NULL),
(142, 2, 'teacher', '03/21', '08:50 PM', 0, 'New Notice Info', 0, 'admin', 'teacher/panel', 'news', 0, 0, '2024', NULL),
(143, 3, 'teacher', '03/21', '08:50 PM', 0, 'New Notice Info', 0, 'admin', 'teacher/panel', 'news', 0, 0, '2024', NULL),
(144, 4, 'teacher', '03/21', '08:50 PM', 0, 'New Notice Info', 0, 'admin', 'teacher/panel', 'news', 0, 0, '2024', NULL),
(145, 5, 'teacher', '03/21', '08:50 PM', 0, 'New Notice Info', 0, 'admin', 'teacher/panel', 'news', 0, 0, '2024', NULL),
(146, 6, 'teacher', '03/21', '08:50 PM', 0, 'New Notice Info', 0, 'admin', 'teacher/panel', 'news', 0, 0, '2024', NULL),
(147, 7, 'teacher', '03/21', '08:50 PM', 0, 'New Notice Info', 0, 'admin', 'teacher/panel', 'news', 0, 0, '2024', NULL),
(148, 3, 'student', '03/22', '12:22 PM', 0, 'New Notice Info', 0, 'admin', 'student/panel', 'news', 0, 0, '2024', NULL),
(149, 4, 'student', '03/22', '12:22 PM', 0, 'New Notice Info', 0, 'admin', 'student/panel', 'news', 0, 0, '2024', NULL),
(150, 5, 'student', '03/22', '12:22 PM', 0, 'New Notice Info', 0, 'admin', 'student/panel', 'news', 0, 0, '2024', NULL),
(151, 6, 'student', '03/22', '12:22 PM', 0, 'New Notice Info', 0, 'admin', 'student/panel', 'news', 0, 0, '2024', NULL),
(152, 7, 'student', '03/22', '12:22 PM', 0, 'New Notice Info', 0, 'admin', 'student/panel', 'news', 0, 0, '2024', NULL),
(153, 8, 'student', '03/22', '12:22 PM', 0, 'New Notice Info', 0, 'admin', 'student/panel', 'news', 0, 0, '2024', NULL),
(154, 9, 'student', '03/22', '12:22 PM', 0, 'New Notice Info', 0, 'admin', 'student/panel', 'news', 0, 0, '2024', NULL),
(155, 10, 'student', '03/22', '12:22 PM', 0, 'New Notice Info', 0, 'admin', 'student/panel', 'news', 0, 0, '2024', NULL),
(156, 11, 'student', '03/22', '12:22 PM', 0, 'New Notice Info', 0, 'admin', 'student/panel', 'news', 0, 0, '2024', NULL),
(157, 12, 'student', '03/22', '12:22 PM', 0, 'New Notice Info', 0, 'admin', 'student/panel', 'news', 0, 0, '2024', NULL),
(158, 13, 'student', '03/22', '12:22 PM', 0, 'New Notice Info', 0, 'admin', 'student/panel', 'news', 0, 0, '2024', NULL),
(159, 14, 'student', '03/22', '12:22 PM', 0, 'New Notice Info', 0, 'admin', 'student/panel', 'news', 0, 0, '2024', NULL),
(160, 15, 'student', '03/22', '12:22 PM', 0, 'New Notice Info', 0, 'admin', 'student/panel', 'news', 0, 0, '2024', NULL),
(161, 16, 'student', '03/22', '12:22 PM', 0, 'New Notice Info', 0, 'admin', 'student/panel', 'news', 0, 0, '2024', NULL),
(162, 17, 'student', '03/22', '12:22 PM', 0, 'New Notice Info', 0, 'admin', 'student/panel', 'news', 0, 0, '2024', NULL),
(163, 18, 'student', '03/22', '12:22 PM', 0, 'New Notice Info', 0, 'admin', 'student/panel', 'news', 0, 0, '2024', NULL),
(164, 19, 'student', '03/22', '12:22 PM', 0, 'New Notice Info', 0, 'admin', 'student/panel', 'news', 0, 0, '2024', NULL),
(165, 20, 'student', '03/22', '12:22 PM', 0, 'New Notice Info', 0, 'admin', 'student/panel', 'news', 0, 0, '2024', NULL),
(166, 21, 'student', '03/22', '12:22 PM', 0, 'New Notice Info', 0, 'admin', 'student/panel', 'news', 0, 0, '2024', NULL),
(167, 22, 'student', '03/22', '12:22 PM', 0, 'New Notice Info', 0, 'admin', 'student/panel', 'news', 0, 0, '2024', NULL),
(168, 23, 'student', '03/22', '12:22 PM', 0, 'New Notice Info', 0, 'admin', 'student/panel', 'news', 0, 0, '2024', NULL),
(169, 24, 'student', '03/22', '12:22 PM', 0, 'New Notice Info', 0, 'admin', 'student/panel', 'news', 0, 0, '2024', NULL),
(170, 25, 'student', '03/22', '12:22 PM', 0, 'New Notice Info', 0, 'admin', 'student/panel', 'news', 0, 0, '2024', NULL),
(171, 26, 'student', '03/22', '12:22 PM', 0, 'New Notice Info', 0, 'admin', 'student/panel', 'news', 0, 0, '2024', NULL),
(172, 27, 'student', '03/22', '12:22 PM', 0, 'New Notice Info', 0, 'admin', 'student/panel', 'news', 0, 0, '2024', NULL),
(173, 28, 'student', '03/22', '12:22 PM', 0, 'New Notice Info', 0, 'admin', 'student/panel', 'news', 0, 0, '2024', NULL),
(174, 29, 'student', '03/22', '12:22 PM', 0, 'New Notice Info', 0, 'admin', 'student/panel', 'news', 0, 0, '2024', NULL),
(175, 30, 'student', '03/22', '12:22 PM', 0, 'New Notice Info', 0, 'admin', 'student/panel', 'news', 0, 0, '2024', NULL),
(176, 31, 'student', '03/22', '12:22 PM', 0, 'New Notice Info', 0, 'admin', 'student/panel', 'news', 0, 0, '2024', NULL),
(177, 32, 'student', '03/22', '12:22 PM', 0, 'New Notice Info', 0, 'admin', 'student/panel', 'news', 0, 0, '2024', NULL),
(178, 33, 'student', '03/22', '12:22 PM', 0, 'New Notice Info', 0, 'admin', 'student/panel', 'news', 0, 0, '2024', NULL),
(179, 34, 'student', '03/22', '12:22 PM', 0, 'New Notice Info', 0, 'admin', 'student/panel', 'news', 0, 0, '2024', NULL),
(180, 35, 'student', '03/22', '12:22 PM', 0, 'New Notice Info', 0, 'admin', 'student/panel', 'news', 0, 0, '2024', NULL),
(181, 2, 'teacher', '03/22', '12:22 PM', 0, 'New Notice Info', 0, 'admin', 'teacher/panel', 'news', 0, 0, '2024', NULL),
(182, 3, 'teacher', '03/22', '12:22 PM', 0, 'New Notice Info', 0, 'admin', 'teacher/panel', 'news', 0, 0, '2024', NULL),
(183, 4, 'teacher', '03/22', '12:22 PM', 0, 'New Notice Info', 0, 'admin', 'teacher/panel', 'news', 0, 0, '2024', NULL),
(184, 5, 'teacher', '03/22', '12:22 PM', 0, 'New Notice Info', 0, 'admin', 'teacher/panel', 'news', 0, 0, '2024', NULL),
(185, 6, 'teacher', '03/22', '12:22 PM', 0, 'New Notice Info', 0, 'admin', 'teacher/panel', 'news', 0, 0, '2024', NULL),
(186, 7, 'teacher', '03/22', '12:22 PM', 0, 'New Notice Info', 0, 'admin', 'teacher/panel', 'news', 0, 0, '2024', NULL),
(187, 3, 'student', '03/22', '12:25 PM', 0, 'New Notice Info', 0, 'admin', 'student/panel', 'news', 0, 0, '2024', NULL),
(188, 4, 'student', '03/22', '12:25 PM', 0, 'New Notice Info', 0, 'admin', 'student/panel', 'news', 0, 0, '2024', NULL),
(189, 5, 'student', '03/22', '12:25 PM', 0, 'New Notice Info', 0, 'admin', 'student/panel', 'news', 0, 0, '2024', NULL),
(190, 6, 'student', '03/22', '12:25 PM', 0, 'New Notice Info', 0, 'admin', 'student/panel', 'news', 0, 0, '2024', NULL),
(191, 7, 'student', '03/22', '12:25 PM', 0, 'New Notice Info', 0, 'admin', 'student/panel', 'news', 0, 0, '2024', NULL),
(192, 8, 'student', '03/22', '12:25 PM', 0, 'New Notice Info', 0, 'admin', 'student/panel', 'news', 0, 0, '2024', NULL),
(193, 9, 'student', '03/22', '12:25 PM', 0, 'New Notice Info', 0, 'admin', 'student/panel', 'news', 0, 0, '2024', NULL),
(194, 10, 'student', '03/22', '12:25 PM', 0, 'New Notice Info', 0, 'admin', 'student/panel', 'news', 0, 0, '2024', NULL),
(195, 11, 'student', '03/22', '12:25 PM', 0, 'New Notice Info', 0, 'admin', 'student/panel', 'news', 0, 0, '2024', NULL),
(196, 12, 'student', '03/22', '12:25 PM', 0, 'New Notice Info', 0, 'admin', 'student/panel', 'news', 0, 0, '2024', NULL),
(197, 13, 'student', '03/22', '12:25 PM', 0, 'New Notice Info', 0, 'admin', 'student/panel', 'news', 0, 0, '2024', NULL),
(198, 14, 'student', '03/22', '12:25 PM', 0, 'New Notice Info', 0, 'admin', 'student/panel', 'news', 0, 0, '2024', NULL),
(199, 15, 'student', '03/22', '12:25 PM', 0, 'New Notice Info', 0, 'admin', 'student/panel', 'news', 0, 0, '2024', NULL),
(200, 16, 'student', '03/22', '12:25 PM', 0, 'New Notice Info', 0, 'admin', 'student/panel', 'news', 0, 0, '2024', NULL),
(201, 17, 'student', '03/22', '12:25 PM', 0, 'New Notice Info', 0, 'admin', 'student/panel', 'news', 0, 0, '2024', NULL),
(202, 18, 'student', '03/22', '12:25 PM', 0, 'New Notice Info', 0, 'admin', 'student/panel', 'news', 0, 0, '2024', NULL),
(203, 19, 'student', '03/22', '12:25 PM', 0, 'New Notice Info', 0, 'admin', 'student/panel', 'news', 0, 0, '2024', NULL),
(204, 20, 'student', '03/22', '12:25 PM', 0, 'New Notice Info', 0, 'admin', 'student/panel', 'news', 0, 0, '2024', NULL),
(205, 21, 'student', '03/22', '12:25 PM', 0, 'New Notice Info', 0, 'admin', 'student/panel', 'news', 0, 0, '2024', NULL),
(206, 22, 'student', '03/22', '12:25 PM', 0, 'New Notice Info', 0, 'admin', 'student/panel', 'news', 0, 0, '2024', NULL),
(207, 23, 'student', '03/22', '12:25 PM', 0, 'New Notice Info', 0, 'admin', 'student/panel', 'news', 0, 0, '2024', NULL),
(208, 24, 'student', '03/22', '12:25 PM', 0, 'New Notice Info', 0, 'admin', 'student/panel', 'news', 0, 0, '2024', NULL),
(209, 25, 'student', '03/22', '12:25 PM', 0, 'New Notice Info', 0, 'admin', 'student/panel', 'news', 0, 0, '2024', NULL),
(210, 26, 'student', '03/22', '12:25 PM', 0, 'New Notice Info', 0, 'admin', 'student/panel', 'news', 0, 0, '2024', NULL),
(211, 27, 'student', '03/22', '12:25 PM', 0, 'New Notice Info', 0, 'admin', 'student/panel', 'news', 0, 0, '2024', NULL),
(212, 28, 'student', '03/22', '12:25 PM', 0, 'New Notice Info', 0, 'admin', 'student/panel', 'news', 0, 0, '2024', NULL),
(213, 29, 'student', '03/22', '12:25 PM', 0, 'New Notice Info', 0, 'admin', 'student/panel', 'news', 0, 0, '2024', NULL),
(214, 30, 'student', '03/22', '12:25 PM', 0, 'New Notice Info', 0, 'admin', 'student/panel', 'news', 0, 0, '2024', NULL),
(215, 31, 'student', '03/22', '12:25 PM', 0, 'New Notice Info', 0, 'admin', 'student/panel', 'news', 0, 0, '2024', NULL),
(216, 32, 'student', '03/22', '12:25 PM', 0, 'New Notice Info', 0, 'admin', 'student/panel', 'news', 0, 0, '2024', NULL),
(217, 33, 'student', '03/22', '12:25 PM', 0, 'New Notice Info', 0, 'admin', 'student/panel', 'news', 0, 0, '2024', NULL),
(218, 34, 'student', '03/22', '12:25 PM', 0, 'New Notice Info', 0, 'admin', 'student/panel', 'news', 0, 0, '2024', NULL),
(219, 35, 'student', '03/22', '12:25 PM', 0, 'New Notice Info', 0, 'admin', 'student/panel', 'news', 0, 0, '2024', NULL),
(220, 2, 'teacher', '03/22', '12:25 PM', 0, 'New Notice Info', 0, 'admin', 'teacher/panel', 'news', 0, 0, '2024', NULL),
(221, 3, 'teacher', '03/22', '12:25 PM', 0, 'New Notice Info', 0, 'admin', 'teacher/panel', 'news', 0, 0, '2024', NULL),
(222, 4, 'teacher', '03/22', '12:25 PM', 0, 'New Notice Info', 0, 'admin', 'teacher/panel', 'news', 0, 0, '2024', NULL),
(223, 5, 'teacher', '03/22', '12:25 PM', 0, 'New Notice Info', 0, 'admin', 'teacher/panel', 'news', 0, 0, '2024', NULL),
(224, 6, 'teacher', '03/22', '12:25 PM', 0, 'New Notice Info', 0, 'admin', 'teacher/panel', 'news', 0, 0, '2024', NULL),
(225, 7, 'teacher', '03/22', '12:25 PM', 0, 'New Notice Info', 0, 'admin', 'teacher/panel', 'news', 0, 0, '2024', NULL),
(226, 3, 'student', '03/22', '12:29 PM', 0, 'New Notice Info', 0, 'admin', 'student/panel', 'news', 0, 0, '2024', NULL),
(227, 4, 'student', '03/22', '12:29 PM', 0, 'New Notice Info', 0, 'admin', 'student/panel', 'news', 0, 0, '2024', NULL),
(228, 5, 'student', '03/22', '12:29 PM', 0, 'New Notice Info', 0, 'admin', 'student/panel', 'news', 0, 0, '2024', NULL),
(229, 6, 'student', '03/22', '12:29 PM', 0, 'New Notice Info', 0, 'admin', 'student/panel', 'news', 0, 0, '2024', NULL),
(230, 7, 'student', '03/22', '12:29 PM', 0, 'New Notice Info', 0, 'admin', 'student/panel', 'news', 0, 0, '2024', NULL),
(231, 8, 'student', '03/22', '12:29 PM', 0, 'New Notice Info', 0, 'admin', 'student/panel', 'news', 0, 0, '2024', NULL),
(232, 9, 'student', '03/22', '12:29 PM', 0, 'New Notice Info', 0, 'admin', 'student/panel', 'news', 0, 0, '2024', NULL),
(233, 10, 'student', '03/22', '12:29 PM', 0, 'New Notice Info', 0, 'admin', 'student/panel', 'news', 0, 0, '2024', NULL),
(234, 11, 'student', '03/22', '12:29 PM', 0, 'New Notice Info', 0, 'admin', 'student/panel', 'news', 0, 0, '2024', NULL),
(235, 12, 'student', '03/22', '12:29 PM', 0, 'New Notice Info', 0, 'admin', 'student/panel', 'news', 0, 0, '2024', NULL),
(236, 13, 'student', '03/22', '12:29 PM', 0, 'New Notice Info', 0, 'admin', 'student/panel', 'news', 0, 0, '2024', NULL),
(237, 14, 'student', '03/22', '12:29 PM', 0, 'New Notice Info', 0, 'admin', 'student/panel', 'news', 0, 0, '2024', NULL),
(238, 15, 'student', '03/22', '12:29 PM', 0, 'New Notice Info', 0, 'admin', 'student/panel', 'news', 0, 0, '2024', NULL),
(239, 16, 'student', '03/22', '12:29 PM', 0, 'New Notice Info', 0, 'admin', 'student/panel', 'news', 0, 0, '2024', NULL),
(240, 17, 'student', '03/22', '12:29 PM', 0, 'New Notice Info', 0, 'admin', 'student/panel', 'news', 0, 0, '2024', NULL),
(241, 18, 'student', '03/22', '12:29 PM', 0, 'New Notice Info', 0, 'admin', 'student/panel', 'news', 0, 0, '2024', NULL),
(242, 19, 'student', '03/22', '12:29 PM', 0, 'New Notice Info', 0, 'admin', 'student/panel', 'news', 0, 0, '2024', NULL),
(243, 20, 'student', '03/22', '12:29 PM', 0, 'New Notice Info', 0, 'admin', 'student/panel', 'news', 0, 0, '2024', NULL),
(244, 21, 'student', '03/22', '12:29 PM', 0, 'New Notice Info', 0, 'admin', 'student/panel', 'news', 0, 0, '2024', NULL),
(245, 22, 'student', '03/22', '12:29 PM', 0, 'New Notice Info', 0, 'admin', 'student/panel', 'news', 0, 0, '2024', NULL),
(246, 23, 'student', '03/22', '12:29 PM', 0, 'New Notice Info', 0, 'admin', 'student/panel', 'news', 0, 0, '2024', NULL),
(247, 24, 'student', '03/22', '12:29 PM', 0, 'New Notice Info', 0, 'admin', 'student/panel', 'news', 0, 0, '2024', NULL),
(248, 25, 'student', '03/22', '12:29 PM', 0, 'New Notice Info', 0, 'admin', 'student/panel', 'news', 0, 0, '2024', NULL),
(249, 26, 'student', '03/22', '12:29 PM', 0, 'New Notice Info', 0, 'admin', 'student/panel', 'news', 0, 0, '2024', NULL),
(250, 27, 'student', '03/22', '12:29 PM', 0, 'New Notice Info', 0, 'admin', 'student/panel', 'news', 0, 0, '2024', NULL),
(251, 28, 'student', '03/22', '12:29 PM', 0, 'New Notice Info', 0, 'admin', 'student/panel', 'news', 0, 0, '2024', NULL),
(252, 29, 'student', '03/22', '12:29 PM', 0, 'New Notice Info', 0, 'admin', 'student/panel', 'news', 0, 0, '2024', NULL),
(253, 30, 'student', '03/22', '12:29 PM', 0, 'New Notice Info', 0, 'admin', 'student/panel', 'news', 0, 0, '2024', NULL),
(254, 31, 'student', '03/22', '12:29 PM', 0, 'New Notice Info', 0, 'admin', 'student/panel', 'news', 0, 0, '2024', NULL),
(255, 32, 'student', '03/22', '12:29 PM', 0, 'New Notice Info', 0, 'admin', 'student/panel', 'news', 0, 0, '2024', NULL),
(256, 33, 'student', '03/22', '12:29 PM', 0, 'New Notice Info', 0, 'admin', 'student/panel', 'news', 0, 0, '2024', NULL),
(257, 34, 'student', '03/22', '12:29 PM', 0, 'New Notice Info', 0, 'admin', 'student/panel', 'news', 0, 0, '2024', NULL),
(258, 35, 'student', '03/22', '12:29 PM', 0, 'New Notice Info', 0, 'admin', 'student/panel', 'news', 0, 0, '2024', NULL),
(259, 2, 'teacher', '03/22', '12:29 PM', 0, 'New Notice Info', 0, 'admin', 'teacher/panel', 'news', 0, 0, '2024', NULL),
(260, 3, 'teacher', '03/22', '12:29 PM', 0, 'New Notice Info', 0, 'admin', 'teacher/panel', 'news', 0, 0, '2024', NULL),
(261, 4, 'teacher', '03/22', '12:29 PM', 0, 'New Notice Info', 0, 'admin', 'teacher/panel', 'news', 0, 0, '2024', NULL),
(262, 5, 'teacher', '03/22', '12:29 PM', 0, 'New Notice Info', 0, 'admin', 'teacher/panel', 'news', 0, 0, '2024', NULL),
(263, 6, 'teacher', '03/22', '12:29 PM', 0, 'New Notice Info', 0, 'admin', 'teacher/panel', 'news', 0, 0, '2024', NULL),
(264, 7, 'teacher', '03/22', '12:29 PM', 0, 'New Notice Info', 0, 'admin', 'teacher/panel', 'news', 0, 0, '2024', NULL),
(265, 3, 'student', '03/22', '12:45 PM', 0, '<strong>Mr. Admin</strong> Ha creado una nueva tarea con el título <b>TAREA DE EJEMPLO</b>', 1, 'admin', 'student/homeworkroom/76c8140d21', 'homework', 2, 9, '2024', 2),
(266, 4, 'student', '03/22', '12:45 PM', 0, '<strong>Mr. Admin</strong> Ha creado una nueva tarea con el título <b>TAREA DE EJEMPLO</b>', 1, 'admin', 'student/homeworkroom/76c8140d21', 'homework', 2, 9, '2024', 2),
(267, 5, 'student', '03/22', '12:45 PM', 0, '<strong>Mr. Admin</strong> Ha creado una nueva tarea con el título <b>TAREA DE EJEMPLO</b>', 1, 'admin', 'student/homeworkroom/76c8140d21', 'homework', 2, 9, '2024', 2),
(268, 6, 'student', '03/22', '12:45 PM', 0, '<strong>Mr. Admin</strong> Ha creado una nueva tarea con el título <b>TAREA DE EJEMPLO</b>', 1, 'admin', 'student/homeworkroom/76c8140d21', 'homework', 2, 9, '2024', 2),
(269, 7, 'student', '03/22', '12:45 PM', 0, '<strong>Mr. Admin</strong> Ha creado una nueva tarea con el título <b>TAREA DE EJEMPLO</b>', 1, 'admin', 'student/homeworkroom/76c8140d21', 'homework', 2, 9, '2024', 2),
(270, 8, 'student', '03/22', '12:45 PM', 0, '<strong>Mr. Admin</strong> Ha creado una nueva tarea con el título <b>TAREA DE EJEMPLO</b>', 1, 'admin', 'student/homeworkroom/76c8140d21', 'homework', 2, 9, '2024', 2),
(271, 9, 'student', '03/22', '12:45 PM', 0, '<strong>Mr. Admin</strong> Ha creado una nueva tarea con el título <b>TAREA DE EJEMPLO</b>', 1, 'admin', 'student/homeworkroom/76c8140d21', 'homework', 2, 9, '2024', 2),
(272, 10, 'student', '03/22', '12:45 PM', 0, '<strong>Mr. Admin</strong> Ha creado una nueva tarea con el título <b>TAREA DE EJEMPLO</b>', 1, 'admin', 'student/homeworkroom/76c8140d21', 'homework', 2, 9, '2024', 2),
(273, 11, 'student', '03/22', '12:45 PM', 0, '<strong>Mr. Admin</strong> Ha creado una nueva tarea con el título <b>TAREA DE EJEMPLO</b>', 1, 'admin', 'student/homeworkroom/76c8140d21', 'homework', 2, 9, '2024', 2),
(274, 12, 'student', '03/22', '12:45 PM', 0, '<strong>Mr. Admin</strong> Ha creado una nueva tarea con el título <b>TAREA DE EJEMPLO</b>', 1, 'admin', 'student/homeworkroom/76c8140d21', 'homework', 2, 9, '2024', 2),
(275, 13, 'student', '03/22', '12:45 PM', 0, '<strong>Mr. Admin</strong> Ha creado una nueva tarea con el título <b>TAREA DE EJEMPLO</b>', 1, 'admin', 'student/homeworkroom/76c8140d21', 'homework', 2, 9, '2024', 2),
(276, 14, 'student', '03/22', '12:45 PM', 0, '<strong>Mr. Admin</strong> Ha creado una nueva tarea con el título <b>TAREA DE EJEMPLO</b>', 1, 'admin', 'student/homeworkroom/76c8140d21', 'homework', 2, 9, '2024', 2),
(277, 15, 'student', '03/22', '12:45 PM', 0, '<strong>Mr. Admin</strong> Ha creado una nueva tarea con el título <b>TAREA DE EJEMPLO</b>', 1, 'admin', 'student/homeworkroom/76c8140d21', 'homework', 2, 9, '2024', 2),
(278, 16, 'student', '03/22', '12:45 PM', 0, '<strong>Mr. Admin</strong> Ha creado una nueva tarea con el título <b>TAREA DE EJEMPLO</b>', 1, 'admin', 'student/homeworkroom/76c8140d21', 'homework', 2, 9, '2024', 2),
(279, 17, 'student', '03/22', '12:45 PM', 0, '<strong>Mr. Admin</strong> Ha creado una nueva tarea con el título <b>TAREA DE EJEMPLO</b>', 1, 'admin', 'student/homeworkroom/76c8140d21', 'homework', 2, 9, '2024', 2),
(280, 18, 'student', '03/22', '12:45 PM', 0, '<strong>Mr. Admin</strong> Ha creado una nueva tarea con el título <b>TAREA DE EJEMPLO</b>', 1, 'admin', 'student/homeworkroom/76c8140d21', 'homework', 2, 9, '2024', 2),
(281, 3, 'student', '03/22', '01:12 PM', 0, 'New Notice Info', 0, 'admin', 'student/panel', 'news', 0, 0, '2024', NULL),
(282, 4, 'student', '03/22', '01:12 PM', 0, 'New Notice Info', 0, 'admin', 'student/panel', 'news', 0, 0, '2024', NULL),
(283, 5, 'student', '03/22', '01:12 PM', 0, 'New Notice Info', 0, 'admin', 'student/panel', 'news', 0, 0, '2024', NULL),
(284, 6, 'student', '03/22', '01:12 PM', 0, 'New Notice Info', 0, 'admin', 'student/panel', 'news', 0, 0, '2024', NULL),
(285, 7, 'student', '03/22', '01:12 PM', 0, 'New Notice Info', 0, 'admin', 'student/panel', 'news', 0, 0, '2024', NULL),
(286, 8, 'student', '03/22', '01:12 PM', 0, 'New Notice Info', 0, 'admin', 'student/panel', 'news', 0, 0, '2024', NULL),
(287, 9, 'student', '03/22', '01:12 PM', 0, 'New Notice Info', 0, 'admin', 'student/panel', 'news', 0, 0, '2024', NULL),
(288, 10, 'student', '03/22', '01:12 PM', 0, 'New Notice Info', 0, 'admin', 'student/panel', 'news', 0, 0, '2024', NULL),
(289, 11, 'student', '03/22', '01:12 PM', 0, 'New Notice Info', 0, 'admin', 'student/panel', 'news', 0, 0, '2024', NULL),
(290, 12, 'student', '03/22', '01:12 PM', 0, 'New Notice Info', 0, 'admin', 'student/panel', 'news', 0, 0, '2024', NULL),
(291, 13, 'student', '03/22', '01:12 PM', 0, 'New Notice Info', 0, 'admin', 'student/panel', 'news', 0, 0, '2024', NULL),
(292, 14, 'student', '03/22', '01:12 PM', 0, 'New Notice Info', 0, 'admin', 'student/panel', 'news', 0, 0, '2024', NULL),
(293, 15, 'student', '03/22', '01:12 PM', 0, 'New Notice Info', 0, 'admin', 'student/panel', 'news', 0, 0, '2024', NULL),
(294, 16, 'student', '03/22', '01:12 PM', 0, 'New Notice Info', 0, 'admin', 'student/panel', 'news', 0, 0, '2024', NULL),
(295, 17, 'student', '03/22', '01:12 PM', 0, 'New Notice Info', 0, 'admin', 'student/panel', 'news', 0, 0, '2024', NULL),
(296, 18, 'student', '03/22', '01:12 PM', 0, 'New Notice Info', 0, 'admin', 'student/panel', 'news', 0, 0, '2024', NULL),
(297, 19, 'student', '03/22', '01:12 PM', 0, 'New Notice Info', 0, 'admin', 'student/panel', 'news', 0, 0, '2024', NULL),
(298, 20, 'student', '03/22', '01:12 PM', 0, 'New Notice Info', 0, 'admin', 'student/panel', 'news', 0, 0, '2024', NULL),
(299, 21, 'student', '03/22', '01:12 PM', 0, 'New Notice Info', 0, 'admin', 'student/panel', 'news', 0, 0, '2024', NULL),
(300, 22, 'student', '03/22', '01:12 PM', 0, 'New Notice Info', 0, 'admin', 'student/panel', 'news', 0, 0, '2024', NULL),
(301, 23, 'student', '03/22', '01:12 PM', 0, 'New Notice Info', 0, 'admin', 'student/panel', 'news', 0, 0, '2024', NULL),
(302, 24, 'student', '03/22', '01:12 PM', 0, 'New Notice Info', 0, 'admin', 'student/panel', 'news', 0, 0, '2024', NULL),
(303, 25, 'student', '03/22', '01:12 PM', 0, 'New Notice Info', 0, 'admin', 'student/panel', 'news', 0, 0, '2024', NULL),
(304, 26, 'student', '03/22', '01:12 PM', 0, 'New Notice Info', 0, 'admin', 'student/panel', 'news', 0, 0, '2024', NULL),
(305, 27, 'student', '03/22', '01:12 PM', 0, 'New Notice Info', 0, 'admin', 'student/panel', 'news', 0, 0, '2024', NULL),
(306, 28, 'student', '03/22', '01:12 PM', 0, 'New Notice Info', 0, 'admin', 'student/panel', 'news', 0, 0, '2024', NULL),
(307, 29, 'student', '03/22', '01:12 PM', 0, 'New Notice Info', 0, 'admin', 'student/panel', 'news', 0, 0, '2024', NULL),
(308, 30, 'student', '03/22', '01:12 PM', 0, 'New Notice Info', 0, 'admin', 'student/panel', 'news', 0, 0, '2024', NULL),
(309, 31, 'student', '03/22', '01:12 PM', 0, 'New Notice Info', 0, 'admin', 'student/panel', 'news', 0, 0, '2024', NULL),
(310, 32, 'student', '03/22', '01:12 PM', 0, 'New Notice Info', 0, 'admin', 'student/panel', 'news', 0, 0, '2024', NULL),
(311, 33, 'student', '03/22', '01:12 PM', 0, 'New Notice Info', 0, 'admin', 'student/panel', 'news', 0, 0, '2024', NULL),
(312, 34, 'student', '03/22', '01:12 PM', 0, 'New Notice Info', 0, 'admin', 'student/panel', 'news', 0, 0, '2024', NULL),
(313, 35, 'student', '03/22', '01:12 PM', 0, 'New Notice Info', 0, 'admin', 'student/panel', 'news', 0, 0, '2024', NULL),
(314, 2, 'teacher', '03/22', '01:12 PM', 0, 'New Notice Info', 0, 'admin', 'teacher/panel', 'news', 0, 0, '2024', NULL),
(315, 3, 'teacher', '03/22', '01:12 PM', 0, 'New Notice Info', 0, 'admin', 'teacher/panel', 'news', 0, 0, '2024', NULL),
(316, 4, 'teacher', '03/22', '01:12 PM', 0, 'New Notice Info', 0, 'admin', 'teacher/panel', 'news', 0, 0, '2024', NULL),
(317, 5, 'teacher', '03/22', '01:12 PM', 0, 'New Notice Info', 0, 'admin', 'teacher/panel', 'news', 0, 0, '2024', NULL),
(318, 6, 'teacher', '03/22', '01:12 PM', 0, 'New Notice Info', 0, 'admin', 'teacher/panel', 'news', 0, 0, '2024', NULL),
(319, 7, 'teacher', '03/22', '01:12 PM', 0, 'New Notice Info', 0, 'admin', 'teacher/panel', 'news', 0, 0, '2024', NULL),
(320, 3, 'student', '03/22', '07:07 PM', 0, 'New Notice Info', 0, 'admin', 'student/panel', 'news', 0, 0, '2024', NULL),
(321, 4, 'student', '03/22', '07:07 PM', 0, 'New Notice Info', 0, 'admin', 'student/panel', 'news', 0, 0, '2024', NULL),
(322, 5, 'student', '03/22', '07:07 PM', 0, 'New Notice Info', 0, 'admin', 'student/panel', 'news', 0, 0, '2024', NULL),
(323, 6, 'student', '03/22', '07:07 PM', 0, 'New Notice Info', 0, 'admin', 'student/panel', 'news', 0, 0, '2024', NULL),
(324, 7, 'student', '03/22', '07:07 PM', 0, 'New Notice Info', 0, 'admin', 'student/panel', 'news', 0, 0, '2024', NULL),
(325, 8, 'student', '03/22', '07:07 PM', 0, 'New Notice Info', 0, 'admin', 'student/panel', 'news', 0, 0, '2024', NULL),
(326, 9, 'student', '03/22', '07:07 PM', 0, 'New Notice Info', 0, 'admin', 'student/panel', 'news', 0, 0, '2024', NULL),
(327, 10, 'student', '03/22', '07:07 PM', 0, 'New Notice Info', 0, 'admin', 'student/panel', 'news', 0, 0, '2024', NULL),
(328, 11, 'student', '03/22', '07:07 PM', 0, 'New Notice Info', 0, 'admin', 'student/panel', 'news', 0, 0, '2024', NULL),
(329, 12, 'student', '03/22', '07:07 PM', 0, 'New Notice Info', 0, 'admin', 'student/panel', 'news', 0, 0, '2024', NULL),
(330, 13, 'student', '03/22', '07:07 PM', 0, 'New Notice Info', 0, 'admin', 'student/panel', 'news', 0, 0, '2024', NULL),
(331, 14, 'student', '03/22', '07:07 PM', 0, 'New Notice Info', 0, 'admin', 'student/panel', 'news', 0, 0, '2024', NULL),
(332, 15, 'student', '03/22', '07:07 PM', 0, 'New Notice Info', 0, 'admin', 'student/panel', 'news', 0, 0, '2024', NULL),
(333, 16, 'student', '03/22', '07:07 PM', 0, 'New Notice Info', 0, 'admin', 'student/panel', 'news', 0, 0, '2024', NULL),
(334, 17, 'student', '03/22', '07:07 PM', 0, 'New Notice Info', 0, 'admin', 'student/panel', 'news', 0, 0, '2024', NULL),
(335, 18, 'student', '03/22', '07:07 PM', 0, 'New Notice Info', 0, 'admin', 'student/panel', 'news', 0, 0, '2024', NULL),
(336, 19, 'student', '03/22', '07:07 PM', 0, 'New Notice Info', 0, 'admin', 'student/panel', 'news', 0, 0, '2024', NULL),
(337, 20, 'student', '03/22', '07:07 PM', 0, 'New Notice Info', 0, 'admin', 'student/panel', 'news', 0, 0, '2024', NULL),
(338, 21, 'student', '03/22', '07:07 PM', 0, 'New Notice Info', 0, 'admin', 'student/panel', 'news', 0, 0, '2024', NULL),
(339, 22, 'student', '03/22', '07:07 PM', 0, 'New Notice Info', 0, 'admin', 'student/panel', 'news', 0, 0, '2024', NULL),
(340, 23, 'student', '03/22', '07:07 PM', 0, 'New Notice Info', 0, 'admin', 'student/panel', 'news', 0, 0, '2024', NULL),
(341, 24, 'student', '03/22', '07:07 PM', 0, 'New Notice Info', 0, 'admin', 'student/panel', 'news', 0, 0, '2024', NULL),
(342, 25, 'student', '03/22', '07:07 PM', 0, 'New Notice Info', 0, 'admin', 'student/panel', 'news', 0, 0, '2024', NULL),
(343, 26, 'student', '03/22', '07:07 PM', 0, 'New Notice Info', 0, 'admin', 'student/panel', 'news', 0, 0, '2024', NULL),
(344, 27, 'student', '03/22', '07:07 PM', 0, 'New Notice Info', 0, 'admin', 'student/panel', 'news', 0, 0, '2024', NULL),
(345, 28, 'student', '03/22', '07:07 PM', 0, 'New Notice Info', 0, 'admin', 'student/panel', 'news', 0, 0, '2024', NULL),
(346, 29, 'student', '03/22', '07:07 PM', 0, 'New Notice Info', 0, 'admin', 'student/panel', 'news', 0, 0, '2024', NULL),
(347, 30, 'student', '03/22', '07:07 PM', 0, 'New Notice Info', 0, 'admin', 'student/panel', 'news', 0, 0, '2024', NULL),
(348, 31, 'student', '03/22', '07:07 PM', 0, 'New Notice Info', 0, 'admin', 'student/panel', 'news', 0, 0, '2024', NULL),
(349, 32, 'student', '03/22', '07:07 PM', 0, 'New Notice Info', 0, 'admin', 'student/panel', 'news', 0, 0, '2024', NULL),
(350, 33, 'student', '03/22', '07:07 PM', 0, 'New Notice Info', 0, 'admin', 'student/panel', 'news', 0, 0, '2024', NULL),
(351, 34, 'student', '03/22', '07:07 PM', 0, 'New Notice Info', 0, 'admin', 'student/panel', 'news', 0, 0, '2024', NULL),
(352, 35, 'student', '03/22', '07:07 PM', 0, 'New Notice Info', 0, 'admin', 'student/panel', 'news', 0, 0, '2024', NULL),
(353, 2, 'teacher', '03/22', '07:07 PM', 0, 'New Notice Info', 0, 'admin', 'teacher/panel', 'news', 0, 0, '2024', NULL),
(354, 3, 'teacher', '03/22', '07:07 PM', 0, 'New Notice Info', 0, 'admin', 'teacher/panel', 'news', 0, 0, '2024', NULL),
(355, 4, 'teacher', '03/22', '07:07 PM', 0, 'New Notice Info', 0, 'admin', 'teacher/panel', 'news', 0, 0, '2024', NULL),
(356, 5, 'teacher', '03/22', '07:07 PM', 0, 'New Notice Info', 0, 'admin', 'teacher/panel', 'news', 0, 0, '2024', NULL),
(357, 6, 'teacher', '03/22', '07:07 PM', 0, 'New Notice Info', 0, 'admin', 'teacher/panel', 'news', 0, 0, '2024', NULL),
(358, 7, 'teacher', '03/22', '07:07 PM', 0, 'New Notice Info', 0, 'admin', 'teacher/panel', 'news', 0, 0, '2024', NULL),
(359, 3, 'student', '03/25', '01:32 PM', 0, '<strong>Mr. Admin</strong>  Ha subido material de estudio a tu portal', 1, 'admin', 'student/study_material/Mi0yLTk=', 'material', 2, 9, '2024', 2),
(360, 4, 'student', '03/25', '01:32 PM', 0, '<strong>Mr. Admin</strong>  Ha subido material de estudio a tu portal', 1, 'admin', 'student/study_material/Mi0yLTk=', 'material', 2, 9, '2024', 2),
(361, 5, 'student', '03/25', '01:32 PM', 0, '<strong>Mr. Admin</strong>  Ha subido material de estudio a tu portal', 1, 'admin', 'student/study_material/Mi0yLTk=', 'material', 2, 9, '2024', 2),
(362, 6, 'student', '03/25', '01:32 PM', 0, '<strong>Mr. Admin</strong>  Ha subido material de estudio a tu portal', 1, 'admin', 'student/study_material/Mi0yLTk=', 'material', 2, 9, '2024', 2),
(363, 7, 'student', '03/25', '01:32 PM', 0, '<strong>Mr. Admin</strong>  Ha subido material de estudio a tu portal', 1, 'admin', 'student/study_material/Mi0yLTk=', 'material', 2, 9, '2024', 2),
(364, 8, 'student', '03/25', '01:32 PM', 0, '<strong>Mr. Admin</strong>  Ha subido material de estudio a tu portal', 1, 'admin', 'student/study_material/Mi0yLTk=', 'material', 2, 9, '2024', 2),
(365, 9, 'student', '03/25', '01:32 PM', 0, '<strong>Mr. Admin</strong>  Ha subido material de estudio a tu portal', 1, 'admin', 'student/study_material/Mi0yLTk=', 'material', 2, 9, '2024', 2),
(366, 10, 'student', '03/25', '01:32 PM', 0, '<strong>Mr. Admin</strong>  Ha subido material de estudio a tu portal', 1, 'admin', 'student/study_material/Mi0yLTk=', 'material', 2, 9, '2024', 2),
(367, 11, 'student', '03/25', '01:32 PM', 0, '<strong>Mr. Admin</strong>  Ha subido material de estudio a tu portal', 1, 'admin', 'student/study_material/Mi0yLTk=', 'material', 2, 9, '2024', 2),
(368, 12, 'student', '03/25', '01:32 PM', 0, '<strong>Mr. Admin</strong>  Ha subido material de estudio a tu portal', 1, 'admin', 'student/study_material/Mi0yLTk=', 'material', 2, 9, '2024', 2),
(369, 13, 'student', '03/25', '01:32 PM', 0, '<strong>Mr. Admin</strong>  Ha subido material de estudio a tu portal', 1, 'admin', 'student/study_material/Mi0yLTk=', 'material', 2, 9, '2024', 2),
(370, 14, 'student', '03/25', '01:32 PM', 0, '<strong>Mr. Admin</strong>  Ha subido material de estudio a tu portal', 1, 'admin', 'student/study_material/Mi0yLTk=', 'material', 2, 9, '2024', 2),
(371, 15, 'student', '03/25', '01:32 PM', 0, '<strong>Mr. Admin</strong>  Ha subido material de estudio a tu portal', 1, 'admin', 'student/study_material/Mi0yLTk=', 'material', 2, 9, '2024', 2),
(372, 16, 'student', '03/25', '01:32 PM', 0, '<strong>Mr. Admin</strong>  Ha subido material de estudio a tu portal', 1, 'admin', 'student/study_material/Mi0yLTk=', 'material', 2, 9, '2024', 2),
(373, 17, 'student', '03/25', '01:32 PM', 0, '<strong>Mr. Admin</strong>  Ha subido material de estudio a tu portal', 1, 'admin', 'student/study_material/Mi0yLTk=', 'material', 2, 9, '2024', 2),
(374, 18, 'student', '03/25', '01:32 PM', 0, '<strong>Mr. Admin</strong>  Ha subido material de estudio a tu portal', 1, 'admin', 'student/study_material/Mi0yLTk=', 'material', 2, 9, '2024', 2),
(375, 3, 'student', '03/25', '01:35 PM', 0, '<strong>Mr. Admin</strong>  Ha subido material de estudio a tu portal', 1, 'admin', 'student/study_material/Mi0yLTk=', 'material', 2, 9, '2024', 2),
(376, 4, 'student', '03/25', '01:35 PM', 0, '<strong>Mr. Admin</strong>  Ha subido material de estudio a tu portal', 1, 'admin', 'student/study_material/Mi0yLTk=', 'material', 2, 9, '2024', 2),
(377, 5, 'student', '03/25', '01:35 PM', 0, '<strong>Mr. Admin</strong>  Ha subido material de estudio a tu portal', 1, 'admin', 'student/study_material/Mi0yLTk=', 'material', 2, 9, '2024', 2),
(378, 6, 'student', '03/25', '01:35 PM', 0, '<strong>Mr. Admin</strong>  Ha subido material de estudio a tu portal', 1, 'admin', 'student/study_material/Mi0yLTk=', 'material', 2, 9, '2024', 2),
(379, 7, 'student', '03/25', '01:35 PM', 0, '<strong>Mr. Admin</strong>  Ha subido material de estudio a tu portal', 1, 'admin', 'student/study_material/Mi0yLTk=', 'material', 2, 9, '2024', 2),
(380, 8, 'student', '03/25', '01:35 PM', 0, '<strong>Mr. Admin</strong>  Ha subido material de estudio a tu portal', 1, 'admin', 'student/study_material/Mi0yLTk=', 'material', 2, 9, '2024', 2),
(381, 9, 'student', '03/25', '01:35 PM', 0, '<strong>Mr. Admin</strong>  Ha subido material de estudio a tu portal', 1, 'admin', 'student/study_material/Mi0yLTk=', 'material', 2, 9, '2024', 2);
INSERT INTO `notification` (`id`, `user_id`, `user_type`, `date`, `time`, `status`, `notify`, `original_id`, `original_type`, `url`, `type`, `class_id`, `subject_id`, `year`, `section_id`) VALUES
(382, 10, 'student', '03/25', '01:35 PM', 0, '<strong>Mr. Admin</strong>  Ha subido material de estudio a tu portal', 1, 'admin', 'student/study_material/Mi0yLTk=', 'material', 2, 9, '2024', 2),
(383, 11, 'student', '03/25', '01:35 PM', 0, '<strong>Mr. Admin</strong>  Ha subido material de estudio a tu portal', 1, 'admin', 'student/study_material/Mi0yLTk=', 'material', 2, 9, '2024', 2),
(384, 12, 'student', '03/25', '01:35 PM', 0, '<strong>Mr. Admin</strong>  Ha subido material de estudio a tu portal', 1, 'admin', 'student/study_material/Mi0yLTk=', 'material', 2, 9, '2024', 2),
(385, 13, 'student', '03/25', '01:35 PM', 0, '<strong>Mr. Admin</strong>  Ha subido material de estudio a tu portal', 1, 'admin', 'student/study_material/Mi0yLTk=', 'material', 2, 9, '2024', 2),
(386, 14, 'student', '03/25', '01:35 PM', 0, '<strong>Mr. Admin</strong>  Ha subido material de estudio a tu portal', 1, 'admin', 'student/study_material/Mi0yLTk=', 'material', 2, 9, '2024', 2),
(387, 15, 'student', '03/25', '01:35 PM', 0, '<strong>Mr. Admin</strong>  Ha subido material de estudio a tu portal', 1, 'admin', 'student/study_material/Mi0yLTk=', 'material', 2, 9, '2024', 2),
(388, 16, 'student', '03/25', '01:35 PM', 0, '<strong>Mr. Admin</strong>  Ha subido material de estudio a tu portal', 1, 'admin', 'student/study_material/Mi0yLTk=', 'material', 2, 9, '2024', 2),
(389, 17, 'student', '03/25', '01:35 PM', 0, '<strong>Mr. Admin</strong>  Ha subido material de estudio a tu portal', 1, 'admin', 'student/study_material/Mi0yLTk=', 'material', 2, 9, '2024', 2),
(390, 18, 'student', '03/25', '01:35 PM', 0, '<strong>Mr. Admin</strong>  Ha subido material de estudio a tu portal', 1, 'admin', 'student/study_material/Mi0yLTk=', 'material', 2, 9, '2024', 2),
(391, 3, 'student', '03/25', '02:04 PM', 0, '<strong>Mr. Admin</strong> Ha creado una nueva tarea con el título <b>Demo</b>', 1, 'admin', 'student/homeworkroom/d8e5eb4b6e', 'homework', 2, 9, '2024', 2),
(392, 4, 'student', '03/25', '02:04 PM', 0, '<strong>Mr. Admin</strong> Ha creado una nueva tarea con el título <b>Demo</b>', 1, 'admin', 'student/homeworkroom/d8e5eb4b6e', 'homework', 2, 9, '2024', 2),
(393, 5, 'student', '03/25', '02:04 PM', 0, '<strong>Mr. Admin</strong> Ha creado una nueva tarea con el título <b>Demo</b>', 1, 'admin', 'student/homeworkroom/d8e5eb4b6e', 'homework', 2, 9, '2024', 2),
(394, 6, 'student', '03/25', '02:04 PM', 0, '<strong>Mr. Admin</strong> Ha creado una nueva tarea con el título <b>Demo</b>', 1, 'admin', 'student/homeworkroom/d8e5eb4b6e', 'homework', 2, 9, '2024', 2),
(395, 7, 'student', '03/25', '02:04 PM', 0, '<strong>Mr. Admin</strong> Ha creado una nueva tarea con el título <b>Demo</b>', 1, 'admin', 'student/homeworkroom/d8e5eb4b6e', 'homework', 2, 9, '2024', 2),
(396, 8, 'student', '03/25', '02:04 PM', 0, '<strong>Mr. Admin</strong> Ha creado una nueva tarea con el título <b>Demo</b>', 1, 'admin', 'student/homeworkroom/d8e5eb4b6e', 'homework', 2, 9, '2024', 2),
(397, 9, 'student', '03/25', '02:04 PM', 0, '<strong>Mr. Admin</strong> Ha creado una nueva tarea con el título <b>Demo</b>', 1, 'admin', 'student/homeworkroom/d8e5eb4b6e', 'homework', 2, 9, '2024', 2),
(398, 10, 'student', '03/25', '02:04 PM', 0, '<strong>Mr. Admin</strong> Ha creado una nueva tarea con el título <b>Demo</b>', 1, 'admin', 'student/homeworkroom/d8e5eb4b6e', 'homework', 2, 9, '2024', 2),
(399, 11, 'student', '03/25', '02:04 PM', 0, '<strong>Mr. Admin</strong> Ha creado una nueva tarea con el título <b>Demo</b>', 1, 'admin', 'student/homeworkroom/d8e5eb4b6e', 'homework', 2, 9, '2024', 2),
(400, 12, 'student', '03/25', '02:04 PM', 0, '<strong>Mr. Admin</strong> Ha creado una nueva tarea con el título <b>Demo</b>', 1, 'admin', 'student/homeworkroom/d8e5eb4b6e', 'homework', 2, 9, '2024', 2),
(401, 13, 'student', '03/25', '02:04 PM', 0, '<strong>Mr. Admin</strong> Ha creado una nueva tarea con el título <b>Demo</b>', 1, 'admin', 'student/homeworkroom/d8e5eb4b6e', 'homework', 2, 9, '2024', 2),
(402, 14, 'student', '03/25', '02:04 PM', 0, '<strong>Mr. Admin</strong> Ha creado una nueva tarea con el título <b>Demo</b>', 1, 'admin', 'student/homeworkroom/d8e5eb4b6e', 'homework', 2, 9, '2024', 2),
(403, 15, 'student', '03/25', '02:04 PM', 0, '<strong>Mr. Admin</strong> Ha creado una nueva tarea con el título <b>Demo</b>', 1, 'admin', 'student/homeworkroom/d8e5eb4b6e', 'homework', 2, 9, '2024', 2),
(404, 16, 'student', '03/25', '02:04 PM', 0, '<strong>Mr. Admin</strong> Ha creado una nueva tarea con el título <b>Demo</b>', 1, 'admin', 'student/homeworkroom/d8e5eb4b6e', 'homework', 2, 9, '2024', 2),
(405, 17, 'student', '03/25', '02:04 PM', 0, '<strong>Mr. Admin</strong> Ha creado una nueva tarea con el título <b>Demo</b>', 1, 'admin', 'student/homeworkroom/d8e5eb4b6e', 'homework', 2, 9, '2024', 2),
(406, 18, 'student', '03/25', '02:04 PM', 0, '<strong>Mr. Admin</strong> Ha creado una nueva tarea con el título <b>Demo</b>', 1, 'admin', 'student/homeworkroom/d8e5eb4b6e', 'homework', 2, 9, '2024', 2),
(407, 3, 'student', '03/25', '02:07 PM', 0, '<strong>Mr. Admin</strong> Ha creado una nueva tarea con el título <b>Demo</b>', 1, 'admin', 'student/homeworkroom/d8e5eb4b6e', 'homework', 2, 9, '2024', 2),
(408, 4, 'student', '03/25', '02:07 PM', 0, '<strong>Mr. Admin</strong> Ha creado una nueva tarea con el título <b>Demo</b>', 1, 'admin', 'student/homeworkroom/d8e5eb4b6e', 'homework', 2, 9, '2024', 2),
(409, 5, 'student', '03/25', '02:07 PM', 0, '<strong>Mr. Admin</strong> Ha creado una nueva tarea con el título <b>Demo</b>', 1, 'admin', 'student/homeworkroom/d8e5eb4b6e', 'homework', 2, 9, '2024', 2),
(410, 6, 'student', '03/25', '02:07 PM', 0, '<strong>Mr. Admin</strong> Ha creado una nueva tarea con el título <b>Demo</b>', 1, 'admin', 'student/homeworkroom/d8e5eb4b6e', 'homework', 2, 9, '2024', 2),
(411, 7, 'student', '03/25', '02:07 PM', 0, '<strong>Mr. Admin</strong> Ha creado una nueva tarea con el título <b>Demo</b>', 1, 'admin', 'student/homeworkroom/d8e5eb4b6e', 'homework', 2, 9, '2024', 2),
(412, 8, 'student', '03/25', '02:07 PM', 0, '<strong>Mr. Admin</strong> Ha creado una nueva tarea con el título <b>Demo</b>', 1, 'admin', 'student/homeworkroom/d8e5eb4b6e', 'homework', 2, 9, '2024', 2),
(413, 9, 'student', '03/25', '02:07 PM', 0, '<strong>Mr. Admin</strong> Ha creado una nueva tarea con el título <b>Demo</b>', 1, 'admin', 'student/homeworkroom/d8e5eb4b6e', 'homework', 2, 9, '2024', 2),
(414, 10, 'student', '03/25', '02:07 PM', 0, '<strong>Mr. Admin</strong> Ha creado una nueva tarea con el título <b>Demo</b>', 1, 'admin', 'student/homeworkroom/d8e5eb4b6e', 'homework', 2, 9, '2024', 2),
(415, 11, 'student', '03/25', '02:07 PM', 0, '<strong>Mr. Admin</strong> Ha creado una nueva tarea con el título <b>Demo</b>', 1, 'admin', 'student/homeworkroom/d8e5eb4b6e', 'homework', 2, 9, '2024', 2),
(416, 12, 'student', '03/25', '02:07 PM', 0, '<strong>Mr. Admin</strong> Ha creado una nueva tarea con el título <b>Demo</b>', 1, 'admin', 'student/homeworkroom/d8e5eb4b6e', 'homework', 2, 9, '2024', 2),
(417, 13, 'student', '03/25', '02:07 PM', 0, '<strong>Mr. Admin</strong> Ha creado una nueva tarea con el título <b>Demo</b>', 1, 'admin', 'student/homeworkroom/d8e5eb4b6e', 'homework', 2, 9, '2024', 2),
(418, 14, 'student', '03/25', '02:07 PM', 0, '<strong>Mr. Admin</strong> Ha creado una nueva tarea con el título <b>Demo</b>', 1, 'admin', 'student/homeworkroom/d8e5eb4b6e', 'homework', 2, 9, '2024', 2),
(419, 15, 'student', '03/25', '02:07 PM', 0, '<strong>Mr. Admin</strong> Ha creado una nueva tarea con el título <b>Demo</b>', 1, 'admin', 'student/homeworkroom/d8e5eb4b6e', 'homework', 2, 9, '2024', 2),
(420, 16, 'student', '03/25', '02:07 PM', 0, '<strong>Mr. Admin</strong> Ha creado una nueva tarea con el título <b>Demo</b>', 1, 'admin', 'student/homeworkroom/d8e5eb4b6e', 'homework', 2, 9, '2024', 2),
(421, 17, 'student', '03/25', '02:07 PM', 0, '<strong>Mr. Admin</strong> Ha creado una nueva tarea con el título <b>Demo</b>', 1, 'admin', 'student/homeworkroom/d8e5eb4b6e', 'homework', 2, 9, '2024', 2),
(422, 18, 'student', '03/25', '02:07 PM', 0, '<strong>Mr. Admin</strong> Ha creado una nueva tarea con el título <b>Demo</b>', 1, 'admin', 'student/homeworkroom/d8e5eb4b6e', 'homework', 2, 9, '2024', 2),
(423, 3, 'student', '03/25', '07:45 PM', 0, '<strong>Mr. Admin</strong>  Ha subido material de estudio a tu portal', 1, 'admin', 'student/study_material/Mi0yLTQ=', 'material', 2, 4, '2024', 2),
(424, 4, 'student', '03/25', '07:45 PM', 0, '<strong>Mr. Admin</strong>  Ha subido material de estudio a tu portal', 1, 'admin', 'student/study_material/Mi0yLTQ=', 'material', 2, 4, '2024', 2),
(425, 5, 'student', '03/25', '07:45 PM', 0, '<strong>Mr. Admin</strong>  Ha subido material de estudio a tu portal', 1, 'admin', 'student/study_material/Mi0yLTQ=', 'material', 2, 4, '2024', 2),
(426, 6, 'student', '03/25', '07:45 PM', 0, '<strong>Mr. Admin</strong>  Ha subido material de estudio a tu portal', 1, 'admin', 'student/study_material/Mi0yLTQ=', 'material', 2, 4, '2024', 2),
(427, 7, 'student', '03/25', '07:45 PM', 0, '<strong>Mr. Admin</strong>  Ha subido material de estudio a tu portal', 1, 'admin', 'student/study_material/Mi0yLTQ=', 'material', 2, 4, '2024', 2),
(428, 8, 'student', '03/25', '07:45 PM', 0, '<strong>Mr. Admin</strong>  Ha subido material de estudio a tu portal', 1, 'admin', 'student/study_material/Mi0yLTQ=', 'material', 2, 4, '2024', 2),
(429, 9, 'student', '03/25', '07:45 PM', 0, '<strong>Mr. Admin</strong>  Ha subido material de estudio a tu portal', 1, 'admin', 'student/study_material/Mi0yLTQ=', 'material', 2, 4, '2024', 2),
(430, 10, 'student', '03/25', '07:45 PM', 0, '<strong>Mr. Admin</strong>  Ha subido material de estudio a tu portal', 1, 'admin', 'student/study_material/Mi0yLTQ=', 'material', 2, 4, '2024', 2),
(431, 11, 'student', '03/25', '07:45 PM', 0, '<strong>Mr. Admin</strong>  Ha subido material de estudio a tu portal', 1, 'admin', 'student/study_material/Mi0yLTQ=', 'material', 2, 4, '2024', 2),
(432, 12, 'student', '03/25', '07:45 PM', 0, '<strong>Mr. Admin</strong>  Ha subido material de estudio a tu portal', 1, 'admin', 'student/study_material/Mi0yLTQ=', 'material', 2, 4, '2024', 2),
(433, 13, 'student', '03/25', '07:45 PM', 0, '<strong>Mr. Admin</strong>  Ha subido material de estudio a tu portal', 1, 'admin', 'student/study_material/Mi0yLTQ=', 'material', 2, 4, '2024', 2),
(434, 14, 'student', '03/25', '07:45 PM', 0, '<strong>Mr. Admin</strong>  Ha subido material de estudio a tu portal', 1, 'admin', 'student/study_material/Mi0yLTQ=', 'material', 2, 4, '2024', 2),
(435, 15, 'student', '03/25', '07:45 PM', 0, '<strong>Mr. Admin</strong>  Ha subido material de estudio a tu portal', 1, 'admin', 'student/study_material/Mi0yLTQ=', 'material', 2, 4, '2024', 2),
(436, 16, 'student', '03/25', '07:45 PM', 0, '<strong>Mr. Admin</strong>  Ha subido material de estudio a tu portal', 1, 'admin', 'student/study_material/Mi0yLTQ=', 'material', 2, 4, '2024', 2),
(437, 17, 'student', '03/25', '07:45 PM', 0, '<strong>Mr. Admin</strong>  Ha subido material de estudio a tu portal', 1, 'admin', 'student/study_material/Mi0yLTQ=', 'material', 2, 4, '2024', 2),
(438, 18, 'student', '03/25', '07:45 PM', 0, '<strong>Mr. Admin</strong>  Ha subido material de estudio a tu portal', 1, 'admin', 'student/study_material/Mi0yLTQ=', 'material', 2, 4, '2024', 2),
(439, 3, 'student', '03/25', '07:46 PM', 0, '<strong>Mr. Admin</strong>  Ha subido material de estudio a tu portal', 1, 'admin', 'student/study_material/Mi0yLTU=', 'material', 2, 5, '2024', 2),
(440, 4, 'student', '03/25', '07:46 PM', 0, '<strong>Mr. Admin</strong>  Ha subido material de estudio a tu portal', 1, 'admin', 'student/study_material/Mi0yLTU=', 'material', 2, 5, '2024', 2),
(441, 5, 'student', '03/25', '07:46 PM', 0, '<strong>Mr. Admin</strong>  Ha subido material de estudio a tu portal', 1, 'admin', 'student/study_material/Mi0yLTU=', 'material', 2, 5, '2024', 2),
(442, 6, 'student', '03/25', '07:46 PM', 0, '<strong>Mr. Admin</strong>  Ha subido material de estudio a tu portal', 1, 'admin', 'student/study_material/Mi0yLTU=', 'material', 2, 5, '2024', 2),
(443, 7, 'student', '03/25', '07:46 PM', 0, '<strong>Mr. Admin</strong>  Ha subido material de estudio a tu portal', 1, 'admin', 'student/study_material/Mi0yLTU=', 'material', 2, 5, '2024', 2),
(444, 8, 'student', '03/25', '07:46 PM', 0, '<strong>Mr. Admin</strong>  Ha subido material de estudio a tu portal', 1, 'admin', 'student/study_material/Mi0yLTU=', 'material', 2, 5, '2024', 2),
(445, 9, 'student', '03/25', '07:46 PM', 0, '<strong>Mr. Admin</strong>  Ha subido material de estudio a tu portal', 1, 'admin', 'student/study_material/Mi0yLTU=', 'material', 2, 5, '2024', 2),
(446, 10, 'student', '03/25', '07:46 PM', 0, '<strong>Mr. Admin</strong>  Ha subido material de estudio a tu portal', 1, 'admin', 'student/study_material/Mi0yLTU=', 'material', 2, 5, '2024', 2),
(447, 11, 'student', '03/25', '07:46 PM', 0, '<strong>Mr. Admin</strong>  Ha subido material de estudio a tu portal', 1, 'admin', 'student/study_material/Mi0yLTU=', 'material', 2, 5, '2024', 2),
(448, 12, 'student', '03/25', '07:46 PM', 0, '<strong>Mr. Admin</strong>  Ha subido material de estudio a tu portal', 1, 'admin', 'student/study_material/Mi0yLTU=', 'material', 2, 5, '2024', 2),
(449, 13, 'student', '03/25', '07:46 PM', 0, '<strong>Mr. Admin</strong>  Ha subido material de estudio a tu portal', 1, 'admin', 'student/study_material/Mi0yLTU=', 'material', 2, 5, '2024', 2),
(450, 14, 'student', '03/25', '07:46 PM', 0, '<strong>Mr. Admin</strong>  Ha subido material de estudio a tu portal', 1, 'admin', 'student/study_material/Mi0yLTU=', 'material', 2, 5, '2024', 2),
(451, 15, 'student', '03/25', '07:46 PM', 0, '<strong>Mr. Admin</strong>  Ha subido material de estudio a tu portal', 1, 'admin', 'student/study_material/Mi0yLTU=', 'material', 2, 5, '2024', 2),
(452, 16, 'student', '03/25', '07:46 PM', 0, '<strong>Mr. Admin</strong>  Ha subido material de estudio a tu portal', 1, 'admin', 'student/study_material/Mi0yLTU=', 'material', 2, 5, '2024', 2),
(453, 17, 'student', '03/25', '07:46 PM', 0, '<strong>Mr. Admin</strong>  Ha subido material de estudio a tu portal', 1, 'admin', 'student/study_material/Mi0yLTU=', 'material', 2, 5, '2024', 2),
(454, 18, 'student', '03/25', '07:46 PM', 0, '<strong>Mr. Admin</strong>  Ha subido material de estudio a tu portal', 1, 'admin', 'student/study_material/Mi0yLTU=', 'material', 2, 5, '2024', 2),
(455, 3, 'student', '03/25', '07:48 PM', 0, '<strong>Mr. Admin</strong>  Ha subido material de estudio a tu portal', 1, 'admin', 'student/study_material/Mi0yLTk=', 'material', 2, 9, '2024', 2),
(456, 4, 'student', '03/25', '07:48 PM', 0, '<strong>Mr. Admin</strong>  Ha subido material de estudio a tu portal', 1, 'admin', 'student/study_material/Mi0yLTk=', 'material', 2, 9, '2024', 2),
(457, 5, 'student', '03/25', '07:48 PM', 0, '<strong>Mr. Admin</strong>  Ha subido material de estudio a tu portal', 1, 'admin', 'student/study_material/Mi0yLTk=', 'material', 2, 9, '2024', 2),
(458, 6, 'student', '03/25', '07:48 PM', 0, '<strong>Mr. Admin</strong>  Ha subido material de estudio a tu portal', 1, 'admin', 'student/study_material/Mi0yLTk=', 'material', 2, 9, '2024', 2),
(459, 7, 'student', '03/25', '07:48 PM', 0, '<strong>Mr. Admin</strong>  Ha subido material de estudio a tu portal', 1, 'admin', 'student/study_material/Mi0yLTk=', 'material', 2, 9, '2024', 2),
(460, 8, 'student', '03/25', '07:48 PM', 0, '<strong>Mr. Admin</strong>  Ha subido material de estudio a tu portal', 1, 'admin', 'student/study_material/Mi0yLTk=', 'material', 2, 9, '2024', 2),
(461, 9, 'student', '03/25', '07:48 PM', 0, '<strong>Mr. Admin</strong>  Ha subido material de estudio a tu portal', 1, 'admin', 'student/study_material/Mi0yLTk=', 'material', 2, 9, '2024', 2),
(462, 10, 'student', '03/25', '07:48 PM', 0, '<strong>Mr. Admin</strong>  Ha subido material de estudio a tu portal', 1, 'admin', 'student/study_material/Mi0yLTk=', 'material', 2, 9, '2024', 2),
(463, 11, 'student', '03/25', '07:48 PM', 0, '<strong>Mr. Admin</strong>  Ha subido material de estudio a tu portal', 1, 'admin', 'student/study_material/Mi0yLTk=', 'material', 2, 9, '2024', 2),
(464, 12, 'student', '03/25', '07:48 PM', 0, '<strong>Mr. Admin</strong>  Ha subido material de estudio a tu portal', 1, 'admin', 'student/study_material/Mi0yLTk=', 'material', 2, 9, '2024', 2),
(465, 13, 'student', '03/25', '07:48 PM', 0, '<strong>Mr. Admin</strong>  Ha subido material de estudio a tu portal', 1, 'admin', 'student/study_material/Mi0yLTk=', 'material', 2, 9, '2024', 2),
(466, 14, 'student', '03/25', '07:48 PM', 0, '<strong>Mr. Admin</strong>  Ha subido material de estudio a tu portal', 1, 'admin', 'student/study_material/Mi0yLTk=', 'material', 2, 9, '2024', 2),
(467, 15, 'student', '03/25', '07:48 PM', 0, '<strong>Mr. Admin</strong>  Ha subido material de estudio a tu portal', 1, 'admin', 'student/study_material/Mi0yLTk=', 'material', 2, 9, '2024', 2),
(468, 16, 'student', '03/25', '07:48 PM', 0, '<strong>Mr. Admin</strong>  Ha subido material de estudio a tu portal', 1, 'admin', 'student/study_material/Mi0yLTk=', 'material', 2, 9, '2024', 2),
(469, 17, 'student', '03/25', '07:48 PM', 0, '<strong>Mr. Admin</strong>  Ha subido material de estudio a tu portal', 1, 'admin', 'student/study_material/Mi0yLTk=', 'material', 2, 9, '2024', 2),
(470, 18, 'student', '03/25', '07:48 PM', 0, '<strong>Mr. Admin</strong>  Ha subido material de estudio a tu portal', 1, 'admin', 'student/study_material/Mi0yLTk=', 'material', 2, 9, '2024', 2),
(471, 3, 'student', '03/25', '07:49 PM', 0, '<strong>Mr. Admin</strong>  Ha subido material de estudio a tu portal', 1, 'admin', 'student/study_material/Mi0yLTE0', 'material', 2, 14, '2024', 2),
(472, 4, 'student', '03/25', '07:49 PM', 0, '<strong>Mr. Admin</strong>  Ha subido material de estudio a tu portal', 1, 'admin', 'student/study_material/Mi0yLTE0', 'material', 2, 14, '2024', 2),
(473, 5, 'student', '03/25', '07:49 PM', 0, '<strong>Mr. Admin</strong>  Ha subido material de estudio a tu portal', 1, 'admin', 'student/study_material/Mi0yLTE0', 'material', 2, 14, '2024', 2),
(474, 6, 'student', '03/25', '07:49 PM', 0, '<strong>Mr. Admin</strong>  Ha subido material de estudio a tu portal', 1, 'admin', 'student/study_material/Mi0yLTE0', 'material', 2, 14, '2024', 2),
(475, 7, 'student', '03/25', '07:49 PM', 0, '<strong>Mr. Admin</strong>  Ha subido material de estudio a tu portal', 1, 'admin', 'student/study_material/Mi0yLTE0', 'material', 2, 14, '2024', 2),
(476, 8, 'student', '03/25', '07:49 PM', 0, '<strong>Mr. Admin</strong>  Ha subido material de estudio a tu portal', 1, 'admin', 'student/study_material/Mi0yLTE0', 'material', 2, 14, '2024', 2),
(477, 9, 'student', '03/25', '07:49 PM', 0, '<strong>Mr. Admin</strong>  Ha subido material de estudio a tu portal', 1, 'admin', 'student/study_material/Mi0yLTE0', 'material', 2, 14, '2024', 2),
(478, 10, 'student', '03/25', '07:49 PM', 0, '<strong>Mr. Admin</strong>  Ha subido material de estudio a tu portal', 1, 'admin', 'student/study_material/Mi0yLTE0', 'material', 2, 14, '2024', 2),
(479, 11, 'student', '03/25', '07:49 PM', 0, '<strong>Mr. Admin</strong>  Ha subido material de estudio a tu portal', 1, 'admin', 'student/study_material/Mi0yLTE0', 'material', 2, 14, '2024', 2),
(480, 12, 'student', '03/25', '07:49 PM', 0, '<strong>Mr. Admin</strong>  Ha subido material de estudio a tu portal', 1, 'admin', 'student/study_material/Mi0yLTE0', 'material', 2, 14, '2024', 2),
(481, 13, 'student', '03/25', '07:49 PM', 0, '<strong>Mr. Admin</strong>  Ha subido material de estudio a tu portal', 1, 'admin', 'student/study_material/Mi0yLTE0', 'material', 2, 14, '2024', 2),
(482, 14, 'student', '03/25', '07:49 PM', 0, '<strong>Mr. Admin</strong>  Ha subido material de estudio a tu portal', 1, 'admin', 'student/study_material/Mi0yLTE0', 'material', 2, 14, '2024', 2),
(483, 15, 'student', '03/25', '07:49 PM', 0, '<strong>Mr. Admin</strong>  Ha subido material de estudio a tu portal', 1, 'admin', 'student/study_material/Mi0yLTE0', 'material', 2, 14, '2024', 2),
(484, 16, 'student', '03/25', '07:49 PM', 0, '<strong>Mr. Admin</strong>  Ha subido material de estudio a tu portal', 1, 'admin', 'student/study_material/Mi0yLTE0', 'material', 2, 14, '2024', 2),
(485, 17, 'student', '03/25', '07:49 PM', 0, '<strong>Mr. Admin</strong>  Ha subido material de estudio a tu portal', 1, 'admin', 'student/study_material/Mi0yLTE0', 'material', 2, 14, '2024', 2),
(486, 18, 'student', '03/25', '07:49 PM', 0, '<strong>Mr. Admin</strong>  Ha subido material de estudio a tu portal', 1, 'admin', 'student/study_material/Mi0yLTE0', 'material', 2, 14, '2024', 2),
(487, 3, 'student', '03/25', '07:50 PM', 0, '<strong>Mr. Admin</strong>  Ha subido material de estudio a tu portal', 1, 'admin', 'student/study_material/Mi0yLTE2', 'material', 2, 16, '2024', 2),
(488, 4, 'student', '03/25', '07:50 PM', 0, '<strong>Mr. Admin</strong>  Ha subido material de estudio a tu portal', 1, 'admin', 'student/study_material/Mi0yLTE2', 'material', 2, 16, '2024', 2),
(489, 5, 'student', '03/25', '07:50 PM', 0, '<strong>Mr. Admin</strong>  Ha subido material de estudio a tu portal', 1, 'admin', 'student/study_material/Mi0yLTE2', 'material', 2, 16, '2024', 2),
(490, 6, 'student', '03/25', '07:50 PM', 0, '<strong>Mr. Admin</strong>  Ha subido material de estudio a tu portal', 1, 'admin', 'student/study_material/Mi0yLTE2', 'material', 2, 16, '2024', 2),
(491, 7, 'student', '03/25', '07:50 PM', 0, '<strong>Mr. Admin</strong>  Ha subido material de estudio a tu portal', 1, 'admin', 'student/study_material/Mi0yLTE2', 'material', 2, 16, '2024', 2),
(492, 8, 'student', '03/25', '07:50 PM', 0, '<strong>Mr. Admin</strong>  Ha subido material de estudio a tu portal', 1, 'admin', 'student/study_material/Mi0yLTE2', 'material', 2, 16, '2024', 2),
(493, 9, 'student', '03/25', '07:50 PM', 0, '<strong>Mr. Admin</strong>  Ha subido material de estudio a tu portal', 1, 'admin', 'student/study_material/Mi0yLTE2', 'material', 2, 16, '2024', 2),
(494, 10, 'student', '03/25', '07:50 PM', 0, '<strong>Mr. Admin</strong>  Ha subido material de estudio a tu portal', 1, 'admin', 'student/study_material/Mi0yLTE2', 'material', 2, 16, '2024', 2),
(495, 11, 'student', '03/25', '07:50 PM', 0, '<strong>Mr. Admin</strong>  Ha subido material de estudio a tu portal', 1, 'admin', 'student/study_material/Mi0yLTE2', 'material', 2, 16, '2024', 2),
(496, 12, 'student', '03/25', '07:50 PM', 0, '<strong>Mr. Admin</strong>  Ha subido material de estudio a tu portal', 1, 'admin', 'student/study_material/Mi0yLTE2', 'material', 2, 16, '2024', 2),
(497, 13, 'student', '03/25', '07:50 PM', 0, '<strong>Mr. Admin</strong>  Ha subido material de estudio a tu portal', 1, 'admin', 'student/study_material/Mi0yLTE2', 'material', 2, 16, '2024', 2),
(498, 14, 'student', '03/25', '07:50 PM', 0, '<strong>Mr. Admin</strong>  Ha subido material de estudio a tu portal', 1, 'admin', 'student/study_material/Mi0yLTE2', 'material', 2, 16, '2024', 2),
(499, 15, 'student', '03/25', '07:50 PM', 0, '<strong>Mr. Admin</strong>  Ha subido material de estudio a tu portal', 1, 'admin', 'student/study_material/Mi0yLTE2', 'material', 2, 16, '2024', 2),
(500, 16, 'student', '03/25', '07:50 PM', 0, '<strong>Mr. Admin</strong>  Ha subido material de estudio a tu portal', 1, 'admin', 'student/study_material/Mi0yLTE2', 'material', 2, 16, '2024', 2),
(501, 17, 'student', '03/25', '07:50 PM', 0, '<strong>Mr. Admin</strong>  Ha subido material de estudio a tu portal', 1, 'admin', 'student/study_material/Mi0yLTE2', 'material', 2, 16, '2024', 2),
(502, 18, 'student', '03/25', '07:50 PM', 0, '<strong>Mr. Admin</strong>  Ha subido material de estudio a tu portal', 1, 'admin', 'student/study_material/Mi0yLTE2', 'material', 2, 16, '2024', 2),
(503, 3, 'student', '04/02', '04:34 PM', 0, '<strong>Mr. Admin</strong>  Ha subido material de estudio a tu portal', 1, 'admin', 'student/study_material/Mi0yLTE3', 'material', 2, 17, '2024', 2),
(504, 4, 'student', '04/02', '04:34 PM', 0, '<strong>Mr. Admin</strong>  Ha subido material de estudio a tu portal', 1, 'admin', 'student/study_material/Mi0yLTE3', 'material', 2, 17, '2024', 2),
(505, 5, 'student', '04/02', '04:34 PM', 0, '<strong>Mr. Admin</strong>  Ha subido material de estudio a tu portal', 1, 'admin', 'student/study_material/Mi0yLTE3', 'material', 2, 17, '2024', 2),
(506, 6, 'student', '04/02', '04:34 PM', 0, '<strong>Mr. Admin</strong>  Ha subido material de estudio a tu portal', 1, 'admin', 'student/study_material/Mi0yLTE3', 'material', 2, 17, '2024', 2),
(507, 7, 'student', '04/02', '04:34 PM', 0, '<strong>Mr. Admin</strong>  Ha subido material de estudio a tu portal', 1, 'admin', 'student/study_material/Mi0yLTE3', 'material', 2, 17, '2024', 2),
(508, 8, 'student', '04/02', '04:34 PM', 0, '<strong>Mr. Admin</strong>  Ha subido material de estudio a tu portal', 1, 'admin', 'student/study_material/Mi0yLTE3', 'material', 2, 17, '2024', 2),
(509, 9, 'student', '04/02', '04:34 PM', 0, '<strong>Mr. Admin</strong>  Ha subido material de estudio a tu portal', 1, 'admin', 'student/study_material/Mi0yLTE3', 'material', 2, 17, '2024', 2),
(510, 10, 'student', '04/02', '04:34 PM', 0, '<strong>Mr. Admin</strong>  Ha subido material de estudio a tu portal', 1, 'admin', 'student/study_material/Mi0yLTE3', 'material', 2, 17, '2024', 2),
(511, 11, 'student', '04/02', '04:34 PM', 0, '<strong>Mr. Admin</strong>  Ha subido material de estudio a tu portal', 1, 'admin', 'student/study_material/Mi0yLTE3', 'material', 2, 17, '2024', 2),
(512, 12, 'student', '04/02', '04:34 PM', 0, '<strong>Mr. Admin</strong>  Ha subido material de estudio a tu portal', 1, 'admin', 'student/study_material/Mi0yLTE3', 'material', 2, 17, '2024', 2),
(513, 13, 'student', '04/02', '04:34 PM', 0, '<strong>Mr. Admin</strong>  Ha subido material de estudio a tu portal', 1, 'admin', 'student/study_material/Mi0yLTE3', 'material', 2, 17, '2024', 2),
(514, 14, 'student', '04/02', '04:34 PM', 0, '<strong>Mr. Admin</strong>  Ha subido material de estudio a tu portal', 1, 'admin', 'student/study_material/Mi0yLTE3', 'material', 2, 17, '2024', 2),
(515, 15, 'student', '04/02', '04:34 PM', 0, '<strong>Mr. Admin</strong>  Ha subido material de estudio a tu portal', 1, 'admin', 'student/study_material/Mi0yLTE3', 'material', 2, 17, '2024', 2),
(516, 16, 'student', '04/02', '04:34 PM', 0, '<strong>Mr. Admin</strong>  Ha subido material de estudio a tu portal', 1, 'admin', 'student/study_material/Mi0yLTE3', 'material', 2, 17, '2024', 2),
(517, 17, 'student', '04/02', '04:34 PM', 0, '<strong>Mr. Admin</strong>  Ha subido material de estudio a tu portal', 1, 'admin', 'student/study_material/Mi0yLTE3', 'material', 2, 17, '2024', 2),
(518, 18, 'student', '04/02', '04:34 PM', 0, '<strong>Mr. Admin</strong>  Ha subido material de estudio a tu portal', 1, 'admin', 'student/study_material/Mi0yLTE3', 'material', 2, 17, '2024', 2),
(519, 3, 'student', '04/05', '02:54 PM', 0, 'New Notice Info', 0, 'admin', 'student/panel', 'news', 0, 0, '2024', NULL),
(520, 4, 'student', '04/05', '02:54 PM', 0, 'New Notice Info', 0, 'admin', 'student/panel', 'news', 0, 0, '2024', NULL),
(521, 5, 'student', '04/05', '02:54 PM', 0, 'New Notice Info', 0, 'admin', 'student/panel', 'news', 0, 0, '2024', NULL),
(522, 6, 'student', '04/05', '02:54 PM', 0, 'New Notice Info', 0, 'admin', 'student/panel', 'news', 0, 0, '2024', NULL),
(523, 7, 'student', '04/05', '02:54 PM', 0, 'New Notice Info', 0, 'admin', 'student/panel', 'news', 0, 0, '2024', NULL),
(524, 8, 'student', '04/05', '02:54 PM', 0, 'New Notice Info', 0, 'admin', 'student/panel', 'news', 0, 0, '2024', NULL),
(525, 9, 'student', '04/05', '02:54 PM', 0, 'New Notice Info', 0, 'admin', 'student/panel', 'news', 0, 0, '2024', NULL),
(526, 10, 'student', '04/05', '02:54 PM', 0, 'New Notice Info', 0, 'admin', 'student/panel', 'news', 0, 0, '2024', NULL),
(527, 11, 'student', '04/05', '02:54 PM', 0, 'New Notice Info', 0, 'admin', 'student/panel', 'news', 0, 0, '2024', NULL),
(528, 12, 'student', '04/05', '02:54 PM', 0, 'New Notice Info', 0, 'admin', 'student/panel', 'news', 0, 0, '2024', NULL),
(529, 13, 'student', '04/05', '02:54 PM', 0, 'New Notice Info', 0, 'admin', 'student/panel', 'news', 0, 0, '2024', NULL),
(530, 14, 'student', '04/05', '02:54 PM', 0, 'New Notice Info', 0, 'admin', 'student/panel', 'news', 0, 0, '2024', NULL),
(531, 15, 'student', '04/05', '02:54 PM', 0, 'New Notice Info', 0, 'admin', 'student/panel', 'news', 0, 0, '2024', NULL),
(532, 16, 'student', '04/05', '02:54 PM', 0, 'New Notice Info', 0, 'admin', 'student/panel', 'news', 0, 0, '2024', NULL),
(533, 17, 'student', '04/05', '02:54 PM', 0, 'New Notice Info', 0, 'admin', 'student/panel', 'news', 0, 0, '2024', NULL),
(534, 18, 'student', '04/05', '02:54 PM', 0, 'New Notice Info', 0, 'admin', 'student/panel', 'news', 0, 0, '2024', NULL),
(535, 19, 'student', '04/05', '02:54 PM', 0, 'New Notice Info', 0, 'admin', 'student/panel', 'news', 0, 0, '2024', NULL),
(536, 20, 'student', '04/05', '02:54 PM', 0, 'New Notice Info', 0, 'admin', 'student/panel', 'news', 0, 0, '2024', NULL),
(537, 21, 'student', '04/05', '02:54 PM', 0, 'New Notice Info', 0, 'admin', 'student/panel', 'news', 0, 0, '2024', NULL),
(538, 22, 'student', '04/05', '02:54 PM', 0, 'New Notice Info', 0, 'admin', 'student/panel', 'news', 0, 0, '2024', NULL),
(539, 23, 'student', '04/05', '02:54 PM', 0, 'New Notice Info', 0, 'admin', 'student/panel', 'news', 0, 0, '2024', NULL),
(540, 24, 'student', '04/05', '02:54 PM', 0, 'New Notice Info', 0, 'admin', 'student/panel', 'news', 0, 0, '2024', NULL),
(541, 25, 'student', '04/05', '02:54 PM', 0, 'New Notice Info', 0, 'admin', 'student/panel', 'news', 0, 0, '2024', NULL),
(542, 26, 'student', '04/05', '02:54 PM', 0, 'New Notice Info', 0, 'admin', 'student/panel', 'news', 0, 0, '2024', NULL),
(543, 27, 'student', '04/05', '02:54 PM', 0, 'New Notice Info', 0, 'admin', 'student/panel', 'news', 0, 0, '2024', NULL),
(544, 28, 'student', '04/05', '02:54 PM', 0, 'New Notice Info', 0, 'admin', 'student/panel', 'news', 0, 0, '2024', NULL),
(545, 29, 'student', '04/05', '02:54 PM', 0, 'New Notice Info', 0, 'admin', 'student/panel', 'news', 0, 0, '2024', NULL),
(546, 30, 'student', '04/05', '02:54 PM', 0, 'New Notice Info', 0, 'admin', 'student/panel', 'news', 0, 0, '2024', NULL),
(547, 31, 'student', '04/05', '02:54 PM', 0, 'New Notice Info', 0, 'admin', 'student/panel', 'news', 0, 0, '2024', NULL),
(548, 32, 'student', '04/05', '02:54 PM', 0, 'New Notice Info', 0, 'admin', 'student/panel', 'news', 0, 0, '2024', NULL),
(549, 33, 'student', '04/05', '02:54 PM', 0, 'New Notice Info', 0, 'admin', 'student/panel', 'news', 0, 0, '2024', NULL),
(550, 34, 'student', '04/05', '02:54 PM', 0, 'New Notice Info', 0, 'admin', 'student/panel', 'news', 0, 0, '2024', NULL),
(551, 35, 'student', '04/05', '02:54 PM', 0, 'New Notice Info', 0, 'admin', 'student/panel', 'news', 0, 0, '2024', NULL),
(552, 2, 'teacher', '04/05', '02:54 PM', 0, 'New Notice Info', 0, 'admin', 'teacher/panel', 'news', 0, 0, '2024', NULL),
(553, 3, 'teacher', '04/05', '02:54 PM', 0, 'New Notice Info', 0, 'admin', 'teacher/panel', 'news', 0, 0, '2024', NULL),
(554, 4, 'teacher', '04/05', '02:54 PM', 0, 'New Notice Info', 0, 'admin', 'teacher/panel', 'news', 0, 0, '2024', NULL),
(555, 5, 'teacher', '04/05', '02:54 PM', 0, 'New Notice Info', 0, 'admin', 'teacher/panel', 'news', 0, 0, '2024', NULL),
(556, 6, 'teacher', '04/05', '02:54 PM', 0, 'New Notice Info', 0, 'admin', 'teacher/panel', 'news', 0, 0, '2024', NULL),
(557, 7, 'teacher', '04/05', '02:54 PM', 0, 'New Notice Info', 0, 'admin', 'teacher/panel', 'news', 0, 0, '2024', NULL),
(558, 8, 'teacher', '04/05', '02:54 PM', 0, 'New Notice Info', 0, 'admin', 'teacher/panel', 'news', 0, 0, '2024', NULL),
(559, 3, 'student', '04/10/2024', '11:56 AM', 0, '<strong>Mr. Admin</strong> agregó un nuevo examen en línea con el título <b>PRUEBA</b>', 1, 'admin', 'student/online_exams/Mi0yLTE3', 'exam', 2, 17, '2024', 2),
(560, 4, 'student', '04/10/2024', '11:56 AM', 0, '<strong>Mr. Admin</strong> agregó un nuevo examen en línea con el título <b>PRUEBA</b>', 1, 'admin', 'student/online_exams/Mi0yLTE3', 'exam', 2, 17, '2024', 2),
(561, 5, 'student', '04/10/2024', '11:56 AM', 0, '<strong>Mr. Admin</strong> agregó un nuevo examen en línea con el título <b>PRUEBA</b>', 1, 'admin', 'student/online_exams/Mi0yLTE3', 'exam', 2, 17, '2024', 2),
(562, 6, 'student', '04/10/2024', '11:56 AM', 0, '<strong>Mr. Admin</strong> agregó un nuevo examen en línea con el título <b>PRUEBA</b>', 1, 'admin', 'student/online_exams/Mi0yLTE3', 'exam', 2, 17, '2024', 2),
(563, 7, 'student', '04/10/2024', '11:56 AM', 0, '<strong>Mr. Admin</strong> agregó un nuevo examen en línea con el título <b>PRUEBA</b>', 1, 'admin', 'student/online_exams/Mi0yLTE3', 'exam', 2, 17, '2024', 2),
(564, 8, 'student', '04/10/2024', '11:56 AM', 0, '<strong>Mr. Admin</strong> agregó un nuevo examen en línea con el título <b>PRUEBA</b>', 1, 'admin', 'student/online_exams/Mi0yLTE3', 'exam', 2, 17, '2024', 2),
(565, 9, 'student', '04/10/2024', '11:56 AM', 0, '<strong>Mr. Admin</strong> agregó un nuevo examen en línea con el título <b>PRUEBA</b>', 1, 'admin', 'student/online_exams/Mi0yLTE3', 'exam', 2, 17, '2024', 2),
(566, 10, 'student', '04/10/2024', '11:56 AM', 0, '<strong>Mr. Admin</strong> agregó un nuevo examen en línea con el título <b>PRUEBA</b>', 1, 'admin', 'student/online_exams/Mi0yLTE3', 'exam', 2, 17, '2024', 2),
(567, 11, 'student', '04/10/2024', '11:56 AM', 0, '<strong>Mr. Admin</strong> agregó un nuevo examen en línea con el título <b>PRUEBA</b>', 1, 'admin', 'student/online_exams/Mi0yLTE3', 'exam', 2, 17, '2024', 2),
(568, 12, 'student', '04/10/2024', '11:56 AM', 0, '<strong>Mr. Admin</strong> agregó un nuevo examen en línea con el título <b>PRUEBA</b>', 1, 'admin', 'student/online_exams/Mi0yLTE3', 'exam', 2, 17, '2024', 2),
(569, 13, 'student', '04/10/2024', '11:56 AM', 0, '<strong>Mr. Admin</strong> agregó un nuevo examen en línea con el título <b>PRUEBA</b>', 1, 'admin', 'student/online_exams/Mi0yLTE3', 'exam', 2, 17, '2024', 2),
(570, 14, 'student', '04/10/2024', '11:56 AM', 0, '<strong>Mr. Admin</strong> agregó un nuevo examen en línea con el título <b>PRUEBA</b>', 1, 'admin', 'student/online_exams/Mi0yLTE3', 'exam', 2, 17, '2024', 2),
(571, 15, 'student', '04/10/2024', '11:56 AM', 0, '<strong>Mr. Admin</strong> agregó un nuevo examen en línea con el título <b>PRUEBA</b>', 1, 'admin', 'student/online_exams/Mi0yLTE3', 'exam', 2, 17, '2024', 2),
(572, 16, 'student', '04/10/2024', '11:56 AM', 0, '<strong>Mr. Admin</strong> agregó un nuevo examen en línea con el título <b>PRUEBA</b>', 1, 'admin', 'student/online_exams/Mi0yLTE3', 'exam', 2, 17, '2024', 2),
(573, 17, 'student', '04/10/2024', '11:56 AM', 0, '<strong>Mr. Admin</strong> agregó un nuevo examen en línea con el título <b>PRUEBA</b>', 1, 'admin', 'student/online_exams/Mi0yLTE3', 'exam', 2, 17, '2024', 2),
(574, 18, 'student', '04/10/2024', '11:56 AM', 0, '<strong>Mr. Admin</strong> agregó un nuevo examen en línea con el título <b>PRUEBA</b>', 1, 'admin', 'student/online_exams/Mi0yLTE3', 'exam', 2, 17, '2024', 2),
(575, 3, 'student', '04/10/2024', '12:10 PM', 0, '<strong>Mr. Admin</strong> agregó un nuevo examen en línea con el título <b>PRUEBA</b>', 1, 'admin', 'student/online_exams/Mi0yLTE3', 'exam', 2, 17, '2024', 2),
(576, 4, 'student', '04/10/2024', '12:10 PM', 0, '<strong>Mr. Admin</strong> agregó un nuevo examen en línea con el título <b>PRUEBA</b>', 1, 'admin', 'student/online_exams/Mi0yLTE3', 'exam', 2, 17, '2024', 2),
(577, 5, 'student', '04/10/2024', '12:10 PM', 0, '<strong>Mr. Admin</strong> agregó un nuevo examen en línea con el título <b>PRUEBA</b>', 1, 'admin', 'student/online_exams/Mi0yLTE3', 'exam', 2, 17, '2024', 2),
(578, 6, 'student', '04/10/2024', '12:10 PM', 0, '<strong>Mr. Admin</strong> agregó un nuevo examen en línea con el título <b>PRUEBA</b>', 1, 'admin', 'student/online_exams/Mi0yLTE3', 'exam', 2, 17, '2024', 2),
(579, 7, 'student', '04/10/2024', '12:10 PM', 0, '<strong>Mr. Admin</strong> agregó un nuevo examen en línea con el título <b>PRUEBA</b>', 1, 'admin', 'student/online_exams/Mi0yLTE3', 'exam', 2, 17, '2024', 2),
(580, 8, 'student', '04/10/2024', '12:10 PM', 0, '<strong>Mr. Admin</strong> agregó un nuevo examen en línea con el título <b>PRUEBA</b>', 1, 'admin', 'student/online_exams/Mi0yLTE3', 'exam', 2, 17, '2024', 2),
(581, 9, 'student', '04/10/2024', '12:10 PM', 0, '<strong>Mr. Admin</strong> agregó un nuevo examen en línea con el título <b>PRUEBA</b>', 1, 'admin', 'student/online_exams/Mi0yLTE3', 'exam', 2, 17, '2024', 2),
(582, 10, 'student', '04/10/2024', '12:10 PM', 0, '<strong>Mr. Admin</strong> agregó un nuevo examen en línea con el título <b>PRUEBA</b>', 1, 'admin', 'student/online_exams/Mi0yLTE3', 'exam', 2, 17, '2024', 2),
(583, 11, 'student', '04/10/2024', '12:10 PM', 0, '<strong>Mr. Admin</strong> agregó un nuevo examen en línea con el título <b>PRUEBA</b>', 1, 'admin', 'student/online_exams/Mi0yLTE3', 'exam', 2, 17, '2024', 2),
(584, 12, 'student', '04/10/2024', '12:10 PM', 0, '<strong>Mr. Admin</strong> agregó un nuevo examen en línea con el título <b>PRUEBA</b>', 1, 'admin', 'student/online_exams/Mi0yLTE3', 'exam', 2, 17, '2024', 2),
(585, 13, 'student', '04/10/2024', '12:10 PM', 0, '<strong>Mr. Admin</strong> agregó un nuevo examen en línea con el título <b>PRUEBA</b>', 1, 'admin', 'student/online_exams/Mi0yLTE3', 'exam', 2, 17, '2024', 2),
(586, 14, 'student', '04/10/2024', '12:10 PM', 0, '<strong>Mr. Admin</strong> agregó un nuevo examen en línea con el título <b>PRUEBA</b>', 1, 'admin', 'student/online_exams/Mi0yLTE3', 'exam', 2, 17, '2024', 2),
(587, 15, 'student', '04/10/2024', '12:10 PM', 0, '<strong>Mr. Admin</strong> agregó un nuevo examen en línea con el título <b>PRUEBA</b>', 1, 'admin', 'student/online_exams/Mi0yLTE3', 'exam', 2, 17, '2024', 2),
(588, 16, 'student', '04/10/2024', '12:10 PM', 0, '<strong>Mr. Admin</strong> agregó un nuevo examen en línea con el título <b>PRUEBA</b>', 1, 'admin', 'student/online_exams/Mi0yLTE3', 'exam', 2, 17, '2024', 2),
(589, 17, 'student', '04/10/2024', '12:10 PM', 0, '<strong>Mr. Admin</strong> agregó un nuevo examen en línea con el título <b>PRUEBA</b>', 1, 'admin', 'student/online_exams/Mi0yLTE3', 'exam', 2, 17, '2024', 2),
(590, 18, 'student', '04/10/2024', '12:10 PM', 0, '<strong>Mr. Admin</strong> agregó un nuevo examen en línea con el título <b>PRUEBA</b>', 1, 'admin', 'student/online_exams/Mi0yLTE3', 'exam', 2, 17, '2024', 2),
(591, 3, 'student', '04/10/2024', '12:14 PM', 0, '<strong>Mr. Admin</strong> agregó un nuevo examen en línea con el título <b>PRUEBA 2</b>', 1, 'admin', 'student/online_exams/Mi0yLTE3', 'exam', 2, 17, '2024', 2),
(592, 4, 'student', '04/10/2024', '12:14 PM', 0, '<strong>Mr. Admin</strong> agregó un nuevo examen en línea con el título <b>PRUEBA 2</b>', 1, 'admin', 'student/online_exams/Mi0yLTE3', 'exam', 2, 17, '2024', 2),
(593, 5, 'student', '04/10/2024', '12:14 PM', 0, '<strong>Mr. Admin</strong> agregó un nuevo examen en línea con el título <b>PRUEBA 2</b>', 1, 'admin', 'student/online_exams/Mi0yLTE3', 'exam', 2, 17, '2024', 2),
(594, 6, 'student', '04/10/2024', '12:14 PM', 0, '<strong>Mr. Admin</strong> agregó un nuevo examen en línea con el título <b>PRUEBA 2</b>', 1, 'admin', 'student/online_exams/Mi0yLTE3', 'exam', 2, 17, '2024', 2),
(595, 7, 'student', '04/10/2024', '12:14 PM', 0, '<strong>Mr. Admin</strong> agregó un nuevo examen en línea con el título <b>PRUEBA 2</b>', 1, 'admin', 'student/online_exams/Mi0yLTE3', 'exam', 2, 17, '2024', 2),
(596, 8, 'student', '04/10/2024', '12:14 PM', 0, '<strong>Mr. Admin</strong> agregó un nuevo examen en línea con el título <b>PRUEBA 2</b>', 1, 'admin', 'student/online_exams/Mi0yLTE3', 'exam', 2, 17, '2024', 2),
(597, 9, 'student', '04/10/2024', '12:14 PM', 0, '<strong>Mr. Admin</strong> agregó un nuevo examen en línea con el título <b>PRUEBA 2</b>', 1, 'admin', 'student/online_exams/Mi0yLTE3', 'exam', 2, 17, '2024', 2),
(598, 10, 'student', '04/10/2024', '12:14 PM', 0, '<strong>Mr. Admin</strong> agregó un nuevo examen en línea con el título <b>PRUEBA 2</b>', 1, 'admin', 'student/online_exams/Mi0yLTE3', 'exam', 2, 17, '2024', 2),
(599, 11, 'student', '04/10/2024', '12:14 PM', 0, '<strong>Mr. Admin</strong> agregó un nuevo examen en línea con el título <b>PRUEBA 2</b>', 1, 'admin', 'student/online_exams/Mi0yLTE3', 'exam', 2, 17, '2024', 2),
(600, 12, 'student', '04/10/2024', '12:14 PM', 0, '<strong>Mr. Admin</strong> agregó un nuevo examen en línea con el título <b>PRUEBA 2</b>', 1, 'admin', 'student/online_exams/Mi0yLTE3', 'exam', 2, 17, '2024', 2),
(601, 13, 'student', '04/10/2024', '12:14 PM', 0, '<strong>Mr. Admin</strong> agregó un nuevo examen en línea con el título <b>PRUEBA 2</b>', 1, 'admin', 'student/online_exams/Mi0yLTE3', 'exam', 2, 17, '2024', 2),
(602, 14, 'student', '04/10/2024', '12:14 PM', 0, '<strong>Mr. Admin</strong> agregó un nuevo examen en línea con el título <b>PRUEBA 2</b>', 1, 'admin', 'student/online_exams/Mi0yLTE3', 'exam', 2, 17, '2024', 2),
(603, 15, 'student', '04/10/2024', '12:14 PM', 0, '<strong>Mr. Admin</strong> agregó un nuevo examen en línea con el título <b>PRUEBA 2</b>', 1, 'admin', 'student/online_exams/Mi0yLTE3', 'exam', 2, 17, '2024', 2),
(604, 16, 'student', '04/10/2024', '12:14 PM', 0, '<strong>Mr. Admin</strong> agregó un nuevo examen en línea con el título <b>PRUEBA 2</b>', 1, 'admin', 'student/online_exams/Mi0yLTE3', 'exam', 2, 17, '2024', 2),
(605, 17, 'student', '04/10/2024', '12:14 PM', 0, '<strong>Mr. Admin</strong> agregó un nuevo examen en línea con el título <b>PRUEBA 2</b>', 1, 'admin', 'student/online_exams/Mi0yLTE3', 'exam', 2, 17, '2024', 2),
(606, 18, 'student', '04/10/2024', '12:14 PM', 0, '<strong>Mr. Admin</strong> agregó un nuevo examen en línea con el título <b>PRUEBA 2</b>', 1, 'admin', 'student/online_exams/Mi0yLTE3', 'exam', 2, 17, '2024', 2),
(607, 3, 'student', '18/04/2024', '04:32 PM', 0, '<strong>Mr. Admin</strong> ha agregado un nuevo libro a la biblioteca para <b>COSMETOLOGIA</b>', 1, 'admin', 'student/library/', NULL, 0, 0, NULL, NULL),
(608, 4, 'student', '18/04/2024', '04:32 PM', 0, '<strong>Mr. Admin</strong> ha agregado un nuevo libro a la biblioteca para <b>COSMETOLOGIA</b>', 1, 'admin', 'student/library/', NULL, 0, 0, NULL, NULL),
(609, 5, 'student', '18/04/2024', '04:32 PM', 0, '<strong>Mr. Admin</strong> ha agregado un nuevo libro a la biblioteca para <b>COSMETOLOGIA</b>', 1, 'admin', 'student/library/', NULL, 0, 0, NULL, NULL),
(610, 6, 'student', '18/04/2024', '04:32 PM', 0, '<strong>Mr. Admin</strong> ha agregado un nuevo libro a la biblioteca para <b>COSMETOLOGIA</b>', 1, 'admin', 'student/library/', NULL, 0, 0, NULL, NULL),
(611, 7, 'student', '18/04/2024', '04:32 PM', 0, '<strong>Mr. Admin</strong> ha agregado un nuevo libro a la biblioteca para <b>COSMETOLOGIA</b>', 1, 'admin', 'student/library/', NULL, 0, 0, NULL, NULL),
(612, 8, 'student', '18/04/2024', '04:32 PM', 0, '<strong>Mr. Admin</strong> ha agregado un nuevo libro a la biblioteca para <b>COSMETOLOGIA</b>', 1, 'admin', 'student/library/', NULL, 0, 0, NULL, NULL),
(613, 9, 'student', '18/04/2024', '04:32 PM', 0, '<strong>Mr. Admin</strong> ha agregado un nuevo libro a la biblioteca para <b>COSMETOLOGIA</b>', 1, 'admin', 'student/library/', NULL, 0, 0, NULL, NULL),
(614, 10, 'student', '18/04/2024', '04:32 PM', 0, '<strong>Mr. Admin</strong> ha agregado un nuevo libro a la biblioteca para <b>COSMETOLOGIA</b>', 1, 'admin', 'student/library/', NULL, 0, 0, NULL, NULL),
(615, 11, 'student', '18/04/2024', '04:32 PM', 0, '<strong>Mr. Admin</strong> ha agregado un nuevo libro a la biblioteca para <b>COSMETOLOGIA</b>', 1, 'admin', 'student/library/', NULL, 0, 0, NULL, NULL),
(616, 12, 'student', '18/04/2024', '04:32 PM', 0, '<strong>Mr. Admin</strong> ha agregado un nuevo libro a la biblioteca para <b>COSMETOLOGIA</b>', 1, 'admin', 'student/library/', NULL, 0, 0, NULL, NULL),
(617, 13, 'student', '18/04/2024', '04:32 PM', 0, '<strong>Mr. Admin</strong> ha agregado un nuevo libro a la biblioteca para <b>COSMETOLOGIA</b>', 1, 'admin', 'student/library/', NULL, 0, 0, NULL, NULL),
(618, 14, 'student', '18/04/2024', '04:32 PM', 0, '<strong>Mr. Admin</strong> ha agregado un nuevo libro a la biblioteca para <b>COSMETOLOGIA</b>', 1, 'admin', 'student/library/', NULL, 0, 0, NULL, NULL),
(619, 15, 'student', '18/04/2024', '04:32 PM', 0, '<strong>Mr. Admin</strong> ha agregado un nuevo libro a la biblioteca para <b>COSMETOLOGIA</b>', 1, 'admin', 'student/library/', NULL, 0, 0, NULL, NULL),
(620, 16, 'student', '18/04/2024', '04:32 PM', 0, '<strong>Mr. Admin</strong> ha agregado un nuevo libro a la biblioteca para <b>COSMETOLOGIA</b>', 1, 'admin', 'student/library/', NULL, 0, 0, NULL, NULL),
(621, 17, 'student', '18/04/2024', '04:32 PM', 0, '<strong>Mr. Admin</strong> ha agregado un nuevo libro a la biblioteca para <b>COSMETOLOGIA</b>', 1, 'admin', 'student/library/', NULL, 0, 0, NULL, NULL),
(622, 18, 'student', '18/04/2024', '04:32 PM', 0, '<strong>Mr. Admin</strong> ha agregado un nuevo libro a la biblioteca para <b>COSMETOLOGIA</b>', 1, 'admin', 'student/library/', NULL, 0, 0, NULL, NULL),
(623, 19, 'student', '18/04/2024', '04:32 PM', 0, '<strong>Mr. Admin</strong> ha agregado un nuevo libro a la biblioteca para <b>COSMETOLOGIA</b>', 1, 'admin', 'student/library/', NULL, 0, 0, NULL, NULL),
(624, 20, 'student', '18/04/2024', '04:32 PM', 0, '<strong>Mr. Admin</strong> ha agregado un nuevo libro a la biblioteca para <b>COSMETOLOGIA</b>', 1, 'admin', 'student/library/', NULL, 0, 0, NULL, NULL),
(625, 21, 'student', '18/04/2024', '04:32 PM', 0, '<strong>Mr. Admin</strong> ha agregado un nuevo libro a la biblioteca para <b>COSMETOLOGIA</b>', 1, 'admin', 'student/library/', NULL, 0, 0, NULL, NULL),
(626, 22, 'student', '18/04/2024', '04:32 PM', 0, '<strong>Mr. Admin</strong> ha agregado un nuevo libro a la biblioteca para <b>COSMETOLOGIA</b>', 1, 'admin', 'student/library/', NULL, 0, 0, NULL, NULL),
(627, 23, 'student', '18/04/2024', '04:32 PM', 0, '<strong>Mr. Admin</strong> ha agregado un nuevo libro a la biblioteca para <b>COSMETOLOGIA</b>', 1, 'admin', 'student/library/', NULL, 0, 0, NULL, NULL),
(628, 24, 'student', '18/04/2024', '04:32 PM', 0, '<strong>Mr. Admin</strong> ha agregado un nuevo libro a la biblioteca para <b>COSMETOLOGIA</b>', 1, 'admin', 'student/library/', NULL, 0, 0, NULL, NULL),
(629, 25, 'student', '18/04/2024', '04:32 PM', 0, '<strong>Mr. Admin</strong> ha agregado un nuevo libro a la biblioteca para <b>COSMETOLOGIA</b>', 1, 'admin', 'student/library/', NULL, 0, 0, NULL, NULL),
(630, 26, 'student', '18/04/2024', '04:32 PM', 0, '<strong>Mr. Admin</strong> ha agregado un nuevo libro a la biblioteca para <b>COSMETOLOGIA</b>', 1, 'admin', 'student/library/', NULL, 0, 0, NULL, NULL),
(631, 27, 'student', '18/04/2024', '04:32 PM', 0, '<strong>Mr. Admin</strong> ha agregado un nuevo libro a la biblioteca para <b>COSMETOLOGIA</b>', 1, 'admin', 'student/library/', NULL, 0, 0, NULL, NULL),
(632, 28, 'student', '18/04/2024', '04:32 PM', 0, '<strong>Mr. Admin</strong> ha agregado un nuevo libro a la biblioteca para <b>COSMETOLOGIA</b>', 1, 'admin', 'student/library/', NULL, 0, 0, NULL, NULL),
(633, 29, 'student', '18/04/2024', '04:32 PM', 0, '<strong>Mr. Admin</strong> ha agregado un nuevo libro a la biblioteca para <b>COSMETOLOGIA</b>', 1, 'admin', 'student/library/', NULL, 0, 0, NULL, NULL),
(634, 30, 'student', '18/04/2024', '04:32 PM', 0, '<strong>Mr. Admin</strong> ha agregado un nuevo libro a la biblioteca para <b>COSMETOLOGIA</b>', 1, 'admin', 'student/library/', NULL, 0, 0, NULL, NULL),
(635, 31, 'student', '18/04/2024', '04:32 PM', 0, '<strong>Mr. Admin</strong> ha agregado un nuevo libro a la biblioteca para <b>COSMETOLOGIA</b>', 1, 'admin', 'student/library/', NULL, 0, 0, NULL, NULL),
(636, 32, 'student', '18/04/2024', '04:32 PM', 0, '<strong>Mr. Admin</strong> ha agregado un nuevo libro a la biblioteca para <b>COSMETOLOGIA</b>', 1, 'admin', 'student/library/', NULL, 0, 0, NULL, NULL),
(637, 33, 'student', '18/04/2024', '04:32 PM', 0, '<strong>Mr. Admin</strong> ha agregado un nuevo libro a la biblioteca para <b>COSMETOLOGIA</b>', 1, 'admin', 'student/library/', NULL, 0, 0, NULL, NULL),
(638, 34, 'student', '18/04/2024', '04:32 PM', 0, '<strong>Mr. Admin</strong> ha agregado un nuevo libro a la biblioteca para <b>COSMETOLOGIA</b>', 1, 'admin', 'student/library/', NULL, 0, 0, NULL, NULL),
(639, 35, 'student', '18/04/2024', '04:32 PM', 0, '<strong>Mr. Admin</strong> ha agregado un nuevo libro a la biblioteca para <b>COSMETOLOGIA</b>', 1, 'admin', 'student/library/', NULL, 0, 0, NULL, NULL),
(640, 1, 'admin', '18/04/2024', '04:45 PM', 0, '<strong>GOSVINDA  JHOANA CERDAN ABANTO</strong> ha solicitado un nuevo permiso de ausencia para', 3, 'student', 'admin/request', NULL, 0, 0, NULL, NULL),
(641, 0, 'parent', '18/04/2024', '04:46 PM', 0, '<strong>Mr. Admin</strong> Ha aprobado el permiso de ausencia para <b></b>', 1, 'admin', 'parents/request', NULL, 0, 0, NULL, NULL),
(642, 3, 'student', '29/04/2024', '11:55 AM', 0, '<strong>Mr. Admin</strong> agregó un nuevo examen en línea con el título <b>prueba</b>', 1, 'admin', 'student/online_exams/Mi0yLTI=', 'exam', 2, 2, '2024', 2),
(643, 4, 'student', '29/04/2024', '11:55 AM', 0, '<strong>Mr. Admin</strong> agregó un nuevo examen en línea con el título <b>prueba</b>', 1, 'admin', 'student/online_exams/Mi0yLTI=', 'exam', 2, 2, '2024', 2),
(644, 5, 'student', '29/04/2024', '11:55 AM', 0, '<strong>Mr. Admin</strong> agregó un nuevo examen en línea con el título <b>prueba</b>', 1, 'admin', 'student/online_exams/Mi0yLTI=', 'exam', 2, 2, '2024', 2),
(645, 6, 'student', '29/04/2024', '11:55 AM', 0, '<strong>Mr. Admin</strong> agregó un nuevo examen en línea con el título <b>prueba</b>', 1, 'admin', 'student/online_exams/Mi0yLTI=', 'exam', 2, 2, '2024', 2),
(646, 7, 'student', '29/04/2024', '11:55 AM', 0, '<strong>Mr. Admin</strong> agregó un nuevo examen en línea con el título <b>prueba</b>', 1, 'admin', 'student/online_exams/Mi0yLTI=', 'exam', 2, 2, '2024', 2);
INSERT INTO `notification` (`id`, `user_id`, `user_type`, `date`, `time`, `status`, `notify`, `original_id`, `original_type`, `url`, `type`, `class_id`, `subject_id`, `year`, `section_id`) VALUES
(647, 8, 'student', '29/04/2024', '11:55 AM', 0, '<strong>Mr. Admin</strong> agregó un nuevo examen en línea con el título <b>prueba</b>', 1, 'admin', 'student/online_exams/Mi0yLTI=', 'exam', 2, 2, '2024', 2),
(648, 9, 'student', '29/04/2024', '11:55 AM', 0, '<strong>Mr. Admin</strong> agregó un nuevo examen en línea con el título <b>prueba</b>', 1, 'admin', 'student/online_exams/Mi0yLTI=', 'exam', 2, 2, '2024', 2),
(649, 10, 'student', '29/04/2024', '11:55 AM', 0, '<strong>Mr. Admin</strong> agregó un nuevo examen en línea con el título <b>prueba</b>', 1, 'admin', 'student/online_exams/Mi0yLTI=', 'exam', 2, 2, '2024', 2),
(650, 11, 'student', '29/04/2024', '11:55 AM', 0, '<strong>Mr. Admin</strong> agregó un nuevo examen en línea con el título <b>prueba</b>', 1, 'admin', 'student/online_exams/Mi0yLTI=', 'exam', 2, 2, '2024', 2),
(651, 12, 'student', '29/04/2024', '11:55 AM', 0, '<strong>Mr. Admin</strong> agregó un nuevo examen en línea con el título <b>prueba</b>', 1, 'admin', 'student/online_exams/Mi0yLTI=', 'exam', 2, 2, '2024', 2),
(652, 13, 'student', '29/04/2024', '11:55 AM', 0, '<strong>Mr. Admin</strong> agregó un nuevo examen en línea con el título <b>prueba</b>', 1, 'admin', 'student/online_exams/Mi0yLTI=', 'exam', 2, 2, '2024', 2),
(653, 14, 'student', '29/04/2024', '11:55 AM', 0, '<strong>Mr. Admin</strong> agregó un nuevo examen en línea con el título <b>prueba</b>', 1, 'admin', 'student/online_exams/Mi0yLTI=', 'exam', 2, 2, '2024', 2),
(654, 15, 'student', '29/04/2024', '11:55 AM', 0, '<strong>Mr. Admin</strong> agregó un nuevo examen en línea con el título <b>prueba</b>', 1, 'admin', 'student/online_exams/Mi0yLTI=', 'exam', 2, 2, '2024', 2),
(655, 16, 'student', '29/04/2024', '11:55 AM', 0, '<strong>Mr. Admin</strong> agregó un nuevo examen en línea con el título <b>prueba</b>', 1, 'admin', 'student/online_exams/Mi0yLTI=', 'exam', 2, 2, '2024', 2),
(656, 17, 'student', '29/04/2024', '11:55 AM', 0, '<strong>Mr. Admin</strong> agregó un nuevo examen en línea con el título <b>prueba</b>', 1, 'admin', 'student/online_exams/Mi0yLTI=', 'exam', 2, 2, '2024', 2),
(657, 18, 'student', '29/04/2024', '11:55 AM', 0, '<strong>Mr. Admin</strong> agregó un nuevo examen en línea con el título <b>prueba</b>', 1, 'admin', 'student/online_exams/Mi0yLTI=', 'exam', 2, 2, '2024', 2),
(658, 3, 'student', '02/05/2024', '09:20 AM', 0, '<strong>Mr. Admin</strong> agregó un nuevo examen en línea con el título <b>PRUEBA 2024</b>', 1, 'admin', 'student/online_exams/Mi0yLTE3', 'exam', 2, 17, '2024', 2),
(659, 4, 'student', '02/05/2024', '09:20 AM', 0, '<strong>Mr. Admin</strong> agregó un nuevo examen en línea con el título <b>PRUEBA 2024</b>', 1, 'admin', 'student/online_exams/Mi0yLTE3', 'exam', 2, 17, '2024', 2),
(660, 5, 'student', '02/05/2024', '09:20 AM', 0, '<strong>Mr. Admin</strong> agregó un nuevo examen en línea con el título <b>PRUEBA 2024</b>', 1, 'admin', 'student/online_exams/Mi0yLTE3', 'exam', 2, 17, '2024', 2),
(661, 6, 'student', '02/05/2024', '09:20 AM', 0, '<strong>Mr. Admin</strong> agregó un nuevo examen en línea con el título <b>PRUEBA 2024</b>', 1, 'admin', 'student/online_exams/Mi0yLTE3', 'exam', 2, 17, '2024', 2),
(662, 7, 'student', '02/05/2024', '09:20 AM', 0, '<strong>Mr. Admin</strong> agregó un nuevo examen en línea con el título <b>PRUEBA 2024</b>', 1, 'admin', 'student/online_exams/Mi0yLTE3', 'exam', 2, 17, '2024', 2),
(663, 8, 'student', '02/05/2024', '09:20 AM', 0, '<strong>Mr. Admin</strong> agregó un nuevo examen en línea con el título <b>PRUEBA 2024</b>', 1, 'admin', 'student/online_exams/Mi0yLTE3', 'exam', 2, 17, '2024', 2),
(664, 9, 'student', '02/05/2024', '09:20 AM', 0, '<strong>Mr. Admin</strong> agregó un nuevo examen en línea con el título <b>PRUEBA 2024</b>', 1, 'admin', 'student/online_exams/Mi0yLTE3', 'exam', 2, 17, '2024', 2),
(665, 10, 'student', '02/05/2024', '09:20 AM', 0, '<strong>Mr. Admin</strong> agregó un nuevo examen en línea con el título <b>PRUEBA 2024</b>', 1, 'admin', 'student/online_exams/Mi0yLTE3', 'exam', 2, 17, '2024', 2),
(666, 11, 'student', '02/05/2024', '09:20 AM', 0, '<strong>Mr. Admin</strong> agregó un nuevo examen en línea con el título <b>PRUEBA 2024</b>', 1, 'admin', 'student/online_exams/Mi0yLTE3', 'exam', 2, 17, '2024', 2),
(667, 12, 'student', '02/05/2024', '09:20 AM', 0, '<strong>Mr. Admin</strong> agregó un nuevo examen en línea con el título <b>PRUEBA 2024</b>', 1, 'admin', 'student/online_exams/Mi0yLTE3', 'exam', 2, 17, '2024', 2),
(668, 13, 'student', '02/05/2024', '09:20 AM', 0, '<strong>Mr. Admin</strong> agregó un nuevo examen en línea con el título <b>PRUEBA 2024</b>', 1, 'admin', 'student/online_exams/Mi0yLTE3', 'exam', 2, 17, '2024', 2),
(669, 14, 'student', '02/05/2024', '09:20 AM', 0, '<strong>Mr. Admin</strong> agregó un nuevo examen en línea con el título <b>PRUEBA 2024</b>', 1, 'admin', 'student/online_exams/Mi0yLTE3', 'exam', 2, 17, '2024', 2),
(670, 15, 'student', '02/05/2024', '09:20 AM', 0, '<strong>Mr. Admin</strong> agregó un nuevo examen en línea con el título <b>PRUEBA 2024</b>', 1, 'admin', 'student/online_exams/Mi0yLTE3', 'exam', 2, 17, '2024', 2),
(671, 16, 'student', '02/05/2024', '09:20 AM', 0, '<strong>Mr. Admin</strong> agregó un nuevo examen en línea con el título <b>PRUEBA 2024</b>', 1, 'admin', 'student/online_exams/Mi0yLTE3', 'exam', 2, 17, '2024', 2),
(672, 17, 'student', '02/05/2024', '09:20 AM', 0, '<strong>Mr. Admin</strong> agregó un nuevo examen en línea con el título <b>PRUEBA 2024</b>', 1, 'admin', 'student/online_exams/Mi0yLTE3', 'exam', 2, 17, '2024', 2),
(673, 18, 'student', '02/05/2024', '09:20 AM', 0, '<strong>Mr. Admin</strong> agregó un nuevo examen en línea con el título <b>PRUEBA 2024</b>', 1, 'admin', 'student/online_exams/Mi0yLTE3', 'exam', 2, 17, '2024', 2),
(674, 3, 'student', '11/05/2024', '01:02 PM', 0, '<strong>Mr. Admin</strong> agregó un nuevo examen en línea con el título <b>pruebaa examen </b>', 1, 'admin', 'student/online_exams/Mi0yLTE3', 'exam', 2, 17, '2024', 2),
(675, 4, 'student', '11/05/2024', '01:02 PM', 0, '<strong>Mr. Admin</strong> agregó un nuevo examen en línea con el título <b>pruebaa examen </b>', 1, 'admin', 'student/online_exams/Mi0yLTE3', 'exam', 2, 17, '2024', 2),
(676, 5, 'student', '11/05/2024', '01:02 PM', 0, '<strong>Mr. Admin</strong> agregó un nuevo examen en línea con el título <b>pruebaa examen </b>', 1, 'admin', 'student/online_exams/Mi0yLTE3', 'exam', 2, 17, '2024', 2),
(677, 6, 'student', '11/05/2024', '01:02 PM', 0, '<strong>Mr. Admin</strong> agregó un nuevo examen en línea con el título <b>pruebaa examen </b>', 1, 'admin', 'student/online_exams/Mi0yLTE3', 'exam', 2, 17, '2024', 2),
(678, 7, 'student', '11/05/2024', '01:02 PM', 0, '<strong>Mr. Admin</strong> agregó un nuevo examen en línea con el título <b>pruebaa examen </b>', 1, 'admin', 'student/online_exams/Mi0yLTE3', 'exam', 2, 17, '2024', 2),
(679, 8, 'student', '11/05/2024', '01:02 PM', 0, '<strong>Mr. Admin</strong> agregó un nuevo examen en línea con el título <b>pruebaa examen </b>', 1, 'admin', 'student/online_exams/Mi0yLTE3', 'exam', 2, 17, '2024', 2),
(680, 9, 'student', '11/05/2024', '01:02 PM', 0, '<strong>Mr. Admin</strong> agregó un nuevo examen en línea con el título <b>pruebaa examen </b>', 1, 'admin', 'student/online_exams/Mi0yLTE3', 'exam', 2, 17, '2024', 2),
(681, 10, 'student', '11/05/2024', '01:02 PM', 0, '<strong>Mr. Admin</strong> agregó un nuevo examen en línea con el título <b>pruebaa examen </b>', 1, 'admin', 'student/online_exams/Mi0yLTE3', 'exam', 2, 17, '2024', 2),
(682, 11, 'student', '11/05/2024', '01:02 PM', 0, '<strong>Mr. Admin</strong> agregó un nuevo examen en línea con el título <b>pruebaa examen </b>', 1, 'admin', 'student/online_exams/Mi0yLTE3', 'exam', 2, 17, '2024', 2),
(683, 12, 'student', '11/05/2024', '01:02 PM', 0, '<strong>Mr. Admin</strong> agregó un nuevo examen en línea con el título <b>pruebaa examen </b>', 1, 'admin', 'student/online_exams/Mi0yLTE3', 'exam', 2, 17, '2024', 2),
(684, 13, 'student', '11/05/2024', '01:02 PM', 0, '<strong>Mr. Admin</strong> agregó un nuevo examen en línea con el título <b>pruebaa examen </b>', 1, 'admin', 'student/online_exams/Mi0yLTE3', 'exam', 2, 17, '2024', 2),
(685, 14, 'student', '11/05/2024', '01:02 PM', 0, '<strong>Mr. Admin</strong> agregó un nuevo examen en línea con el título <b>pruebaa examen </b>', 1, 'admin', 'student/online_exams/Mi0yLTE3', 'exam', 2, 17, '2024', 2),
(686, 15, 'student', '11/05/2024', '01:02 PM', 0, '<strong>Mr. Admin</strong> agregó un nuevo examen en línea con el título <b>pruebaa examen </b>', 1, 'admin', 'student/online_exams/Mi0yLTE3', 'exam', 2, 17, '2024', 2),
(687, 16, 'student', '11/05/2024', '01:02 PM', 0, '<strong>Mr. Admin</strong> agregó un nuevo examen en línea con el título <b>pruebaa examen </b>', 1, 'admin', 'student/online_exams/Mi0yLTE3', 'exam', 2, 17, '2024', 2),
(688, 17, 'student', '11/05/2024', '01:02 PM', 0, '<strong>Mr. Admin</strong> agregó un nuevo examen en línea con el título <b>pruebaa examen </b>', 1, 'admin', 'student/online_exams/Mi0yLTE3', 'exam', 2, 17, '2024', 2),
(689, 18, 'student', '11/05/2024', '01:02 PM', 0, '<strong>Mr. Admin</strong> agregó un nuevo examen en línea con el título <b>pruebaa examen </b>', 1, 'admin', 'student/online_exams/Mi0yLTE3', 'exam', 2, 17, '2024', 2);

-- --------------------------------------------------------

--
-- Table structure for table `online_course`
--

CREATE TABLE `online_course` (
  `online_course_id` int(11) NOT NULL,
  `title` varchar(300) DEFAULT NULL,
  `class_id` int(11) DEFAULT NULL,
  `section_id` int(11) DEFAULT NULL,
  `subject_id` int(11) DEFAULT NULL,
  `lesson` int(11) DEFAULT NULL,
  `section` int(11) DEFAULT NULL,
  `status` int(11) DEFAULT NULL,
  `outcomes` varchar(300) DEFAULT NULL,
  `year` varchar(25) DEFAULT NULL,
  `user` varchar(50) DEFAULT NULL,
  `user_id` int(11) DEFAULT NULL,
  `provider` varchar(50) DEFAULT NULL,
  `embed` longtext DEFAULT NULL,
  `url_video` longtext DEFAULT NULL,
  `thumbnail` longtext DEFAULT NULL,
  `publish_date` varchar(300) DEFAULT NULL,
  `description` varchar(500) DEFAULT NULL
) ENGINE=MyISAM DEFAULT CHARSET=latin1;

-- --------------------------------------------------------

--
-- Table structure for table `online_exam`
--

CREATE TABLE `online_exam` (
  `online_exam_id` int(11) UNSIGNED NOT NULL,
  `code` varchar(255) COLLATE utf8_unicode_ci DEFAULT '',
  `title` text COLLATE utf8_unicode_ci DEFAULT NULL,
  `class_id` int(11) DEFAULT NULL,
  `section_id` int(11) DEFAULT NULL,
  `subject_id` int(11) DEFAULT NULL,
  `exam_date` int(11) DEFAULT NULL,
  `time_start` varchar(255) COLLATE utf8_unicode_ci DEFAULT NULL,
  `time_end` varchar(255) COLLATE utf8_unicode_ci DEFAULT NULL,
  `duration` text COLLATE utf8_unicode_ci DEFAULT NULL COMMENT 'duration in second',
  `minimum_percentage` text COLLATE utf8_unicode_ci DEFAULT NULL,
  `instruction` longtext COLLATE utf8_unicode_ci DEFAULT NULL,
  `status` varchar(255) COLLATE utf8_unicode_ci DEFAULT 'pending',
  `running_year` varchar(255) COLLATE utf8_unicode_ci DEFAULT '',
  `wall_type` varchar(20) COLLATE utf8_unicode_ci DEFAULT NULL,
  `publish_date` varchar(20) COLLATE utf8_unicode_ci DEFAULT NULL,
  `uploader_type` varchar(20) COLLATE utf8_unicode_ci DEFAULT NULL,
  `uploader_id` int(11) DEFAULT NULL,
  `upload_date` varchar(20) COLLATE utf8_unicode_ci DEFAULT NULL,
  `exp` int(11) DEFAULT NULL,
  `password` varchar(200) COLLATE utf8_unicode_ci DEFAULT NULL,
  `results` int(11) DEFAULT 0,
  `show_random` int(11) DEFAULT 0,
  `certificate` int(11) DEFAULT 0
) ENGINE=InnoDB DEFAULT CHARSET=utf8 COLLATE=utf8_unicode_ci;

--
-- Dumping data for table `online_exam`
--

INSERT INTO `online_exam` (`online_exam_id`, `code`, `title`, `class_id`, `section_id`, `subject_id`, `exam_date`, `time_start`, `time_end`, `duration`, `minimum_percentage`, `instruction`, `status`, `running_year`, `wall_type`, `publish_date`, `uploader_type`, `uploader_id`, `upload_date`, `exp`, `password`, `results`, `show_random`, `certificate`) VALUES
(3, '9a64855', 'PRUEBA', 2, 2, 17, 1712725200, '12:00:00', '18:00:00', '21600', '10', '&lt;p&gt;EXAMEN DE CORTE 1&lt;/p&gt;\r\n', 'published', '2024', 'exam', '2024-04-10 12:10:01', 'admin', 1, '04/10/2024 12:10PM', 10, '123456', 1, 1, 1),
(4, 'cfd83a3', 'PRUEBA 2', 2, 2, 17, 1712725200, '12:00:00', '13:00:00', '3600', '12', '&lt;p&gt;OK CHICAS&lt;/p&gt;\r\n', 'published', '2024', 'exam', '2024-04-10 12:14:08', 'admin', 1, '04/10/2024 12:14PM', 10, '123456', 1, NULL, 1),
(5, '07a25f9', 'prueba', 2, 2, 2, 1714366800, '00:00:00', '23:30:00', '84600', '10', '&lt;p&gt;PRUEBA DE PREGUNTAS?&lt;/p&gt;\r\n', 'published', '2024', 'exam', '2024-04-29 11:55:45', 'admin', 1, '29/04/2024 11:55AM', 200, '', 1, NULL, 1),
(6, '269a9b2', 'PRUEBA 2024', 2, 2, 17, 1714626000, '12:00:00', '12:50:00', '3000', '', '&lt;p&gt;1. CURSO DE MICROPIGMENTACION?&lt;/p&gt;\r\n\r\n&lt;p&gt;2. CARRERA DE COSMETOLOGIA&lt;/p&gt;\r\n', 'published', '2024', 'exam', '2024-05-02 09:20:00', 'admin', 1, '02/05/2024 09:20AM', 100, '', 1, NULL, 2),
(7, 'fd1870c', 'pruebaa examen ', 2, 2, 17, 1730782800, '00:00:00', '23:00:00', '82800', '', '&lt;p&gt;hacer las preguntas&amp;nbsp;&lt;/p&gt;\r\n', 'pending', '2024', 'exam', '2024-05-11 13:02:24', 'admin', 1, '11/05/2024 01:02PM', 100, '', 1, 1, 2);

-- --------------------------------------------------------

--
-- Table structure for table `online_exam_result`
--

CREATE TABLE `online_exam_result` (
  `online_exam_result_id` int(11) UNSIGNED NOT NULL,
  `online_exam_id` int(11) DEFAULT NULL,
  `student_id` int(11) DEFAULT NULL,
  `answer_script` longtext COLLATE utf8_unicode_ci DEFAULT NULL,
  `obtained_mark` text COLLATE utf8_unicode_ci DEFAULT NULL,
  `status` text COLLATE utf8_unicode_ci DEFAULT NULL,
  `exam_started_timestamp` longtext COLLATE utf8_unicode_ci DEFAULT NULL,
  `result` text COLLATE utf8_unicode_ci DEFAULT NULL
) ENGINE=InnoDB DEFAULT CHARSET=utf8 COLLATE=utf8_unicode_ci;

--
-- Dumping data for table `online_exam_result`
--

INSERT INTO `online_exam_result` (`online_exam_result_id`, `online_exam_id`, `student_id`, `answer_script`, `obtained_mark`, `status`, `exam_started_timestamp`, `result`) VALUES
(1, 2, 8, '[]', '0', 'submitted', '1712768270', 'pass'),
(2, 3, 8, '[{\"question_bank_id\":\"9\",\"submitted_answer\":\"true\",\"correct_answers\":\"true\"},{\"question_bank_id\":\"10\",\"submitted_answer\":\"[\\\"si\\\"]\",\"correct_answers\":\"[\\\"no se\\\"]\"},{\"question_bank_id\":\"11\",\"submitted_answer\":\"[\\\"1\\\"]\",\"correct_answers\":\"[\\\"\\\"]\"}]', '3', 'submitted', '1712769387', 'pass'),
(3, 4, 8, '[{\"question_bank_id\":\"12\",\"submitted_answer\":\"true\",\"correct_answers\":\"true\"}]', '4', 'submitted', '1712769516', 'pass'),
(4, 5, 3, '[{\"question_bank_id\":\"13\",\"submitted_answer\":\"true\",\"correct_answers\":\"true\"},{\"question_bank_id\":\"14\",\"submitted_answer\":\"[\\\"hola\\\"]\",\"correct_answers\":\"[\\\"coma\\\",\\\"silabos\\\"]\"},{\"question_bank_id\":\"15\",\"submitted_answer\":\"[\\\"3\\\"]\",\"correct_answers\":\"[\\\"\\\"]\"}]', '20', 'submitted', '1714410318', 'pass'),
(5, 6, 3, '[{\"question_bank_id\":\"16\",\"submitted_answer\":\"\",\"correct_answers\":\"true\"},{\"question_bank_id\":\"17\",\"submitted_answer\":\"[\\\"carlo\\\"]\",\"correct_answers\":\"[\\\"carlos\\\",\\\"auto\\\"]\"}]', '0', 'submitted', '1714670556', 'pass');

-- --------------------------------------------------------

--
-- Table structure for table `online_quiz_result`
--

CREATE TABLE `online_quiz_result` (
  `online_quiz_result_id` int(11) NOT NULL,
  `quiz_id` int(11) DEFAULT NULL,
  `student_id` int(11) DEFAULT NULL,
  `answer_script` longtext DEFAULT NULL,
  `obtained_mark` text DEFAULT NULL,
  `status` text DEFAULT NULL,
  `result` text DEFAULT NULL
) ENGINE=MyISAM DEFAULT CHARSET=latin1;

-- --------------------------------------------------------

--
-- Table structure for table `online_users`
--

CREATE TABLE `online_users` (
  `id` int(11) NOT NULL,
  `session` longtext CHARACTER SET utf8 COLLATE utf8_unicode_ci NOT NULL,
  `time` longtext CHARACTER SET utf8 COLLATE utf8_unicode_ci NOT NULL,
  `id_usuario` int(11) DEFAULT NULL,
  `type` longtext CHARACTER SET utf8 COLLATE utf8_unicode_ci NOT NULL,
  `gp` longtext CHARACTER SET utf8 COLLATE utf8_unicode_ci NOT NULL
) ENGINE=MyISAM DEFAULT CHARSET=latin1;

--
-- Dumping data for table `online_users`
--

INSERT INTO `online_users` (`id`, `session`, `time`, `id_usuario`, `type`, `gp`) VALUES
(226, 'j1lhceus70bu7bv00l2ni5u922m4034h', '1720150932', 2, 'admin', '2-admin');

-- --------------------------------------------------------

--
-- Table structure for table `parent`
--

CREATE TABLE `parent` (
  `parent_id` int(11) NOT NULL,
  `first_name` longtext COLLATE utf8_unicode_ci NOT NULL,
  `last_name` varchar(200) COLLATE utf8_unicode_ci NOT NULL,
  `email` longtext COLLATE utf8_unicode_ci NOT NULL,
  `password` longtext COLLATE utf8_unicode_ci NOT NULL,
  `phone` longtext COLLATE utf8_unicode_ci NOT NULL,
  `address` longtext COLLATE utf8_unicode_ci NOT NULL,
  `profession` longtext COLLATE utf8_unicode_ci NOT NULL,
  `username` longtext COLLATE utf8_unicode_ci NOT NULL,
  `gender` varchar(200) COLLATE utf8_unicode_ci NOT NULL,
  `business` varchar(200) COLLATE utf8_unicode_ci DEFAULT NULL,
  `idcard` varchar(200) COLLATE utf8_unicode_ci DEFAULT NULL,
  `business_phone` varchar(200) COLLATE utf8_unicode_ci DEFAULT NULL,
  `home_phone` varchar(200) COLLATE utf8_unicode_ci DEFAULT NULL,
  `fb_token` varchar(500) COLLATE utf8_unicode_ci DEFAULT NULL,
  `fb_id` varchar(500) COLLATE utf8_unicode_ci DEFAULT NULL,
  `fb_photo` varchar(500) COLLATE utf8_unicode_ci DEFAULT NULL,
  `fb_name` varchar(500) COLLATE utf8_unicode_ci DEFAULT NULL,
  `g_oauth` varchar(500) COLLATE utf8_unicode_ci DEFAULT NULL,
  `g_fname` varchar(500) COLLATE utf8_unicode_ci DEFAULT NULL,
  `femail` varchar(500) COLLATE utf8_unicode_ci DEFAULT NULL,
  `g_lname` varchar(500) COLLATE utf8_unicode_ci DEFAULT NULL,
  `g_picture` varchar(500) COLLATE utf8_unicode_ci DEFAULT NULL,
  `link` varchar(500) COLLATE utf8_unicode_ci DEFAULT NULL,
  `g_email` varchar(500) COLLATE utf8_unicode_ci DEFAULT NULL,
  `date` varchar(200) COLLATE utf8_unicode_ci DEFAULT NULL,
  `image` longtext COLLATE utf8_unicode_ci DEFAULT NULL,
  `since` varchar(200) COLLATE utf8_unicode_ci DEFAULT NULL
) ENGINE=MyISAM DEFAULT CHARSET=utf8 COLLATE=utf8_unicode_ci;

-- --------------------------------------------------------

--
-- Table structure for table `payment`
--

CREATE TABLE `payment` (
  `payment_id` int(11) NOT NULL,
  `expense_category_id` int(11) DEFAULT NULL,
  `title` longtext COLLATE utf8_unicode_ci NOT NULL,
  `payment_type` longtext COLLATE utf8_unicode_ci NOT NULL,
  `invoice_id` int(11) DEFAULT NULL,
  `student_id` int(11) DEFAULT NULL,
  `method` longtext COLLATE utf8_unicode_ci NOT NULL,
  `description` longtext COLLATE utf8_unicode_ci NOT NULL,
  `amount` longtext COLLATE utf8_unicode_ci NOT NULL,
  `timestamp` longtext COLLATE utf8_unicode_ci NOT NULL,
  `year` longtext COLLATE utf8_unicode_ci DEFAULT NULL,
  `month` varchar(10) COLLATE utf8_unicode_ci DEFAULT NULL
) ENGINE=MyISAM DEFAULT CHARSET=utf8 COLLATE=utf8_unicode_ci;

--
-- Dumping data for table `payment`
--

INSERT INTO `payment` (`payment_id`, `expense_category_id`, `title`, `payment_type`, `invoice_id`, `student_id`, `method`, `description`, `amount`, `timestamp`, `year`, `month`) VALUES
(1, NULL, 'COSMETOLOGIA', 'income', 1, 3, '1', '3 VECES X SEMANA', '130', '0', '2024', 'Mar');

-- --------------------------------------------------------

--
-- Table structure for table `payment_gateways`
--

CREATE TABLE `payment_gateways` (
  `id` int(11) NOT NULL,
  `name` varchar(50) COLLATE utf8mb4_unicode_ci NOT NULL,
  `settings` longtext COLLATE utf8mb4_unicode_ci DEFAULT NULL,
  `status` int(11) NOT NULL DEFAULT 0
) ENGINE=InnoDB DEFAULT CHARSET=utf8mb4 COLLATE=utf8mb4_unicode_ci;

--
-- Dumping data for table `payment_gateways`
--

INSERT INTO `payment_gateways` (`id`, `name`, `settings`, `status`) VALUES
(1, 'paypal', '{\"sandbox\":\"0\",\"currency\":\"USD\",\"clientIdSandbox\":\"\",\"clientIdProduction\":\"\",\"sandbox_email\":\"\",\"production_email\":\"\"}', 0),
(2, 'stripe', '{\"test_mode\":\"0\",\"currency\":\"USD\",\"test_secret\":\"\",\"test_public_key\":\"\",\"live_secret_key\":\"\",\"live_public_key\":\"\"}', 0),
(3, 'razorpay', '{\"test_mode\":\"0\",\"currency\":\"USD\",\"test_key_id\":\"\",\"test_key_secret\":\"\",\"production_key_id\":\"\",\"production_key_secret\":\"\"}', 0),
(4, 'paystack', '{\"test_mode\":\"1\",\"currency\":\"USD\",\"test_public_key\":\"\",\"test_secret_key\":\"\",\"live_public_key\":\"\",\"live_secret_key\":\"\"}', 0),
(5, 'flutterwave', '{\"test_mode\":\"1\",\"currency\":\"USD\",\"test_public_key\":\"\",\"test_secret_key\":\"\",\"test_encryption_key\":\"\",\"live_public_key\":\"\",\"live_secret_key\":\"\",\"live_encryption_key\":\"\"}', 0);

-- --------------------------------------------------------

--
-- Table structure for table `pending_users`
--

CREATE TABLE `pending_users` (
  `user_id` int(11) NOT NULL,
  `first_name` varchar(200) CHARACTER SET utf8 COLLATE utf8_unicode_ci DEFAULT NULL,
  `username` varchar(200) CHARACTER SET utf8 COLLATE utf8_unicode_ci DEFAULT NULL,
  `email` varchar(200) CHARACTER SET utf8 COLLATE utf8_unicode_ci DEFAULT NULL,
  `phone` varchar(200) CHARACTER SET utf8 COLLATE utf8_unicode_ci DEFAULT NULL,
  `last_name` varchar(200) CHARACTER SET utf8 COLLATE utf8_unicode_ci DEFAULT NULL,
  `birthday` varchar(200) CHARACTER SET utf8 COLLATE utf8_unicode_ci DEFAULT NULL,
  `password` varchar(200) CHARACTER SET utf8 COLLATE utf8_unicode_ci DEFAULT NULL,
  `class_id` int(11) DEFAULT NULL,
  `section_id` int(11) DEFAULT NULL,
  `profession` varchar(200) CHARACTER SET utf8 COLLATE utf8_unicode_ci DEFAULT NULL,
  `sex` varchar(200) CHARACTER SET utf8 COLLATE utf8_unicode_ci DEFAULT NULL,
  `parent_id` int(11) DEFAULT NULL,
  `type` varchar(10) CHARACTER SET utf8 COLLATE utf8_unicode_ci NOT NULL,
  `roll` varchar(200) CHARACTER SET utf8 COLLATE utf8_unicode_ci DEFAULT NULL,
  `since` varchar(20) CHARACTER SET utf8 COLLATE utf8_unicode_ci DEFAULT NULL
) ENGINE=MyISAM DEFAULT CHARSET=latin1;

--
-- Dumping data for table `pending_users`
--

INSERT INTO `pending_users` (`user_id`, `first_name`, `username`, `email`, `phone`, `last_name`, `birthday`, `password`, `class_id`, `section_id`, `profession`, `sex`, `parent_id`, `type`, `roll`, `since`) VALUES
(1, NULL, NULL, NULL, NULL, NULL, NULL, 'da39a3ee5e6b4b0d3255bfef95601890afd80709', NULL, NULL, NULL, NULL, NULL, 'parent', NULL, '03/27'),
(2, NULL, NULL, NULL, NULL, NULL, NULL, 'da39a3ee5e6b4b0d3255bfef95601890afd80709', NULL, NULL, NULL, NULL, NULL, 'student', NULL, '03/27'),
(3, NULL, NULL, NULL, NULL, NULL, NULL, 'da39a3ee5e6b4b0d3255bfef95601890afd80709', NULL, NULL, NULL, NULL, NULL, 'teacher', NULL, '03/27'),
(4, NULL, NULL, NULL, NULL, NULL, NULL, 'da39a3ee5e6b4b0d3255bfef95601890afd80709', NULL, NULL, NULL, NULL, NULL, 'teacher', NULL, '04/05'),
(5, NULL, NULL, NULL, NULL, NULL, NULL, 'da39a3ee5e6b4b0d3255bfef95601890afd80709', NULL, NULL, NULL, NULL, NULL, 'parent', NULL, '04/06'),
(6, NULL, NULL, NULL, NULL, NULL, NULL, 'da39a3ee5e6b4b0d3255bfef95601890afd80709', NULL, NULL, NULL, NULL, NULL, 'student', NULL, '04/06');

-- --------------------------------------------------------

--
-- Table structure for table `polls`
--

CREATE TABLE `polls` (
  `id` int(11) NOT NULL,
  `question` longtext CHARACTER SET utf8 COLLATE utf8_unicode_ci NOT NULL,
  `options` longtext CHARACTER SET utf8 COLLATE utf8_unicode_ci NOT NULL,
  `date` varchar(100) CHARACTER SET utf8 COLLATE utf8_unicode_ci NOT NULL,
  `user` varchar(100) CHARACTER SET utf8 COLLATE utf8_unicode_ci NOT NULL,
  `poll_code` varchar(100) CHARACTER SET utf8 COLLATE utf8_unicode_ci NOT NULL,
  `status` int(11) NOT NULL DEFAULT 0,
  `date2` varchar(200) CHARACTER SET utf8 COLLATE utf8_unicode_ci DEFAULT NULL,
  `type` varchar(20) CHARACTER SET utf8 COLLATE utf8_unicode_ci DEFAULT NULL,
  `publish_date` varchar(20) CHARACTER SET utf8 COLLATE utf8_unicode_ci DEFAULT NULL,
  `admin_id` int(11) DEFAULT NULL,
  `class_id` int(11) NOT NULL DEFAULT 0,
  `section_id` int(11) NOT NULL DEFAULT 0,
  `subject_id` int(11) NOT NULL DEFAULT 0
) ENGINE=MyISAM DEFAULT CHARSET=latin1;

-- --------------------------------------------------------

--
-- Table structure for table `poll_response`
--

CREATE TABLE `poll_response` (
  `id` int(11) NOT NULL,
  `poll_code` varchar(100) CHARACTER SET utf8 COLLATE utf8_unicode_ci NOT NULL,
  `answer` longtext CHARACTER SET utf8 COLLATE utf8_unicode_ci NOT NULL,
  `date` varchar(100) CHARACTER SET utf8 COLLATE utf8_unicode_ci NOT NULL,
  `user` varchar(100) CHARACTER SET utf8 COLLATE utf8_unicode_ci NOT NULL,
  `date2` varchar(200) CHARACTER SET utf8 COLLATE utf8_unicode_ci DEFAULT NULL
) ENGINE=MyISAM DEFAULT CHARSET=latin1;

-- --------------------------------------------------------

--
-- Table structure for table `progress_course`
--

CREATE TABLE `progress_course` (
  `progress_course_id` int(11) NOT NULL,
  `student_id` int(11) DEFAULT NULL,
  `online_course_id` int(11) DEFAULT NULL,
  `count_lesson` int(11) DEFAULT NULL,
  `lesson_id` int(11) DEFAULT NULL,
  `quiz_id` int(11) DEFAULT NULL
) ENGINE=MyISAM DEFAULT CHARSET=latin1;

-- --------------------------------------------------------

--
-- Table structure for table `question_bank`
--

CREATE TABLE `question_bank` (
  `question_bank_id` int(11) UNSIGNED NOT NULL,
  `online_exam_id` int(11) DEFAULT NULL,
  `question_title` longtext COLLATE utf8_unicode_ci DEFAULT NULL,
  `type` varchar(255) COLLATE utf8_unicode_ci DEFAULT NULL,
  `number_of_options` int(11) DEFAULT NULL,
  `options` longtext COLLATE utf8_unicode_ci DEFAULT NULL,
  `correct_answers` longtext COLLATE utf8_unicode_ci DEFAULT NULL,
  `mark` varchar(255) COLLATE utf8_unicode_ci DEFAULT NULL,
  `image` longtext COLLATE utf8_unicode_ci DEFAULT NULL
) ENGINE=InnoDB DEFAULT CHARSET=utf8 COLLATE=utf8_unicode_ci;

--
-- Dumping data for table `question_bank`
--

INSERT INTO `question_bank` (`question_bank_id`, `online_exam_id`, `question_title`, `type`, `number_of_options`, `options`, `correct_answers`, `mark`, `image`) VALUES
(5, 2, 'DVERBVRB', 'true_false', NULL, NULL, 'true', '12', NULL),
(6, 2, 'DVVERBTNYTNM', 'fill_in_the_blanks', NULL, NULL, '[\"si es correcti\"]', '10', NULL),
(7, 2, 'GFBRE4NN', 'image', 2, '[]', '[\"\"]', '5', NULL),
(8, 2, 'BT4BB3', 'image', 2, '[]', '[\"\"]', '13', NULL),
(9, 3, 'COMO SE LLAMA ', 'true_false', NULL, NULL, 'true', '3', NULL),
(10, 3, 'ESTA LIBRE', 'fill_in_the_blanks', NULL, NULL, '[\"no se\"]', '6', NULL),
(11, 3, 'SI PUEDES', 'image', 2, '[]', '[\"\"]', '10', NULL),
(12, 4, 'DVEV E', 'true_false', NULL, NULL, 'true', '4', NULL),
(13, 5, 'FALSO?', 'true_false', NULL, NULL, 'true', '20', NULL),
(14, 5, 'BLANO=', 'fill_in_the_blanks', NULL, NULL, '[\"coma\",\"silabos\"]', '20', NULL),
(15, 5, 'COMO SE LLAMA FIGURA?', 'image', 3, '[]', '[\"\"]', '20', NULL),
(16, 6, 'como se apellida?', 'true_false', NULL, NULL, 'true', '10', NULL),
(17, 6, 'el seño _ se compro_', 'fill_in_the_blanks', NULL, NULL, '[\"carlos\",\"auto\"]', '100', NULL),
(18, 6, 'como se llama ?', 'image', 4, '[]', '[\"\"]', '20', NULL),
(19, 4, 'demo', 'multiple_choice', 2, '[\"opcion 1\",\"opcion 2\"]', '[\"1\"]', '5', NULL),
(20, 7, 'como se llama ', 'multiple_choice', 3, '[\"hola\",\"chau \",\"ma\\u00f1ana \"]', '[\"1\"]', '20', NULL);

-- --------------------------------------------------------

--
-- Table structure for table `question_paper`
--

CREATE TABLE `question_paper` (
  `question_paper_id` int(11) NOT NULL,
  `title` longtext COLLATE utf8_unicode_ci DEFAULT NULL,
  `question_paper` longtext COLLATE utf8_unicode_ci DEFAULT NULL,
  `class_id` int(11) DEFAULT NULL,
  `exam_id` int(11) DEFAULT NULL,
  `teacher_id` int(11) DEFAULT NULL
) ENGINE=InnoDB DEFAULT CHARSET=utf8 COLLATE=utf8_unicode_ci;

-- --------------------------------------------------------

--
-- Table structure for table `quiz`
--

CREATE TABLE `quiz` (
  `quiz_id` int(11) NOT NULL,
  `title` varchar(500) DEFAULT NULL,
  `section_online_id` int(11) DEFAULT NULL,
  `online_course_id` int(11) DEFAULT NULL,
  `instruction` longtext DEFAULT NULL
) ENGINE=MyISAM DEFAULT CHARSET=latin1;

-- --------------------------------------------------------

--
-- Table structure for table `quiz_bank`
--

CREATE TABLE `quiz_bank` (
  `quiz_bank_id` int(11) NOT NULL,
  `quiz_id` int(11) DEFAULT NULL,
  `question_title` longtext DEFAULT NULL,
  `number_of_options` varchar(255) DEFAULT NULL,
  `options` longtext NOT NULL,
  `correct_answers` longtext NOT NULL,
  `mark` varchar(255) NOT NULL
) ENGINE=MyISAM DEFAULT CHARSET=latin1;

-- --------------------------------------------------------

--
-- Table structure for table `readed`
--

CREATE TABLE `readed` (
  `readed_id` int(11) NOT NULL,
  `user_id` int(11) DEFAULT NULL,
  `user_type` varchar(50) CHARACTER SET utf8 COLLATE utf8_unicode_ci DEFAULT NULL,
  `activity_code` varchar(50) CHARACTER SET utf8 COLLATE utf8_unicode_ci DEFAULT NULL,
  `date` varchar(200) CHARACTER SET utf8 COLLATE utf8_unicode_ci DEFAULT NULL
) ENGINE=MyISAM DEFAULT CHARSET=latin1;

--
-- Dumping data for table `readed`
--

INSERT INTO `readed` (`readed_id`, `user_id`, `user_type`, `activity_code`, `date`) VALUES
(2, 1, 'admin', '1', '03/21 15:04:58'),
(3, 1, 'admin', '7', '03/22 12:29:41'),
(4, 1, 'admin', '8', '03/22 13:12:35'),
(5, 1, 'admin', '9', '03/22 19:07:55'),
(6, 3, 'student', '9', '03/22 21:47:37'),
(7, 1, 'admin', '10', '04/05 14:54:36'),
(8, 2, 'teacher', '10', '04/05 14:55:15'),
(9, 3, 'student', '10', '04/05 14:57:32'),
(10, 3, 'teacher', '10', '04/08 16:55:05'),
(11, 4, 'student', '10', '04/09 13:45:43'),
(12, 26, 'student', '10', '04/09 13:46:13'),
(13, 17, 'student', '10', '04/09 13:46:39'),
(14, 6, 'student', '10', '04/10 09:39:21'),
(15, 8, 'student', '10', '04/09/2024 17:20:32'),
(16, 15, 'student', '10', '27/04/2024 17:06:52'),
(17, 2, 'admin', '10', '13/05/2024 17:34:37'),
(18, 12, 'student', '10', '26/06/2024 10:42:40');

-- --------------------------------------------------------

--
-- Table structure for table `reporte_alumnos`
--

CREATE TABLE `reporte_alumnos` (
  `report_id` int(11) NOT NULL,
  `title` longtext CHARACTER SET utf8 COLLATE utf8_unicode_ci NOT NULL,
  `report_code` longtext CHARACTER SET utf8 COLLATE utf8_unicode_ci NOT NULL,
  `priority` longtext CHARACTER SET utf8 COLLATE utf8_unicode_ci NOT NULL,
  `description` longtext CHARACTER SET utf8 COLLATE utf8_unicode_ci DEFAULT NULL,
  `student_id` int(11) NOT NULL,
  `teacher_id` int(11) NOT NULL,
  `timestamp` longtext CHARACTER SET utf8 COLLATE utf8_unicode_ci NOT NULL,
  `status` int(11) DEFAULT 0,
  `file` longtext CHARACTER SET utf8 COLLATE utf8_unicode_ci DEFAULT NULL
) ENGINE=InnoDB DEFAULT CHARSET=latin1;

-- --------------------------------------------------------

--
-- Table structure for table `reporte_mensaje`
--

CREATE TABLE `reporte_mensaje` (
  `report_message_id` int(11) NOT NULL,
  `report_code` longtext CHARACTER SET utf8 COLLATE utf8_unicode_ci NOT NULL,
  `message` longtext CHARACTER SET utf8 COLLATE utf8_unicode_ci NOT NULL,
  `sender_type` longtext CHARACTER SET utf8 COLLATE utf8_unicode_ci NOT NULL,
  `sender_id` int(11) NOT NULL,
  `timestamp` longtext CHARACTER SET utf8 COLLATE utf8_unicode_ci NOT NULL
) ENGINE=InnoDB DEFAULT CHARSET=latin1;

-- --------------------------------------------------------

--
-- Table structure for table `reports`
--

CREATE TABLE `reports` (
  `id` int(11) NOT NULL,
  `student_id` int(11) NOT NULL,
  `user_id` varchar(600) CHARACTER SET utf8 COLLATE utf8_unicode_ci NOT NULL,
  `title` longtext CHARACTER SET utf8 COLLATE utf8_unicode_ci NOT NULL,
  `description` longtext CHARACTER SET utf8 COLLATE utf8_unicode_ci NOT NULL,
  `class_id` int(11) NOT NULL,
  `section_id` int(11) NOT NULL,
  `priority` varchar(100) CHARACTER SET utf8 COLLATE utf8_unicode_ci NOT NULL,
  `file` longtext CHARACTER SET utf8 COLLATE utf8_unicode_ci DEFAULT NULL,
  `status` int(11) NOT NULL,
  `date` varchar(600) CHARACTER SET utf8 COLLATE utf8_unicode_ci NOT NULL,
  `code` varchar(600) CHARACTER SET utf8 COLLATE utf8_unicode_ci NOT NULL
) ENGINE=MyISAM DEFAULT CHARSET=latin1;

--
-- Dumping data for table `reports`
--

INSERT INTO `reports` (`id`, `student_id`, `user_id`, `title`, `description`, `class_id`, `section_id`, `priority`, `file`, `status`, `date`, `code`) VALUES
(2, 3, 'admin-1', 'MALA CONDUCTA PRUEBA', 'NO SE PORTO BIEN ', 2, 2, 'media', NULL, 0, '18/04/2024', 'df036dd');

-- --------------------------------------------------------

--
-- Table structure for table `report_response`
--

CREATE TABLE `report_response` (
  `message_id` int(11) NOT NULL,
  `message` longtext CHARACTER SET utf8 COLLATE utf8_unicode_ci NOT NULL,
  `date` varchar(600) CHARACTER SET utf8 COLLATE utf8_unicode_ci NOT NULL,
  `report_code` varchar(100) CHARACTER SET utf8 COLLATE utf8_unicode_ci NOT NULL,
  `sender_type` varchar(100) CHARACTER SET utf8 COLLATE utf8_unicode_ci NOT NULL,
  `sender_id` int(11) NOT NULL
) ENGINE=MyISAM DEFAULT CHARSET=latin1;

-- --------------------------------------------------------

--
-- Table structure for table `request`
--

CREATE TABLE `request` (
  `request_id` int(11) NOT NULL,
  `teacher_id` int(11) NOT NULL,
  `start_date` longtext COLLATE utf8_unicode_ci NOT NULL,
  `end_date` longtext COLLATE utf8_unicode_ci NOT NULL,
  `status` int(11) NOT NULL DEFAULT 0 COMMENT '0 = pending, 1 = accepted, 2 = rejected',
  `description` longtext COLLATE utf8_unicode_ci NOT NULL,
  `title` longtext COLLATE utf8_unicode_ci NOT NULL,
  `file` longtext COLLATE utf8_unicode_ci DEFAULT NULL
) ENGINE=InnoDB DEFAULT CHARSET=utf8 COLLATE=utf8_unicode_ci;

-- --------------------------------------------------------

--
-- Table structure for table `section`
--

CREATE TABLE `section` (
  `section_id` int(11) NOT NULL,
  `name` longtext COLLATE utf8_unicode_ci NOT NULL,
  `class_id` int(11) NOT NULL,
  `teacher_id` int(11) DEFAULT NULL
) ENGINE=InnoDB DEFAULT CHARSET=utf8 COLLATE=utf8_unicode_ci;

--
-- Dumping data for table `section`
--

INSERT INTO `section` (`section_id`, `name`, `class_id`, `teacher_id`) VALUES
(2, '10 A 1PM', 2, 2),
(3, '2 A 5PM', 2, 2),
(5, 'M - J 10 A 1 PM', 3, 8),
(8, 'A', 4, NULL),
(9, '5 A 8PM', 2, 2),
(13, '10 A 1 PM', 5, 5),
(14, 'B MIERCOLES', 4, 6),
(15, '5 A 8 PM', 6, 0),
(16, 'SECCIÓN 10 A 1 PM', 7, 9),
(17, '5 A 8 PM', 5, 10);

-- --------------------------------------------------------

--
-- Table structure for table `section_online`
--

CREATE TABLE `section_online` (
  `section_online_id` int(11) NOT NULL,
  `name` varchar(300) DEFAULT NULL,
  `online_course_id` int(11) DEFAULT NULL
) ENGINE=MyISAM DEFAULT CHARSET=latin1;

-- --------------------------------------------------------

--
-- Table structure for table `settings`
--

CREATE TABLE `settings` (
  `settings_id` int(11) NOT NULL,
  `type` longtext CHARACTER SET utf8 COLLATE utf8_unicode_ci NOT NULL,
  `description` longtext CHARACTER SET utf8 COLLATE utf8_unicode_ci DEFAULT NULL
) ENGINE=MyISAM DEFAULT CHARSET=latin1;

--
-- Dumping data for table `settings`
--

INSERT INTO `settings` (`settings_id`, `type`, `description`) VALUES
(1, 'system_name', 'Nazarethnet'),
(2, 'system_title', 'AULA VIRTUAL'),
(3, 'address', 'Av. Los Virreyes Mz R1 Lt11 , 2 etapa,  Urb Ceres -  Ate Vitarte'),
(4, 'phone', '913 504 475'),
(5, 'paypal_email', 'no disponemos'),
(6, 'currency', 'S/'),
(7, 'system_email', 'nazarethcetpro@gmail.com'),
(20, 'municipio', NULL),
(11, 'language', 'english'),
(13, 'minimark', '50'),
(16, 'timezone', 'America/Lima'),
(18, 'msg91_code', '0'),
(21, 'running_year', '2024'),
(22, 'facebook', 'https://www.facebook.com/InstitutoDeCosmetologiaNazareth'),
(23, 'twitter', ''),
(24, 'instagram', 'https://www.instagram.com/nazarethinstitute/'),
(25, 'youtube', 'https://www.youtube.com/@cetpronazareth'),
(26, 'sms_status', 'twilio'),
(27, 'msg91_key', NULL),
(28, 'msg91_sender', NULL),
(29, 'msg91_route', NULL),
(30, 'buyer', 'nazarethnet'),
(31, 'purchase_code', '875eda91-6d63-4f15-8a4a-665c1f43b913'),
(32, 'clickatell_username', NULL),
(33, 'clickatell_password', NULL),
(34, 'clickatell_api', NULL),
(35, 'twilio_account', 'ACc860d97f2a1c0940928b5968a2dbb780'),
(36, 'authentication_token', '1bec455c6d0c9a644b0f219712bd3cf2'),
(37, 'registered_phone', '+19513765198'),
(38, 'absences', NULL),
(39, 'students_reports', '1'),
(40, 'p_new_invoice', NULL),
(41, 's_new_invoice', NULL),
(42, 'new_homework', NULL),
(43, 'register', ''),
(44, 'facebook_sync', ''),
(45, 'google_sync', 'nazarethcetpro@gmail.com'),
(46, 'facebook_login', ''),
(47, 'google_login', 'Nazareth2024'),
(48, 'social_login', '1'),
(49, 'favicon', 'a4b600c8cefa5ebcf1f783894cddbb73logonazarethinstitute.png'),
(50, 'logow', 'eb56eb51a7168919728b573ad403f11flogonazarethinstitute.png'),
(51, 'logo', 'e0be4208a38304de945062dba9b202adlogopequeñito-02.jpg'),
(52, 'logocolor', '6ec8d3ab0e71c79bb4805a22fabbdd00logo-color.png'),
(53, 'icon_white', 'a16b48969203911c527095be9e019060logodeaulavirtualnazareth.png'),
(55, 'bglogin', 'c96a2f50df044211835dc89b58d5f751FONDOPARANAZARETHNET_Mesadetrabajo1.jpg'),
(56, 'date_format', 'd/m/Y'),
(57, 'calendar', 'es'),
(58, 'logs', '0'),
(59, 'stat', '1'),
(60, 'protocol', NULL),
(61, 'smtp_host', NULL),
(62, 'smtp_port', NULL),
(63, 'smtp_user', NULL),
(64, 'smtp_pass', NULL),
(65, 'charset', NULL),
(66, 'frontend', '1'),
(67, 'start_1', '18:10'),
(68, 'final_1', '20:00'),
(69, 'class_duration', '180'),
(70, 'start_2', '18:10'),
(71, 'final_2', '20:00'),
(72, 'zoom_key', 'ZVy6A59pSAqdUUZ818n1eg'),
(73, 'zoom_secret', 'DpBO79iYIEBwebnBOfP9I4aFJaKMUDdG'),
(74, 'access_token', '{\"access_token\":\"ya29.a0AXooCgvXUipoTF-1h_3Gxb1oCVm7PqkvMMhMKhLnS6asATVr214B3BsPbbrOUkUAQt9PkXiZBnPcRW5k1PUf8Vmf8AgVODU6cgCDVtbfUEgdx03GpwT33BwbALS7AWvuLRg6GyQCrJFOIhfGlB0D8aowt_3DMxlF-YkpaCgYKAegSARESFQHGX2MiCAwosjvQRpYbxQQ1z45uFA0171\",\"expires_in\":3599,\"refresh_token\":\"1\\/\\/05v9KLqR4j7rcCgYIARAAGAUSNwF-L9Ir1tVLA0dyDsyjipAuSQeIy7GNVkDtlTF333u8tt27P_N4bjPHsws2_vqiw_H4ywP2ctA\",\"scope\":\"https:\\/\\/www.googleapis.com\\/auth\\/userinfo.profile https:\\/\\/www.googleapis.com\\/auth\\/userinfo.email openid https:\\/\\/www.googleapis.com\\/auth\\/drive\",\"token_type\":\"Bearer\",\"id_token\":\"eyJhbGciOiJSUzI1NiIsImtpZCI6ImEzYjc2MmY4NzFjZGIzYmFlMDA0NGM2NDk2MjJmYzEzOTZlZGEzZTMiLCJ0eXAiOiJKV1QifQ.eyJpc3MiOiJhY2NvdW50cy5nb29nbGUuY29tIiwiYXpwIjoiODIxNzA3MzA0MTItN2RvY3AxNWVxY3ZoNHN1NXQ0YWs3ZjNhM3NuN3Zxb2YuYXBwcy5nb29nbGV1c2VyY29udGVudC5jb20iLCJhdWQiOiI4MjE3MDczMDQxMi03ZG9jcDE1ZXFjdmg0c3U1dDRhazdmM2Ezc243dnFvZi5hcHBzLmdvb2dsZXVzZXJjb250ZW50LmNvbSIsInN1YiI6IjEwMDg4MzA2MDY1OTI1ODIyNTgxOCIsImVtYWlsIjoibmF6YXJldGhjZXRwcm9AZ21haWwuY29tIiwiZW1haWxfdmVyaWZpZWQiOnRydWUsImF0X2hhc2giOiJ5M242NWxIZzFPRThUci0yd01Jd253IiwiaWF0IjoxNzE1NDUwMzA1LCJleHAiOjE3MTU0NTM5MDV9.DjCpweZr5Z7Ock4Fa6f5xyV7Rs8Zn7phnI6w7WRavaejLXurFZ20T7DB48wBE6zqcIDeaiLSx-TS6LUC4lrRkbmuwqv8E6HM3PABLK2PjUUnRg0Av7P8XxZg8Fb5bGQlemP0mtpGF8bW3LvnAwp2DGN1yyvQUXxHnC0O7cS0tMyGq9WxayoYFWzOVebzX-WwBIwWWVFw9-AWaUSmufqlQquwveKaIpU2IoYleP2wY_QutG4TOfYtCaY32z8kXJL-jiVLMjI14V7yD1UyEHfTMFPt4AtZOn1246aDDho7K-mYnEuEMbHe7jqkb0aUpKsgCyXtxVAB_UxMI8QH3MPRsQ\",\"created\":1715450305}'),
(75, 'clientId', '82170730412-7docp15eqcvh4su5t4ak7f3a3sn7vqof.apps.googleusercontent.com'),
(76, 'ClientSecret', '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'),
(77, 'account_id', '08346575543337335647'),
(78, 'account_name', 'Cetpro Nazareth'),
(79, 'account_image', 'https://lh3.googleusercontent.com/a/ACg8ocJVSkPa_YpGxpMlldC7VzIqpo9UNyrGbYOKcg4AY7wtF-obaiR-=s64'),
(80, 'account_email', 'nazarethcetpro@gmail.com'),
(81, 'account_limit', '16106127360'),
(82, 'account_usage', '15572134192'),
(83, 'school_folder', 'aHR0cHM6Ly9uYXphcmV0aG5ldC5jb20v'),
(84, 'school_folderId', '1bjPufD-RRiVHITGK6_D8rH4RIbbXO00_'),
(85, 'delete_drive', '1'),
(86, 'refreshed', '');

-- --------------------------------------------------------

--
-- Table structure for table `student`
--

CREATE TABLE `student` (
  `student_id` int(11) NOT NULL,
  `first_name` varchar(200) COLLATE utf8_unicode_ci NOT NULL,
  `last_name` text CHARACTER SET utf8 NOT NULL,
  `birthday` longtext COLLATE utf8_unicode_ci DEFAULT NULL,
  `sex` longtext COLLATE utf8_unicode_ci NOT NULL,
  `address` longtext COLLATE utf8_unicode_ci DEFAULT NULL,
  `phone` longtext COLLATE utf8_unicode_ci DEFAULT NULL,
  `email` longtext COLLATE utf8_unicode_ci DEFAULT NULL,
  `password` longtext COLLATE utf8_unicode_ci NOT NULL,
  `parent_id` int(11) DEFAULT NULL,
  `dormitory_id` int(11) DEFAULT NULL,
  `transport_id` int(11) DEFAULT NULL,
  `student_session` int(11) NOT NULL DEFAULT 1,
  `username` longtext COLLATE utf8_unicode_ci NOT NULL,
  `date` longtext COLLATE utf8_unicode_ci NOT NULL,
  `board` int(11) DEFAULT 0,
  `fb_token` varchar(500) COLLATE utf8_unicode_ci DEFAULT NULL,
  `fb_id` varchar(500) COLLATE utf8_unicode_ci DEFAULT NULL,
  `fb_photo` varchar(500) COLLATE utf8_unicode_ci DEFAULT NULL,
  `fb_name` varchar(500) COLLATE utf8_unicode_ci DEFAULT NULL,
  `g_oauth` varchar(500) COLLATE utf8_unicode_ci DEFAULT NULL,
  `g_fname` varchar(500) COLLATE utf8_unicode_ci DEFAULT NULL,
  `femail` varchar(500) COLLATE utf8_unicode_ci DEFAULT NULL,
  `g_lname` varchar(500) COLLATE utf8_unicode_ci DEFAULT NULL,
  `g_picture` varchar(500) COLLATE utf8_unicode_ci DEFAULT NULL,
  `link` varchar(500) COLLATE utf8_unicode_ci DEFAULT NULL,
  `g_email` varchar(500) COLLATE utf8_unicode_ci DEFAULT NULL,
  `solvencia` int(11) NOT NULL DEFAULT 1,
  `class_id` int(11) NOT NULL,
  `image` longtext COLLATE utf8_unicode_ci DEFAULT NULL,
  `since` varchar(20) COLLATE utf8_unicode_ci DEFAULT NULL,
  `diseases` varchar(500) COLLATE utf8_unicode_ci DEFAULT NULL,
  `allergies` varchar(500) COLLATE utf8_unicode_ci DEFAULT NULL,
  `doctor` varchar(200) COLLATE utf8_unicode_ci DEFAULT NULL,
  `doctor_phone` varchar(200) COLLATE utf8_unicode_ci DEFAULT NULL,
  `authorized_person` varchar(200) COLLATE utf8_unicode_ci DEFAULT NULL,
  `authorized_phone` varchar(200) COLLATE utf8_unicode_ci DEFAULT NULL,
  `note` varchar(500) COLLATE utf8_unicode_ci DEFAULT NULL,
  `year` varchar(20) COLLATE utf8_unicode_ci DEFAULT NULL
) ENGINE=InnoDB DEFAULT CHARSET=utf8 COLLATE=utf8_unicode_ci;

--
-- Dumping data for table `student`
--

INSERT INTO `student` (`student_id`, `first_name`, `last_name`, `birthday`, `sex`, `address`, `phone`, `email`, `password`, `parent_id`, `dormitory_id`, `transport_id`, `student_session`, `username`, `date`, `board`, `fb_token`, `fb_id`, `fb_photo`, `fb_name`, `g_oauth`, `g_fname`, `femail`, `g_lname`, `g_picture`, `link`, `g_email`, `solvencia`, `class_id`, `image`, `since`, `diseases`, `allergies`, `doctor`, `doctor_phone`, `authorized_person`, `authorized_phone`, `note`, `year`) VALUES
(3, 'GOSVINDA  JHOANA', 'CERDAN ABANTO', '', 'F', '', '972757475', '46327672@nazareth.com', '8cb2237d0679ca88db6464eac60da96345513964', 0, 1, 0, 1, '46327672', '', 0, NULL, NULL, NULL, NULL, NULL, NULL, NULL, NULL, NULL, NULL, NULL, 1, 0, NULL, '03/21', '', '', '', '', '', '', '', NULL),
(4, ' MARICIELO NAYELI', 'RUBINA ESTACIO', '', 'F', '', ' 914460976', '60003168@gmail.com', '73b0a9dea402d799ebc750df5f688dae14094c4b', 0, 0, 0, 1, '60003168', '', 0, NULL, NULL, NULL, NULL, NULL, NULL, NULL, NULL, NULL, NULL, NULL, 1, 0, NULL, '03/21', '', '', '', '', '', '', '', NULL),
(5, ' RUBY MAYERLY', 'SEGUNDO ESTACIO', '', 'F', '', '913970248', '74946208@nazareth.com', '0c796a550484cfb041cb22181a08a632dd0a68b7', 0, 1, 0, 1, '74946208', '', 0, NULL, NULL, NULL, NULL, NULL, NULL, NULL, NULL, NULL, NULL, NULL, 1, 0, NULL, '03/21', '', '', '', '', '', '', '', NULL),
(6, 'NELVITA PORFIRIA', 'PAPA ABURTO', '', 'F', '', '992503953', '72603272@nazareth.com', 'b7ade26f7e682df31c4e1fd5fb2ad7983d9ad32c', 0, 1, 0, 1, '72603272', '', 0, NULL, NULL, NULL, NULL, NULL, NULL, NULL, NULL, NULL, NULL, NULL, 1, 0, NULL, '03/21', '', '', '', '', '', '', '', NULL),
(7, 'NATHALY', 'ZUBILETE ROJAS', '', 'F', '', '964044563', '72953198@nazareth.com', 'b15f289028e70171d0fd3543cb6c1e9ffbb6297f', 0, 1, 0, 1, '72953198', '', 0, NULL, NULL, NULL, NULL, NULL, NULL, NULL, NULL, NULL, NULL, NULL, 1, 0, NULL, '03/21', '', '', '', '', '', '', '', NULL),
(8, 'KATHY ROSMERY', 'ESLAVA YAURICASA', '', 'F', '', '944137098', '71901494@nazareth.com', '7640dc88661551dd5ff8b7461c7a32de491698dd', 0, 1, 0, 1, '71901494', '', 0, NULL, NULL, NULL, NULL, NULL, NULL, NULL, NULL, NULL, NULL, NULL, 1, 0, NULL, '03/21', '', '', '', '', '', '', '', NULL),
(9, 'NANCY', 'CARBAJAL CASTRO', '', 'F', 'Servicios', '994427405', '9842676@nazareth.com', '2214264dba5a208a4ec65bc3e9fc60a8d381fda0', 0, 1, 0, 1, '9842676', '', 0, NULL, NULL, NULL, NULL, NULL, NULL, NULL, NULL, NULL, NULL, NULL, 1, 0, NULL, '03/21', '', '', '', '', '', '', '', NULL),
(10, 'GLORIA MERCEDES', 'VIVAS BARTOLO,', '', 'F', '', '990464655', '21121402@nazareth.com', '8bedd8f911ac4e0ff3acb265c46b111426222075', 0, 1, 0, 1, '21121402', '', 0, NULL, NULL, NULL, NULL, NULL, NULL, NULL, NULL, NULL, NULL, NULL, 1, 0, NULL, '03/21', '', '', '', '', '', '', '', NULL),
(11, 'MARIBEL ALEJANDRINA', 'GARCIA LINO', '', 'F', '', '941521168', '40143425@nazareth.com', 'bc1d1d3e32cd5c7c5400fcd13b7c6ed9411b784b', 0, 1, 0, 1, '40143425', '', 0, NULL, NULL, NULL, NULL, NULL, NULL, NULL, NULL, NULL, NULL, NULL, 1, 0, NULL, '03/21', '', '', '', '', '', '', '', NULL),
(12, 'ANDREA VALERIA', 'RUIZ QUISPE', '', 'F', '', '912947952', '61343049@nazareth.com', '7c222fb2927d828af22f592134e8932480637c0d', 0, 1, 1, 1, '61343049', '', 0, NULL, NULL, NULL, NULL, NULL, NULL, NULL, NULL, NULL, NULL, NULL, 1, 0, NULL, '03/21', '', '', '', '', '', '', 'ESTILISMO : TRATAMIENTO CAPILAR - CEPILLADO Y PLANDO - CORTE DE CABELLO - TINTE - ONDULACION - TINTE', NULL),
(13, 'ROSAURA ELENA', 'ARONE ORELLANA', '', 'F', '', '927708925', '42994879@nazareth.com', '4e3b695a001a8839a09c8a708001800701502e59', 0, 1, 0, 1, '42994879', '', 0, NULL, NULL, NULL, NULL, NULL, NULL, NULL, NULL, NULL, NULL, NULL, 1, 0, NULL, '03/21', '', '', '', '', '', '', '', NULL),
(14, 'BRITNEY ', 'PRADO RAMIREZ', '', 'F', '', '964266905', '74447253@nazareth.com', '4d20400a36524d98b1b7e4aa0bc9d691f3ee91c8', 0, 1, 0, 1, '74447253', '', 0, NULL, NULL, NULL, NULL, NULL, NULL, NULL, NULL, NULL, NULL, NULL, 1, 0, NULL, '03/21', '', '', '', '', '', '', 'CURSO LIBRE: CEPILLADO ', NULL),
(15, ' ANA CRISTHINNA', 'VALDIVIEZO LLIUYA', '', 'F', '', '925858474', '75466440@nazareth.com', 'b08bf10cffb37764094c8c17c57857ed50afbdd7', 0, 1, 0, 1, '75466440', '', 0, NULL, NULL, NULL, NULL, NULL, NULL, NULL, NULL, NULL, NULL, NULL, 1, 0, NULL, '03/21', '', '', '', '', '', '', '', NULL),
(16, 'LIZBETH', 'PEREZ MEDINA', '', 'F', '', '920426599', '44934890@nazareth.com', 'e8d3a039d2d21a6cdf84b3e0ee5c5ed503b13e08', 0, 1, 0, 1, '44934890', '', 0, NULL, NULL, NULL, NULL, NULL, NULL, NULL, NULL, NULL, NULL, NULL, 1, 0, NULL, '03/21', '', '', '', '', '', '', '', NULL),
(17, 'MILAGROS', 'LLACCTAHUAMAN ALBAN,', '', 'F', '', '987027227', '42791430@nazareth.com', 'a3c82cd057846d161eeabd1adf3850541a0799e4', 0, 1, 0, 1, '42791430', '', 0, NULL, NULL, NULL, NULL, NULL, NULL, NULL, NULL, NULL, NULL, NULL, 1, 0, NULL, '03/21', '', '', '', '', '', '', '', NULL),
(18, 'KARINA JOVANNA', 'RAMOS RAMIREZ,', '', 'F', '', '906217927', '46439525@nazareth.com', 'e0531d2b885c5242c9d11de7d59de439a27a25c4', 0, 1, 0, 1, '46439525', '', 0, NULL, NULL, NULL, NULL, NULL, NULL, NULL, NULL, NULL, NULL, NULL, 1, 0, NULL, '03/21', '', '', '', '', '', '', '', NULL),
(19, 'MARIA FERNANDA', 'FLORES HERREA', '', 'F', '', '983226931', '75858103@nazareth.com', 'ca5c3d5d9cee6af184d89853c08c2cc17de9c12b', 0, 1, 0, 1, '75858103', '', 0, NULL, NULL, NULL, NULL, NULL, NULL, NULL, NULL, NULL, NULL, NULL, 1, 0, NULL, '03/21', '', '', '', '', '', '', '', NULL),
(20, 'LORENA ALEXANDRA', 'OLIVARES ASENCIO', '', 'F', '', '929176960', '60598936@nazareth.com', 'b12659ed2979e5d559b246e7ffd73c507878f492', 0, 1, 0, 1, '60598936', '', 0, NULL, NULL, NULL, NULL, NULL, NULL, NULL, NULL, NULL, NULL, NULL, 1, 0, NULL, '03/21', '', '', '', '', '', '', '', NULL),
(21, 'AIDEE', 'ARTEAGA PINO', '', 'F', '', '918057480', '47213235@nazareth.com', '1a8f5c60cc358c9f3fb8da7bb043090fee8f00ff', 0, 1, 0, 1, '47213235', '', 0, NULL, NULL, NULL, NULL, NULL, NULL, NULL, NULL, NULL, NULL, NULL, 1, 0, NULL, '03/21', '', '', '', '', '', '', '', NULL),
(22, 'ROSALINA ', 'CASTRO SANCHEZ', '', 'F', '', '916373505', '73583522@nazareth.com', '8525b472d17f15253f59974b93d9a74731dfa639', 0, 1, 0, 1, '73583522', '', 0, NULL, NULL, NULL, NULL, NULL, NULL, NULL, NULL, NULL, NULL, NULL, 1, 0, NULL, '03/21', '', '', '', '', '', '', '', NULL),
(23, ' BETZABE RUTH', 'RAMOS CIRINEO', '', 'F', '', '931904106', '72553150@nazareth.com', 'daeca46fac1033ad7d923821423b7e2a788fade1', 0, 1, 0, 1, '72553150', '', 0, NULL, NULL, NULL, NULL, NULL, NULL, NULL, NULL, NULL, NULL, NULL, 1, 0, NULL, '03/21', '', '', '', '', '', '', '', NULL),
(24, 'YOLISA', 'VILLANUEVA ATERO ', '', 'F', '', '993237690', '73545574@nazareth.com', 'c57749185b207a8d955d9d94ac6323d2ea985699', 0, 1, 0, 1, '73545574', '', 0, NULL, NULL, NULL, NULL, NULL, NULL, NULL, NULL, NULL, NULL, NULL, 1, 0, NULL, '03/21', '', '', '', '', '', '', '', NULL),
(25, 'ANGIE MAGDALENA', 'CAYO ROJAS,', '', 'F', '', '921096238', '75202912@nazareth.com', '2c1957bdf4757880480610898fe4606386bb0047', 0, 1, 0, 1, '75202912', '', 0, NULL, NULL, NULL, NULL, NULL, NULL, NULL, NULL, NULL, NULL, NULL, 1, 0, NULL, '03/21', '', '', '', '', '', '', '', NULL),
(26, 'JACKELINE', 'GALVEZ FABIAN', '', 'F', '', '907841219', '47765019@nazareth.com', 'ee0d0ef44f8a55841190413e4157eeac052579da', 0, 1, 0, 1, '47765019', '', 0, NULL, NULL, NULL, NULL, NULL, NULL, NULL, NULL, NULL, NULL, NULL, 1, 0, NULL, '03/21', '', '', '', '', '', '', '', NULL),
(27, 'NAYDELIN JEANETTE', 'ARENAZA RAMOS', '', 'F', '', '991031308', '74024720@nazareth.com', '2bf22b32da4ec1b1078de92ff767d6c18a2f174b', 0, 1, 0, 1, '74024720', '', 0, NULL, NULL, NULL, NULL, NULL, NULL, NULL, NULL, NULL, NULL, NULL, 1, 0, NULL, '03/21', '', '', '', '', '', '', '', NULL),
(28, 'LESLY NEYLITH', 'ABANTO CHAVEZ', '', 'F', '', '927559581', '73266934@nazareth.com', '83a5a7898c7596311e1f054662d0ee1b52dc216a', 0, 1, 0, 1, '73266934', '', 0, NULL, NULL, NULL, NULL, NULL, NULL, NULL, NULL, NULL, NULL, NULL, 1, 0, NULL, '03/21', '', '', '', '', '', '', '', NULL),
(29, 'MARICARMEN', 'CONDOR HUANCA', '', 'F', '', '943311074', '72138853@nazareth.com', 'b5a5998ed21f4809c9764001d91e3efd51fc57cb', 0, 1, 0, 1, '72138853', '', 0, NULL, NULL, NULL, NULL, NULL, NULL, NULL, NULL, NULL, NULL, NULL, 1, 0, NULL, '03/21', '', '', '', '', '', '', '', NULL),
(30, 'NORMA ', 'MONTES ESPINOZA', '', 'F', '', '916629233', '80589273@nazareth.com', 'f533091c7304bef10a6aa450994c6d1d5687b17b', 0, 1, 0, 1, '80589273', '', 0, NULL, NULL, NULL, NULL, NULL, NULL, NULL, NULL, NULL, NULL, NULL, 1, 0, NULL, '03/21', '', '', '', '', '', '', '', NULL),
(31, 'NOEMI ELENA', 'AQUINO GARCIA', '', 'F', '', '999926814', '44674136@nazareth.com', '3e23fda482e98bbaeb4aa4fafd80719d0ba07953', 0, 1, 0, 1, '44674136', '', 0, NULL, NULL, NULL, NULL, NULL, NULL, NULL, NULL, NULL, NULL, NULL, 1, 0, NULL, '03/21', '', '', '', '', '', '', '', NULL),
(32, 'LUJAN', 'HILDA REYES ', '', 'F', '', '902634777', '48516732@nazareth.com', '42150a8b368e21bda7099beab77dbe744a52058d', 0, 1, 0, 1, '48516732', '', 0, NULL, NULL, NULL, NULL, NULL, NULL, NULL, NULL, NULL, NULL, NULL, 1, 0, NULL, '03/21', '', '', '', '', '', '', '', NULL),
(33, 'MARIA MERCEDES', 'YUTO  TRUJILLO', '', 'F', '', '919061753', '60143653@nazareth.com', '928428eddd689b23bd74ecece20330973cd2c451', 0, 1, 0, 1, '60143653', '', 0, NULL, NULL, NULL, NULL, NULL, NULL, NULL, NULL, NULL, NULL, NULL, 1, 0, NULL, '03/21', '', '', '', '', '', '', '', NULL),
(34, 'ANA MILAGRITOS', 'SILVA CUBAS', '', 'F', '', '986160272 ', '60511272@nazareth.com', '0c62abb6cb805ae3ac33f4bdab68a598182b53fc', 0, 1, 0, 1, '60511272', '', 0, NULL, NULL, NULL, NULL, NULL, NULL, NULL, NULL, NULL, NULL, NULL, 1, 0, NULL, '03/21', '', '', '', '', '', '', '', NULL),
(35, 'MADELY', 'ARROYO NATEROS', '', 'F', '', '992829848', '73592640@nazareth.com', '94966fd10f6770f4ec61b0533ed5b138e38ea27a', 0, 1, 0, 1, '73592640', '', 0, NULL, NULL, NULL, NULL, NULL, NULL, NULL, NULL, NULL, NULL, NULL, 1, 0, NULL, '03/21', '', '', '', '', '', '', '', NULL);

-- --------------------------------------------------------

--
-- Table structure for table `students_request`
--

CREATE TABLE `students_request` (
  `request_id` int(11) NOT NULL,
  `student_id` int(11) NOT NULL,
  `parent_id` int(11) DEFAULT NULL,
  `start_date` longtext CHARACTER SET utf8 COLLATE utf8_unicode_ci NOT NULL,
  `end_date` longtext CHARACTER SET utf8 COLLATE utf8_unicode_ci NOT NULL,
  `status` longtext CHARACTER SET utf8 COLLATE utf8_unicode_ci NOT NULL,
  `description` longtext CHARACTER SET utf8 COLLATE utf8_unicode_ci NOT NULL,
  `title` longtext CHARACTER SET utf8 COLLATE utf8_unicode_ci NOT NULL
) ENGINE=InnoDB DEFAULT CHARSET=latin1;

--
-- Dumping data for table `students_request`
--

INSERT INTO `students_request` (`request_id`, `student_id`, `parent_id`, `start_date`, `end_date`, `status`, `description`, `title`) VALUES
(1, 3, 0, '04/18/2024', '04/18/2024', '1', 'DESCRIPCION PRUEBA', 'PRUEBA MOTIVO');

-- --------------------------------------------------------

--
-- Table structure for table `student_gamification`
--

CREATE TABLE `student_gamification` (
  `id` int(11) NOT NULL,
  `subject_id` int(11) DEFAULT NULL,
  `class_id` int(11) DEFAULT NULL,
  `section_id` int(11) DEFAULT NULL,
  `student_id` int(11) DEFAULT NULL,
  `date` varchar(200) DEFAULT NULL,
  `exp` varchar(50) DEFAULT NULL,
  `year` varchar(200) DEFAULT NULL,
  `activity_id` int(250) DEFAULT NULL,
  `activity_type` varchar(200) DEFAULT NULL
) ENGINE=MyISAM DEFAULT CHARSET=latin1;

--
-- Dumping data for table `student_gamification`
--

INSERT INTO `student_gamification` (`id`, `subject_id`, `class_id`, `section_id`, `student_id`, `date`, `exp`, `year`, `activity_id`, `activity_type`) VALUES
(12, 9, 2, 2, 3, '08/04/2024', '10', '2024', 9, 'homework');

-- --------------------------------------------------------

--
-- Table structure for table `subject`
--

CREATE TABLE `subject` (
  `subject_id` int(11) NOT NULL,
  `name` longtext COLLATE utf8_unicode_ci NOT NULL,
  `class_id` int(11) NOT NULL,
  `teacher_id` int(11) DEFAULT NULL,
  `year` longtext COLLATE utf8_unicode_ci NOT NULL,
  `la1` varchar(500) COLLATE utf8_unicode_ci DEFAULT 'Lab 1.',
  `la2` varchar(500) COLLATE utf8_unicode_ci DEFAULT 'Lab 2.',
  `la3` varchar(500) COLLATE utf8_unicode_ci DEFAULT 'Lab 3.',
  `la4` varchar(500) COLLATE utf8_unicode_ci DEFAULT 'Lab 4.',
  `la5` varchar(500) COLLATE utf8_unicode_ci DEFAULT 'Lab 5.',
  `la6` varchar(500) COLLATE utf8_unicode_ci DEFAULT 'Lab 6.',
  `la7` varchar(500) COLLATE utf8_unicode_ci DEFAULT 'Lab 7.',
  `la8` varchar(500) COLLATE utf8_unicode_ci DEFAULT 'Lab 8.',
  `la9` varchar(500) COLLATE utf8_unicode_ci DEFAULT 'Lab 9.',
  `la10` varchar(500) COLLATE utf8_unicode_ci DEFAULT 'Lab 10.',
  `type` varchar(200) COLLATE utf8_unicode_ci DEFAULT NULL,
  `section_id` int(11) NOT NULL,
  `color` varchar(20) COLLATE utf8_unicode_ci DEFAULT NULL,
  `icon` longtext COLLATE utf8_unicode_ci DEFAULT NULL,
  `levels` int(11) DEFAULT NULL,
  `addon_title` varchar(600) COLLATE utf8_unicode_ci DEFAULT NULL,
  `addon_description` varchar(600) COLLATE utf8_unicode_ci DEFAULT NULL,
  `gamification` int(11) DEFAULT NULL,
  `online_exam` int(11) DEFAULT NULL,
  `homework` int(11) DEFAULT NULL,
  `live_class` int(11) DEFAULT NULL,
  `forum` int(11) DEFAULT NULL,
  `study_material` longtext CHARACTER SET utf8mb4 COLLATE utf8mb4_unicode_ci DEFAULT NULL,
  `deliveries` longtext CHARACTER SET utf8mb4 COLLATE utf8mb4_unicode_ci DEFAULT NULL,
  `about` longtext COLLATE utf8_unicode_ci DEFAULT NULL,
  `drive_folder` longtext CHARACTER SET utf8mb4 COLLATE utf8mb4_unicode_ci DEFAULT NULL,
  `online_exams` longtext CHARACTER SET utf8mb4 COLLATE utf8mb4_unicode_ci DEFAULT NULL,
  `homeworks` longtext CHARACTER SET utf8mb4 COLLATE utf8mb4_unicode_ci DEFAULT NULL,
  `forums` longtext CHARACTER SET utf8mb4 COLLATE utf8mb4_unicode_ci DEFAULT NULL
) ENGINE=InnoDB DEFAULT CHARSET=utf8 COLLATE=utf8_unicode_ci;

--
-- Dumping data for table `subject`
--

INSERT INTO `subject` (`subject_id`, `name`, `class_id`, `teacher_id`, `year`, `la1`, `la2`, `la3`, `la4`, `la5`, `la6`, `la7`, `la8`, `la9`, `la10`, `type`, `section_id`, `color`, `icon`, `levels`, `addon_title`, `addon_description`, `gamification`, `online_exam`, `homework`, `live_class`, `forum`, `study_material`, `deliveries`, `about`, `drive_folder`, `online_exams`, `homeworks`, `forums`) VALUES
(2, 'TRATAMIENTO CAPILAR', 2, 2, '2024', 'prueba 40', 'lavado ', 'enjuague', 'PRACT 4', 'PRACT 5', 'PRACT 6', 'PRACT 7', 'PRACT 8', 'exposicion', 'PRACT 10', NULL, 2, '5E1EFF', 'c4f9f69aeb8a49d677417fe60fe6161alaceado-organico-conoce-los-beneficios-de-este-tratamiento-capilar-22c00.jpg', NULL, NULL, NULL, NULL, NULL, NULL, NULL, 0, '', '', '24 PRÁCTICAS DE TRATAMIENTO CAPILAR QUIMICO Y NATURAL', '1ZPLcjZ-tQwLK1zBcSKS6emhmtvMAdwQ7', '', '', NULL),
(3, 'CEPILLADO Y PLANCHADO', 2, 2, '2024', 'Lab 1.', 'Lab 2.', 'Lab 3.', 'Lab 4.', 'Lab 5.', 'Lab 6.', 'Lab 7.', 'Lab 8.', 'Lab 9.', 'Lab 10.', NULL, 3, '0084FF', '53cb7436ee81c64f283a5e2e12ed0993cepillo_ancho.jpg', NULL, NULL, NULL, NULL, NULL, NULL, NULL, 0, '', '', '30 PRÁCTICAS DE CEPILLADO Y PLANCHADO ( HASTA 2 PRÁCTICAS X CLASE)', '1KFJC--ryraWRxwDuqbWsJWH5YrQxTS0x', '', '', NULL),
(4, 'CEPILLADO Y PLANCHADO', 2, 2, '2024', 'PRACT 1 ', 'PRACT 2', 'PRACT 3', 'PRACT 4', 'PRACT 5', 'PRACT 6', 'PRACT 7', 'PRACT 8', 'PRACT 9', 'PRACT 10', NULL, 2, '0084FF', '4d194def86f723a77dc28371630dbd83cepillo_ancho.jpg', NULL, NULL, NULL, NULL, NULL, NULL, NULL, 0, '', '', '30 PRÁCTICAS DE CEPILLADO Y PLANCHADO ( HASTA 2 PRÁCTICAS X CLASE)', '1Dwu061hJIF4gogya9rGqtGjVv0VnC0Cb', '', '', NULL),
(5, 'CORTE DE CABELLO - DAMAS ', 2, 2, '2024', 'PRACT 1', 'PRACT 2', 'PRACT 3', 'PRACT 4', 'PRACT 5', 'PRACT 6', 'PRACT 7', 'PRACT 8', 'PRACT 9', 'PRACT 10', NULL, 2, '0084FF', 'a773fd0db19c1dce947c9b9cc03d5f18gettyimages-675902016-1640085445.jpg', NULL, NULL, NULL, NULL, NULL, NULL, NULL, 0, '', '', '40 PRÁCTICAS DE CORTE DE CABELLO \r\n2 PRÁCTICAS EN CLASE  (APOYO EN CASA 1 )', '1scHhrEcn-w6us4jz-DqgKPnmbHSAksYC', '', '', NULL),
(9, 'PEINADO', 2, 2, '2024', 'PRACT 1', 'PRACT 2', 'PRACT 3', 'PRACT 4', 'PRACT 5', 'PRACT 6', 'PRACT 7', 'PRACT 8', 'PRACT 9', 'PRACT 10', NULL, 2, '0084FF', '2397ce480b8eb03e74ff92e40f4e00fd3565e1c0f7ad828f49bdcb462dbd18f4.jpg', 3, 'NIVELES ', 'Lo único imposible es aquello que no intentas', 1, 1, 1, 1, 0, '', '', '24 PRÁCTICAS DE PEINADO SOCIAL Y ARTISTICO\r\n2 PRÁCTICAS X CLASE', '1Pn8kIQ2gBgH69k3jr0CwVpZvm0H6ApQ_', '', '', NULL),
(11, 'TRATAMIENTO CAPILAR', 2, 2, '2024', 'Lab 1.', 'Lab 2.', 'Lab 3.', 'Lab 4.', 'Lab 5.', 'Lab 6.', 'Lab 7.', 'Lab 8.', 'Lab 9.', 'Lab 10.', NULL, 9, '0084FF', '68876deb16e7fcdd526053dc3bd37442laceado-organico-conoce-los-beneficios-de-este-tratamiento-capilar-22c00.jpg', NULL, NULL, NULL, NULL, NULL, NULL, NULL, NULL, NULL, NULL, '24 PRÁCTICAS DE TRATAMIENTO CAPILAR QUIMICO Y NATURAL', NULL, NULL, NULL, NULL),
(12, 'CEPILLADO Y PLANCHADO', 2, 2, '2024', 'Lab 1.', 'Lab 2.', 'Lab 3.', 'Lab 4.', 'Lab 5.', 'Lab 6.', 'Lab 7.', 'Lab 8.', 'Lab 9.', 'Lab 10.', NULL, 9, '0084FF', 'bd4eec15ba42ffb12633ee1d600d46e5cepillo_ancho.jpg', NULL, NULL, NULL, NULL, NULL, NULL, NULL, NULL, NULL, NULL, '30 PRÁCTICAS DE CEPILLADO Y PLANCHADO ( HASTA 2 PRÁCTICAS X CLASE)', NULL, NULL, NULL, NULL),
(13, 'TRATAMIENTO CAPILAR', 2, 2, '2024', 'Lab 1.', 'Lab 2.', 'Lab 3.', 'Lab 4.', 'Lab 5.', 'Lab 6.', 'Lab 7.', 'Lab 8.', 'Lab 9.', 'Lab 10.', NULL, 3, '0084FF', 'dc226b0a2d5c07afd9582c7e94e09798laceado-organico-conoce-los-beneficios-de-este-tratamiento-capilar-22c00.jpg', NULL, NULL, NULL, NULL, NULL, NULL, NULL, NULL, NULL, NULL, '24 PRÁCTICAS DE TRATAMIENTO CAPILAR QUIMICO Y NATURAL', '1bGo-hkgf647P6GuzA_isqX9wRvj4iQUe', NULL, NULL, NULL),
(14, 'TINTE Y COLORIMETRIA', 2, 3, '2024', 'PRACT 1', 'PRACT 2', 'PRACT 3', 'PRACT 4', 'PRACT 5', 'PRACT 6', 'PRACT 7', 'PRACT 8', 'PRACT 9', 'PRACT 10', NULL, 2, '0084FF', '4e915d4f2d144fb87b8cec0e2e1374c0450_1000.jpeg', NULL, NULL, NULL, NULL, NULL, NULL, NULL, NULL, NULL, NULL, '57 PRÁCTICAS DE TINTE DE CABELLO \r\n2 PRÁCTICAS X CLASE', '1kBxOMETg9Rcp2_3UCAqQ7_0fnpwZddyj', NULL, NULL, NULL),
(15, 'ALISADO', 2, 3, '2024', 'PRACT 1', 'PRACT 2', 'PRACT 3', 'PRACT 4', 'PRACT 5', 'PRACT 6', 'PRACT 7', 'PRACT 8', 'PRACT 9', 'PRACT 10', NULL, 2, '0084FF', 'c9f6ccc4f145cd8a869423d2fa1263ffalisado3-827x1024.jpg', NULL, NULL, NULL, NULL, NULL, NULL, NULL, NULL, NULL, '1abusQGSHDtsdYZiu_1V48uPq_kE5mLeS', '9 PRÁCTICAS DE ALISADO\r\n', '1WkBu_Du9t7bYwvIF9GiQcPDqXpCSyZig', NULL, NULL, NULL),
(16, 'ONDULACION', 2, 3, '2024', 'PRACT 1', 'PRACT 2', 'PRACT 3', 'PRACT 4', 'PRACT 5', 'PRACT 6', 'PRACT 7', 'PRACT 8', 'PRACT 9', 'PRACT 10', NULL, 2, '0084FF', '1101c3b2283e58676811ac7420a9982cdepositphotos_52210307-stock-photo-girl-with-blonde-hair.jpg', NULL, NULL, NULL, NULL, NULL, NULL, NULL, NULL, NULL, '1m1tuZKzWIfKCrXZkh28_mcGFEsLeL3gM', '25 PRÁCTICAS DE ONDULACION\r\n2 PRÁCTICAS X CLASE O APOYO 1 EN CASA', '1qkGBm6LZf9VHmphb73Hiy_FAI2wKjbSX', NULL, '1ZQJ__sXnbQ5Ia96-bBfrQwKl0yTSFXjK', NULL),
(17, 'CORTE DE CABELLO - CABALLERO', 2, 2, '2024', 'A', '2', 'PRACT 3', 'PRACT 4', 'PRACT 5', 'PRACT 6', 'PRACT 7', 'PRACT 8', 'PRACT 9', 'PRACT 10', NULL, 2, '0084FF', 'b9db28b8dc87e407979440643dc3702383005444b53631ae31d76068722697cc.jpg', NULL, NULL, NULL, NULL, NULL, NULL, NULL, NULL, '1CimBXDGG13T4Dpjva2qH0uYaKXcsC5a9', '1YXiZdxIcwMpwzK5qYWQWVDbTWqnVy5Hl', '30 PRÁCTICAS DE CORTE DE CABELLO\r\n2 PRÁCTICAS X CLASE O APOYO 1 EN CASA', '1r2rXtlOeyGYRbP4DmVhfGY-UzfLLoRMR', NULL, '1SUj1U4hfrCM0WIVpJRkwJC3IQaKLFFT_', NULL),
(18, 'PEINADO', 2, 2, '2024', 'Lab 1.', 'Lab 2.', 'Lab 3.', 'Lab 4.', 'Lab 5.', 'Lab 6.', 'Lab 7.', 'Lab 8.', 'Lab 9.', 'Lab 10.', NULL, 3, '0084FF', '956323e49bc0293019f252b23db8cc093565e1c0f7ad828f49bdcb462dbd18f4.jpg', NULL, NULL, NULL, NULL, NULL, NULL, NULL, NULL, NULL, NULL, '24 PRÁCTICAS DE PEINADO SOCIAL Y ARTISTICO 2 PRÁCTICAS X CLASE', '1aoL6pmWoq1AJjlIBQOG7UEmHh6iHv3Li', NULL, NULL, NULL),
(19, 'TINTE Y COLORIMETRIA', 2, 2, '2024', 'Lab 1.', 'Lab 2.', 'Lab 3.', 'Lab 4.', 'Lab 5.', 'Lab 6.', 'Lab 7.', 'Lab 8.', 'Lab 9.', 'Lab 10.', NULL, 3, '0084FF', '7fa3c871ea969732f6ab977a4311fadf1__HE7ID5UU4yoEhVkDB9oUQ.jpg', NULL, NULL, NULL, NULL, NULL, NULL, NULL, NULL, NULL, NULL, '57 PRÁCTICAS DE TINTE DE CABELLO \r\n2 PRÁCTICAS X CLASE', '1qQ7rDe9bc5j8NtZebz1FdWoa_2i18SE5', NULL, NULL, NULL),
(20, 'ALISADO', 2, 2, '2024', 'Lab 1.', 'Lab 2.', 'Lab 3.', 'Lab 4.', 'Lab 5.', 'Lab 6.', 'Lab 7.', 'Lab 8.', 'Lab 9.', 'Lab 10.', NULL, 3, '0084FF', '02aca8c39299b1e6fb937a79aac8d3d8alisado3-827x1024.jpg', NULL, NULL, NULL, NULL, NULL, NULL, NULL, NULL, NULL, NULL, '9 PRÁCTICAS DE ALISADO', '1jCmPwPlwNzrQQ9S2dNKVGLAZfWRJh2W0', NULL, NULL, NULL),
(21, 'ONDULACION', 2, 2, '2024', 'Lab 1.', 'Lab 2.', 'Lab 3.', 'Lab 4.', 'Lab 5.', 'Lab 6.', 'Lab 7.', 'Lab 8.', 'Lab 9.', 'Lab 10.', NULL, 3, '0084FF', 'e1a813144df8d13c6896a6ebfb9058a2depositphotos_52210307-stock-photo-girl-with-blonde-hair.jpg', NULL, NULL, NULL, NULL, NULL, NULL, NULL, NULL, NULL, NULL, '25 PRÁCTICAS DE ONDULACION\r\n2 PRÁCTICAS X CLASE O APOYO 1 EN CASA', '1SXYanXkLnCsG9I6eCcVdpN9fDj23Rm8x', NULL, NULL, NULL),
(22, 'CORTE DE CABELLO - CABALLERO', 2, 2, '2024', 'Lab 1.', 'Lab 2.', 'Lab 3.', 'Lab 4.', 'Lab 5.', 'Lab 6.', 'Lab 7.', 'Lab 8.', 'Lab 9.', 'Lab 10.', NULL, 3, '0084FF', 'b3dd823d44ee1e2686ac3780d3dbde8d83005444b53631ae31d76068722697cc.jpg', NULL, NULL, NULL, NULL, NULL, NULL, NULL, NULL, NULL, NULL, '30 PRÁCTICAS DE CORTE DE CABELLO\r\n2 PRÁCTICAS X CLASE O APOYO 1 EN CASA', '1fDYPFSp5z-cDwjnLuv9kWWhcRooi_FT3', NULL, NULL, NULL),
(23, 'CORTE DE CABELLO - DAMAS ', 2, 2, '2024', 'Lab 1.', 'Lab 2.', 'Lab 3.', 'Lab 4.', 'Lab 5.', 'Lab 6.', 'Lab 7.', 'Lab 8.', 'Lab 9.', 'Lab 10.', NULL, 3, '0084FF', 'f443c8418f1b5d9999297fb1322e4c34gettyimages-675902016-1640085445.jpg', NULL, NULL, NULL, NULL, NULL, NULL, NULL, NULL, NULL, NULL, '40 PRÁCTICAS DE CORTE DE CABELLO \r\n2 PRÁCTICAS EN CLASE  (APOYO EN CASA 1 )', '17hzDnnUchcakqx7j503bTNk0xb8OlrkX', NULL, NULL, NULL),
(24, 'CORTE DE CABELLO - DAMAS ', 2, 2, '2024', 'Lab 1.', 'Lab 2.', 'Lab 3.', 'Lab 4.', 'Lab 5.', 'Lab 6.', 'Lab 7.', 'Lab 8.', 'Lab 9.', 'Lab 10.', NULL, 9, '0084FF', '4da0636b7365779a0972269500afeb3agettyimages-675902016-1640085445.jpg', NULL, NULL, NULL, NULL, NULL, NULL, NULL, NULL, NULL, NULL, '40 PRÁCTICAS DE CORTE DE CABELLO \r\n2 PRÁCTICAS EN CLASE  (APOYO EN CASA 1 )', NULL, NULL, NULL, NULL),
(25, 'CORTE DE CABELLO - CABALLERO', 2, 2, '2024', 'Lab 1.', 'Lab 2.', 'Lab 3.', 'Lab 4.', 'Lab 5.', 'Lab 6.', 'Lab 7.', 'Lab 8.', 'Lab 9.', 'Lab 10.', NULL, 9, '0084FF', '9a9322a7019aba592ce41162df6ad42e83005444b53631ae31d76068722697cc.jpg', NULL, NULL, NULL, NULL, NULL, NULL, NULL, NULL, NULL, NULL, '30 PRÁCTICAS DE CORTE DE CABELLO\r\n2 PRÁCTICAS X CLASE O APOYO 1 EN CASA', NULL, NULL, NULL, NULL),
(26, 'PEINADO', 2, 2, '2024', 'Lab 1.', 'Lab 2.', 'Lab 3.', 'Lab 4.', 'Lab 5.', 'Lab 6.', 'Lab 7.', 'Lab 8.', 'Lab 9.', 'Lab 10.', NULL, 9, '0084FF', '338286ca59da3ad4baeb8d4d6df28b553565e1c0f7ad828f49bdcb462dbd18f4.jpg', NULL, NULL, NULL, NULL, NULL, NULL, NULL, NULL, NULL, NULL, '24 PRÁCTICAS DE PEINADO SOCIAL Y ARTISTICO\r\n2 PRÁCTICAS X CLASE', NULL, NULL, NULL, NULL),
(27, 'TINTE Y COLORIMETRIA', 2, 2, '2024', 'Lab 1.', 'Lab 2.', 'Lab 3.', 'Lab 4.', 'Lab 5.', 'Lab 6.', 'Lab 7.', 'Lab 8.', 'Lab 9.', 'Lab 10.', NULL, 9, '0084FF', 'b9fedaa44fbfc129a983a4887602a37dSILABODEONDULACION.pdf', NULL, NULL, NULL, NULL, NULL, NULL, NULL, NULL, NULL, NULL, '57 PRÁCTICAS DE TINTE DE CABELLO \r\n2 PRÁCTICAS X CLASE', NULL, NULL, NULL, NULL),
(28, 'ALISADO', 2, 2, '2024', 'Lab 1.', 'Lab 2.', 'Lab 3.', 'Lab 4.', 'Lab 5.', 'Lab 6.', 'Lab 7.', 'Lab 8.', 'Lab 9.', 'Lab 10.', NULL, 9, '0084FF', '8b104db93444761d1035729a2037bf2falisado3-827x1024.jpg', NULL, NULL, NULL, NULL, NULL, NULL, NULL, NULL, NULL, NULL, '9 PRÁCTICAS DE ALISADO', NULL, NULL, NULL, NULL),
(29, 'ONDULACION', 2, 2, '2024', 'Lab 1.', 'Lab 2.', 'Lab 3.', 'Lab 4.', 'Lab 5.', 'Lab 6.', 'Lab 7.', 'Lab 8.', 'Lab 9.', 'Lab 10.', NULL, 9, '0084FF', '1ff4b90d6fb15f633a3b34882412e86cdepositphotos_52210307-stock-photo-girl-with-blonde-hair.jpg', NULL, NULL, NULL, NULL, NULL, NULL, NULL, NULL, NULL, NULL, '25 PRÁCTICAS DE ONDULACION\r\n2 PRÁCTICAS X CLASE O APOYO 1 EN CASA', NULL, NULL, NULL, NULL),
(30, 'SISTEMA DE UÑAS', 3, 8, '2024', 'Lab 1.', 'Lab 2.', 'Lab 3.', 'Lab 4.', 'Lab 5.', 'Lab 6.', 'Lab 7.', 'Lab 8.', 'Lab 9.', 'Lab 10.', NULL, 5, '0084FF', '980c07d449bb29366873a3d0a7082575cepillo_ancho.jpg', NULL, NULL, NULL, NULL, NULL, NULL, NULL, NULL, NULL, NULL, 'PRUEBA', '1snfag12RWA5m62YTPSKRGMZiRKGOQ1HV', NULL, NULL, NULL),
(31, 'lashista miercoles', 4, 6, '2024', 'Lab 1.', 'Lab 2.', 'Lab 3.', 'Lab 4.', 'Lab 5.', 'Lab 6.', 'Lab 7.', 'Lab 8.', 'Lab 9.', 'Lab 10.', NULL, 8, '0084FF', '8b841f0aec5701587588ad281ad45d75alisado3-827x1024.jpg', NULL, NULL, NULL, NULL, NULL, NULL, NULL, NULL, NULL, NULL, 'lashista', '15MDs-lWTvH46BuhovTHbegcVi_BPU03J', NULL, NULL, NULL),
(32, 'MARTES ', 4, 6, '2024', 'Lab 1.', 'Lab 2.', 'Lab 3.', 'Lab 4.', 'Lab 5.', 'Lab 6.', 'Lab 7.', 'Lab 8.', 'Lab 9.', 'Lab 10.', NULL, 14, '0084FF', 'bf7992977aec19fb488efd8281cade4dalisado3-827x1024.jpg', NULL, NULL, NULL, NULL, NULL, NULL, NULL, NULL, NULL, NULL, 'PARCT8', '1HonyzX_tmJEYqVOHudNIT551nYy9hcbt', NULL, NULL, NULL),
(33, 'LASHISTA PROFESIONAL ', 4, 6, '2024', 'Lab 1.', 'Lab 2.', 'Lab 3.', 'Lab 4.', 'Lab 5.', 'Lab 6.', 'Lab 7.', 'Lab 8.', 'Lab 9.', 'Lab 10.', NULL, 8, '0084FF', '627cf878a9e082bfe8aa19964a362d01Lumii_20240201_181138681.jpg', NULL, NULL, NULL, NULL, NULL, NULL, NULL, NULL, NULL, NULL, 'PRUEBA 32', '13vXc0qDJNSC0otrK_oPQib2ta9w018tt', NULL, NULL, NULL),
(34, 'TRATAMIENTO CAPILAR', 2, 4, '2024', 'Lab 1.', 'Lab 2.', 'Lab 3.', 'Lab 4.', 'Lab 5.', 'Lab 6.', 'Lab 7.', 'Lab 8.', 'Lab 9.', 'Lab 10.', NULL, 9, '0084FF', '45b5cb4ec8b3cc9188098e09fae75110depositphotos_92164030-stock-photo-clients-hair-is-being-renovated.jpg', NULL, NULL, NULL, NULL, NULL, NULL, NULL, NULL, NULL, NULL, '24 PRÁCTICAS DE TRATAMIENTO CAPILAR QUIMICO Y NATURAL', NULL, NULL, NULL, NULL),
(35, 'CEPILLADO Y PLANCHADO', 2, 4, '2024', 'Lab 1.', 'Lab 2.', 'Lab 3.', 'Lab 4.', 'Lab 5.', 'Lab 6.', 'Lab 7.', 'Lab 8.', 'Lab 9.', 'Lab 10.', NULL, 9, '0084FF', 'a450de15a1b314492839d324f6a14ca5unnamed(1).jpg', NULL, NULL, NULL, NULL, NULL, NULL, NULL, NULL, NULL, NULL, '30 PRÁCTICAS DE CEPILLADO Y PLANCHADO ( HASTA 2 PRÁCTICAS X CLASE)', NULL, NULL, NULL, NULL),
(36, 'TRATAMIENTO CAPILAR', 2, 3, '2024', 'Lab 1.', 'Lab 2.', 'Lab 3.', 'Lab 4.', 'Lab 5.', 'Lab 6.', 'Lab 7.', 'Lab 8.', 'Lab 9.', 'Lab 10.', NULL, 2, '0084FF', 'b01a42e4aeab16b54cbb63e4ae7b107bdepositphotos_92164030-stock-photo-clients-hair-is-being-renovated.jpg', NULL, NULL, NULL, NULL, NULL, NULL, NULL, NULL, NULL, NULL, '24 PRÁCTICAS DE TRATAMIENTO CAPILAR QUIMICO Y NATURAL', NULL, NULL, NULL, NULL),
(37, 'TRATAMIENTO FACIAL', 6, 4, '2024', 'Lab 1.', 'Lab 2.', 'Lab 3.', 'Lab 4.', 'Lab 5.', 'Lab 6.', 'Lab 7.', 'Lab 8.', 'Lab 9.', 'Lab 10.', NULL, 15, '0084FF', 'a7e1ba8044c9ec05ab1ccc7e908bbe77tipos-de-tratamientos-faciales.jpg', NULL, NULL, NULL, NULL, NULL, NULL, NULL, NULL, NULL, NULL, '47 PRACTICAS', NULL, NULL, NULL, NULL),
(38, 'DEPILACIÓN ', 6, 4, '2024', 'Lab 1.', 'Lab 2.', 'Lab 3.', 'Lab 4.', 'Lab 5.', 'Lab 6.', 'Lab 7.', 'Lab 8.', 'Lab 9.', 'Lab 10.', NULL, 15, '0084FF', 'c3f1a293c7e4b8f964465cb22c6509afdepilacion-con-cera(1).jpg', NULL, NULL, NULL, NULL, NULL, NULL, NULL, NULL, NULL, NULL, '50 PRACTICAS, 2 POR CLASE', NULL, NULL, NULL, NULL),
(39, 'MAQUILLAJE PROFESIONAL', 6, 7, '2024', 'Lab 1.', 'Lab 2.', 'Lab 3.', 'Lab 4.', 'Lab 5.', 'Lab 6.', 'Lab 7.', 'Lab 8.', 'Lab 9.', 'Lab 10.', NULL, 15, '0084FF', '851fa4a48c659a5346dd2093b5c51262retrato-sensual-glamour-hermosa-mujer-modelo-dama-maquillaje-diario-fresco-color-rosa-labios-cara-piel-limpia-saludable_158538-9327.avif', NULL, NULL, NULL, NULL, NULL, NULL, NULL, NULL, NULL, NULL, '71 PRACTICAS, 2 PRACTICAS EN CLASE, 1 DE TAREA', NULL, NULL, NULL, NULL),
(40, 'MANICURE SPA', 6, 4, '2024', 'Lab 1.', 'Lab 2.', 'Lab 3.', 'Lab 4.', 'Lab 5.', 'Lab 6.', 'Lab 7.', 'Lab 8.', 'Lab 9.', 'Lab 10.', NULL, 15, '0084FF', '2034829f0cd7ac23ad2c018f5a2686cdb3f397c0dfc5f82bc653246ff843dff0.jpg', NULL, NULL, NULL, NULL, NULL, NULL, NULL, NULL, NULL, NULL, '66 PRACTICAS, 2 EN CLASE O 1 EN CASA DE TAREA', NULL, NULL, NULL, NULL),
(41, 'PODOLOGÍA', 7, 9, '2024', 'Lab 1.', 'Lab 2.', 'Lab 3.', 'Lab 4.', 'Lab 5.', 'Lab 6.', 'Lab 7.', 'Lab 8.', 'Lab 9.', 'Lab 10.', NULL, 16, '0084FF', '28409fea5fda818839fa45cb12731d84foto-podología-744x465.jpg', NULL, NULL, NULL, NULL, NULL, NULL, NULL, NULL, NULL, NULL, '1 PRACTICA POR CLASE ', NULL, NULL, NULL, NULL),
(42, 'ESTÉTICA FACIAL', 5, 5, '2024', 'Lab 1.', 'Lab 2.', 'Lab 3.', 'Lab 4.', 'Lab 5.', 'Lab 6.', 'Lab 7.', 'Lab 8.', 'Lab 9.', 'Lab 10.', NULL, 13, '0084FF', 'b78b15cfa253e6be35a506e0168285b881-94297ae326840a23c716631668723360-640-0.png', NULL, NULL, NULL, NULL, NULL, NULL, NULL, NULL, NULL, NULL, '36 PRACTICAS, 2 POR CLASE', NULL, NULL, NULL, NULL),
(43, 'APARATOLOGÍA FACIAL', 5, 5, '2024', 'Lab 1.', 'Lab 2.', 'Lab 3.', 'Lab 4.', 'Lab 5.', 'Lab 6.', 'Lab 7.', 'Lab 8.', 'Lab 9.', 'Lab 10.', NULL, 13, '0084FF', 'ab50f29c14e14081d8e5f007b0015e7alimpieza-facial-profesional-con-aparatologia-de-vanguardia.jpg', NULL, NULL, NULL, NULL, NULL, NULL, NULL, NULL, NULL, NULL, '19 PRACTICAS, 2 POR CLASE', NULL, NULL, NULL, NULL),
(44, 'PEELING QUÍMICO', 5, 5, '2024', 'Lab 1.', 'Lab 2.', 'Lab 3.', 'Lab 4.', 'Lab 5.', 'Lab 6.', 'Lab 7.', 'Lab 8.', 'Lab 9.', 'Lab 10.', NULL, 13, '0084FF', '6ed51f33fc9bb14d5ba44b00d9d04b45peeling.jpg', NULL, NULL, NULL, NULL, NULL, NULL, NULL, NULL, NULL, NULL, '15 PRACTICAS, 2 POR CLASE', NULL, NULL, NULL, NULL),
(45, 'MASAJES CORPORALES', 5, 5, '2024', 'Lab 1.', 'Lab 2.', 'Lab 3.', 'Lab 4.', 'Lab 5.', 'Lab 6.', 'Lab 7.', 'Lab 8.', 'Lab 9.', 'Lab 10.', NULL, 13, '0084FF', '5b966b38589cafd79883e81be126fec4Diseño-sin-título-10-300x300.png', NULL, NULL, NULL, NULL, NULL, NULL, NULL, NULL, NULL, NULL, '26 PRACTICAS, 2 POR CLASE', NULL, NULL, NULL, NULL),
(46, 'ESTÉTICA CORPORAL', 5, 5, '2024', 'Lab 1.', 'Lab 2.', 'Lab 3.', 'Lab 4.', 'Lab 5.', 'Lab 6.', 'Lab 7.', 'Lab 8.', 'Lab 9.', 'Lab 10.', NULL, 13, '0084FF', '289b8eb283e513686e4c39f275dca887bioestetica-salud-vida-estica-adelgazamiento-moldeado-corporal-3a.jpg', NULL, NULL, NULL, NULL, NULL, NULL, NULL, NULL, NULL, NULL, '34 PRACTICAS, 2 POR CLASE', NULL, NULL, NULL, NULL),
(47, 'DEPILACIÓN CORPORAL', 5, 5, '2024', 'Lab 1.', 'Lab 2.', 'Lab 3.', 'Lab 4.', 'Lab 5.', 'Lab 6.', 'Lab 7.', 'Lab 8.', 'Lab 9.', 'Lab 10.', NULL, 13, '0084FF', '077d544b6a5c41d44532d0e6e6e69bbb9-670x450.jpg', NULL, NULL, NULL, NULL, NULL, NULL, NULL, NULL, NULL, NULL, '20 PRACTICAS, 2 POR CLASE', NULL, NULL, NULL, NULL),
(48, 'ESTÉTICA FACIAL', 5, 10, '2024', 'Lab 1.', 'Lab 2.', 'Lab 3.', 'Lab 4.', 'Lab 5.', 'Lab 6.', 'Lab 7.', 'Lab 8.', 'Lab 9.', 'Lab 10.', NULL, 17, '0084FF', '2cab642ab39a05ce1be8d856b94d4c6eLuxury-Facial08_05_2020_11_46_24.jpg', NULL, NULL, NULL, NULL, NULL, NULL, NULL, NULL, NULL, NULL, '36 PRACTICAS, 2 POR CLASE', NULL, NULL, NULL, NULL),
(49, 'APARATOLOGÍA FACIAL', 5, 10, '2024', 'Lab 1.', 'Lab 2.', 'Lab 3.', 'Lab 4.', 'Lab 5.', 'Lab 6.', 'Lab 7.', 'Lab 8.', 'Lab 9.', 'Lab 10.', NULL, 17, '0084FF', '93c9cf1ae19bd153f2aa9fc1c1fd3db3images(18).jpeg', NULL, NULL, NULL, NULL, NULL, NULL, NULL, NULL, NULL, NULL, '19 PRACTICAS, 2 POR CLASE', NULL, NULL, NULL, NULL),
(50, 'PEELING QUÍMICO', 5, 10, '2024', 'Lab 1.', 'Lab 2.', 'Lab 3.', 'Lab 4.', 'Lab 5.', 'Lab 6.', 'Lab 7.', 'Lab 8.', 'Lab 9.', 'Lab 10.', NULL, 17, '0084FF', 'd9f09ddeb6dd21047c23159257ea710bpeeling.jpg', NULL, NULL, NULL, NULL, NULL, NULL, NULL, NULL, NULL, NULL, '15 PRACTICAS. 2 POR CLASE', NULL, NULL, NULL, NULL),
(51, 'MASAJES CORPORAL', 5, 10, '2024', 'Lab 1.', 'Lab 2.', 'Lab 3.', 'Lab 4.', 'Lab 5.', 'Lab 6.', 'Lab 7.', 'Lab 8.', 'Lab 9.', 'Lab 10.', NULL, 17, '0084FF', '75b45c29947ffe82bd046d246b3c5492Diseño-sin-título-10-300x300.png', NULL, NULL, NULL, NULL, NULL, NULL, NULL, NULL, NULL, NULL, '26 PRACTICAS, 2 POR CLASE', NULL, NULL, NULL, NULL),
(52, 'ESTÉTICA CORPORAL', 5, 10, '2024', 'Lab 1.', 'Lab 2.', 'Lab 3.', 'Lab 4.', 'Lab 5.', 'Lab 6.', 'Lab 7.', 'Lab 8.', 'Lab 9.', 'Lab 10.', NULL, 17, '0084FF', 'ddde817cbaca0a83e7af97a035396181bioestetica-salud-vida-estica-adelgazamiento-moldeado-corporal-3a.jpg', NULL, NULL, NULL, NULL, NULL, NULL, NULL, NULL, NULL, NULL, '34 PRACTICAS, 2 POR CLASE', NULL, NULL, NULL, NULL),
(53, 'DEPILACIÓN CORPORAL', 5, 10, '2024', 'Lab 1.', 'Lab 2.', 'Lab 3.', 'Lab 4.', 'Lab 5.', 'Lab 6.', 'Lab 7.', 'Lab 8.', 'Lab 9.', 'Lab 10.', NULL, 17, '0084FF', 'dfe144391c5a4520c087ccff56ba4ca79-670x450.jpg', NULL, NULL, NULL, NULL, NULL, NULL, NULL, NULL, NULL, NULL, '20 PRACTICAS, 2 POR CLASE', NULL, NULL, NULL, NULL);

-- --------------------------------------------------------

--
-- Table structure for table `teacher`
--

CREATE TABLE `teacher` (
  `teacher_id` int(11) NOT NULL,
  `first_name` longtext COLLATE utf8_unicode_ci DEFAULT NULL,
  `last_name` varchar(200) COLLATE utf8_unicode_ci NOT NULL,
  `sex` longtext COLLATE utf8_unicode_ci DEFAULT NULL,
  `address` longtext COLLATE utf8_unicode_ci DEFAULT NULL,
  `birthday` longtext COLLATE utf8_unicode_ci DEFAULT NULL,
  `phone` longtext COLLATE utf8_unicode_ci DEFAULT NULL,
  `email` longtext COLLATE utf8_unicode_ci DEFAULT NULL,
  `password` longtext COLLATE utf8_unicode_ci DEFAULT NULL,
  `idcard` longtext COLLATE utf8_unicode_ci DEFAULT NULL,
  `username` longtext COLLATE utf8_unicode_ci DEFAULT NULL,
  `token` varchar(600) COLLATE utf8_unicode_ci DEFAULT NULL,
  `user_code` longtext COLLATE utf8_unicode_ci DEFAULT NULL,
  `fb_token` varchar(500) COLLATE utf8_unicode_ci DEFAULT NULL,
  `fb_id` varchar(500) COLLATE utf8_unicode_ci DEFAULT NULL,
  `fb_photo` varchar(500) COLLATE utf8_unicode_ci DEFAULT NULL,
  `fb_name` varchar(500) COLLATE utf8_unicode_ci DEFAULT NULL,
  `g_oauth` varchar(500) COLLATE utf8_unicode_ci DEFAULT NULL,
  `g_fname` varchar(500) COLLATE utf8_unicode_ci DEFAULT NULL,
  `femail` varchar(500) COLLATE utf8_unicode_ci DEFAULT NULL,
  `g_lname` varchar(500) COLLATE utf8_unicode_ci DEFAULT NULL,
  `g_picture` varchar(500) COLLATE utf8_unicode_ci DEFAULT NULL,
  `link` varchar(500) COLLATE utf8_unicode_ci DEFAULT NULL,
  `g_email` varchar(500) COLLATE utf8_unicode_ci DEFAULT NULL,
  `image` longtext COLLATE utf8_unicode_ci DEFAULT NULL,
  `since` varchar(20) COLLATE utf8_unicode_ci DEFAULT NULL,
  `signature` longtext COLLATE utf8_unicode_ci DEFAULT NULL
) ENGINE=InnoDB DEFAULT CHARSET=utf8 COLLATE=utf8_unicode_ci;

--
-- Dumping data for table `teacher`
--

INSERT INTO `teacher` (`teacher_id`, `first_name`, `last_name`, `sex`, `address`, `birthday`, `phone`, `email`, `password`, `idcard`, `username`, `token`, `user_code`, `fb_token`, `fb_id`, `fb_photo`, `fb_name`, `g_oauth`, `g_fname`, `femail`, `g_lname`, `g_picture`, `link`, `g_email`, `image`, `since`, `signature`) VALUES
(2, 'MARILU', 'CAPCHA ZEVALLOS', 'F', '', '01/03/2024', '', 'mariluzevallos@gmail.com', '7c4a8d09ca3762af61e59520943dc26494f8941b', '', '123456', NULL, NULL, NULL, NULL, NULL, NULL, NULL, NULL, NULL, NULL, NULL, NULL, NULL, NULL, '03/20', NULL),
(3, 'JEINER ', 'ROJAS', 'M', '', '', '', 'jeinerrojas@gmail.com', '20eabe5d64b0e216796e834f52d61fd0b70332fc', '', '1234567', NULL, NULL, NULL, NULL, NULL, NULL, NULL, NULL, NULL, NULL, NULL, NULL, NULL, NULL, '03/20', NULL),
(4, 'LOURDES', 'VILLANO', 'F', '', '', '', 'lourdesvillano@gmail.com', '7c222fb2927d828af22f592134e8932480637c0d', '', '12345678', NULL, NULL, NULL, NULL, NULL, NULL, NULL, NULL, NULL, NULL, NULL, NULL, NULL, NULL, '03/20', NULL),
(5, 'BERTHA', 'GUTIERREZ', 'F', '', '', '', 'berthagutierrez@gmail.com', 'f7c3bc1d808e04732adf679965ccc34ca7ae3441', '', '123456789', NULL, NULL, NULL, NULL, NULL, NULL, NULL, NULL, NULL, NULL, NULL, NULL, NULL, NULL, '03/21', NULL),
(6, 'MILAGROS', 'ROJAS', 'F', '', '', '', 'milagrosgutierrez@gmail.com', '64ea0dc7dadd49a337f1ef14815bd3f428141c7d', '', '1234567891', NULL, NULL, NULL, NULL, NULL, NULL, NULL, NULL, NULL, NULL, NULL, NULL, NULL, NULL, '03/21', NULL),
(7, 'ANA', 'ALCANTARA', 'F', '', '', '', 'anaalcantara@gmail.com', '3649902d6cde41169d7713d34262648eea74d53e', '', '1234567891234', NULL, NULL, NULL, NULL, NULL, NULL, NULL, NULL, NULL, NULL, NULL, NULL, NULL, NULL, '03/21', NULL),
(8, 'ARACELY', 'LLACZA', 'F', '', '', '', 'aracelyllacza@nazareth.com', 'dd8d56514d3b23a9ebc1e1d363b3dfd1d81cbff3', '', '123456789101', NULL, NULL, NULL, NULL, NULL, NULL, NULL, NULL, NULL, NULL, NULL, NULL, NULL, NULL, '03/25', NULL),
(9, 'RUTH ', 'GONZALES ', 'F', '', '', '', 'ruthgonzales@gmail.com', 'da39a3ee5e6b4b0d3255bfef95601890afd80709', '', '', NULL, NULL, NULL, NULL, NULL, NULL, NULL, NULL, NULL, NULL, NULL, NULL, NULL, NULL, '24/06/2024', NULL),
(10, 'ERIKA', 'RUPAY', 'F', '', '', '', 'erikarupay@gmail.com', 'da39a3ee5e6b4b0d3255bfef95601890afd80709', '', '', NULL, NULL, NULL, NULL, NULL, NULL, NULL, NULL, NULL, NULL, NULL, NULL, NULL, NULL, '25/06/2024', NULL);

-- --------------------------------------------------------

--
-- Table structure for table `teacher_attendance`
--

CREATE TABLE `teacher_attendance` (
  `attendance_id` int(11) NOT NULL,
  `timestamp` longtext CHARACTER SET utf8 COLLATE utf8_unicode_ci NOT NULL,
  `year` longtext CHARACTER SET utf8 COLLATE utf8_unicode_ci NOT NULL,
  `teacher_id` int(11) DEFAULT NULL,
  `status` varchar(10) CHARACTER SET utf8 COLLATE utf8_unicode_ci DEFAULT NULL
) ENGINE=MyISAM DEFAULT CHARSET=latin1;

--
-- Dumping data for table `teacher_attendance`
--

INSERT INTO `teacher_attendance` (`attendance_id`, `timestamp`, `year`, `teacher_id`, `status`) VALUES
(2, '1711173600', '2024', 2, NULL),
(3, '1711173600', '2024', 3, NULL),
(4, '1711173600', '2024', 4, NULL),
(5, '1711173600', '2024', 5, NULL),
(6, '1711173600', '2024', 6, NULL),
(7, '1711173600', '2024', 7, NULL);

-- --------------------------------------------------------

--
-- Table structure for table `team_conference`
--

CREATE TABLE `team_conference` (
  `team_conference_id` int(11) NOT NULL,
  `title` varchar(250) DEFAULT NULL,
  `description` longtext DEFAULT NULL,
  `publish_date` varchar(50) DEFAULT NULL,
  `start_time` varchar(20) DEFAULT NULL,
  `end_time` varchar(20) DEFAULT NULL,
  `start_date` varchar(50) DEFAULT NULL,
  `upload_date` varchar(250) DEFAULT NULL,
  `room` longtext DEFAULT NULL,
  `members` longtext DEFAULT NULL,
  `admin_members` longtext DEFAULT NULL,
  `user_id` int(11) DEFAULT NULL,
  `user_type` varchar(20) DEFAULT 'admin',
  `year` varchar(20) DEFAULT NULL,
  `zoom_meeting_password` varchar(300) DEFAULT NULL,
  `zoom_meeting_id` varchar(300) DEFAULT NULL
) ENGINE=MyISAM DEFAULT CHARSET=latin1;

--
-- Dumping data for table `team_conference`
--

INSERT INTO `team_conference` (`team_conference_id`, `title`, `description`, `publish_date`, `start_time`, `end_time`, `start_date`, `upload_date`, `room`, `members`, `admin_members`, `user_id`, `user_type`, `year`, `zoom_meeting_password`, `zoom_meeting_id`) VALUES
(4, 'Demo', 'sdsdad', '2024-03-25 12:00:12', '18:27', '19:35', '03/25/2024', '25 Mar. 12:01PM', '8c61e7f4252c88ddd5875ff936df6f20be01901bdb', '2,3,4,5,6,7,', '1', 1, 'admin', '2024', 'meetpw33', 'mettid3233');

-- --------------------------------------------------------

--
-- Table structure for table `ticket`
--

CREATE TABLE `ticket` (
  `ticket_id` int(11) NOT NULL,
  `title` longtext COLLATE utf8_unicode_ci NOT NULL,
  `ticket_code` longtext COLLATE utf8_unicode_ci NOT NULL,
  `status` longtext COLLATE utf8_unicode_ci NOT NULL COMMENT 'opened closed',
  `priority` longtext COLLATE utf8_unicode_ci NOT NULL COMMENT 'baja media alta',
  `description` longtext COLLATE utf8_unicode_ci NOT NULL,
  `student_id` int(11) NOT NULL,
  `assigned_staff_id` int(11) NOT NULL,
  `teacher_id` int(11) NOT NULL,
  `timestamp` longtext COLLATE utf8_unicode_ci NOT NULL
) ENGINE=MyISAM DEFAULT CHARSET=utf8 COLLATE=utf8_unicode_ci;

-- --------------------------------------------------------

--
-- Table structure for table `ticket_message`
--

CREATE TABLE `ticket_message` (
  `ticket_message_id` int(11) NOT NULL,
  `ticket_code` longtext COLLATE utf8_unicode_ci NOT NULL,
  `message` longtext COLLATE utf8_unicode_ci NOT NULL,
  `file` longtext COLLATE utf8_unicode_ci NOT NULL,
  `sender_type` longtext COLLATE utf8_unicode_ci NOT NULL,
  `sender_id` int(11) NOT NULL,
  `timestamp` longtext COLLATE utf8_unicode_ci NOT NULL
) ENGINE=MyISAM DEFAULT CHARSET=utf8 COLLATE=utf8_unicode_ci;

-- --------------------------------------------------------

--
-- Table structure for table `transport`
--

CREATE TABLE `transport` (
  `transport_id` int(11) NOT NULL,
  `route_name` longtext COLLATE utf8_unicode_ci NOT NULL,
  `number_of_vehicle` longtext COLLATE utf8_unicode_ci NOT NULL,
  `route_fare` longtext COLLATE utf8_unicode_ci NOT NULL,
  `driver_name` longtext COLLATE utf8_unicode_ci NOT NULL,
  `driver_phone` longtext COLLATE utf8_unicode_ci NOT NULL,
  `route` longtext COLLATE utf8_unicode_ci NOT NULL
) ENGINE=MyISAM DEFAULT CHARSET=utf8 COLLATE=utf8_unicode_ci;

--
-- Dumping data for table `transport`
--

INSERT INTO `transport` (`transport_id`, `route_name`, `number_of_vehicle`, `route_fare`, `driver_name`, `driver_phone`, `route`) VALUES
(1, 'CASILLERO', 'CASILLERO 1', '15', 'NAZARETH', '913504475', '1'),
(2, 'CASILLERO 20', '123456', '15', 'HUGO ', '98184014', '20');

-- --------------------------------------------------------

--
-- Table structure for table `zoom`
--

CREATE TABLE `zoom` (
  `zoom_id` int(11) NOT NULL,
  `title` varchar(800) DEFAULT NULL,
  `meeting_id` varchar(500) DEFAULT NULL,
  `meeting_password` varchar(700) DEFAULT NULL,
  `class_id` int(11) DEFAULT NULL,
  `section_id` int(11) DEFAULT NULL,
  `subject_id` int(11) DEFAULT NULL,
  `user_type` varchar(50) DEFAULT NULL,
  `user_id` int(11) DEFAULT NULL,
  `year` varchar(50) DEFAULT NULL,
  `wall_type` varchar(50) DEFAULT NULL,
  `publish_date` varchar(250) DEFAULT NULL,
  `upload_date` varchar(250) DEFAULT NULL,
  `date` varchar(250) DEFAULT NULL,
  `description` longtext DEFAULT NULL,
  `start_time` varchar(250) DEFAULT NULL,
  `end_time` varchar(250) DEFAULT NULL,
  `exp` varchar(20) DEFAULT NULL
) ENGINE=MyISAM DEFAULT CHARSET=latin1;

--
-- Dumping data for table `zoom`
--

INSERT INTO `zoom` (`zoom_id`, `title`, `meeting_id`, `meeting_password`, `class_id`, `section_id`, `subject_id`, `user_type`, `user_id`, `year`, `wall_type`, `publish_date`, `upload_date`, `date`, `description`, `start_time`, `end_time`, `exp`) VALUES
(2, 'ejemplo', '867 6723 0103', 'm1agAg', 2, 2, 9, 'admin', 1, '2024', 'live', '2024-04-01 10:37:10', '01 Apr. 10:37AM', '04/01/2024', '', '14:00', '00:00', ''),
(3, 'Reunión Demo', '88600995533', 'jnLRxcNauOMnNa6VmA5hYadhhBPkji.1', 2, 2, 17, 'admin', 1, '2024', 'live', '2024-04-02 16:43:56', '02 Apr. 16:43PM', '04/02/2024', 'Descripción de ejemplo', '00:00', '17:30', '10'),
(4, 'reunion prueba', '89141573796', 'ZYfx71JcWgKc2RQ7KzmlF3umVPvgNQ.1', 2, 2, 2, 'admin', 1, '2024', 'live', '2024-04-29 12:26:44', '29 Apr. 12:26PM', '04/29/2024', 'prueba', '00:00', '23:00', '20');

--
-- Indexes for dumped tables
--

--
-- Indexes for table `academic_settings`
--
ALTER TABLE `academic_settings`
  ADD PRIMARY KEY (`settings_id`),
  ADD UNIQUE KEY `settings_id` (`settings_id`),
  ADD KEY `settings_id_2` (`settings_id`);

--
-- Indexes for table `accountant`
--
ALTER TABLE `accountant`
  ADD PRIMARY KEY (`accountant_id`);

--
-- Indexes for table `account_role`
--
ALTER TABLE `account_role`
  ADD PRIMARY KEY (`role_id`);

--
-- Indexes for table `activity_read`
--
ALTER TABLE `activity_read`
  ADD PRIMARY KEY (`actividy_read_id`);

--
-- Indexes for table `admin`
--
ALTER TABLE `admin`
  ADD PRIMARY KEY (`admin_id`),
  ADD KEY `admin_id` (`admin_id`);

--
-- Indexes for table `attendance`
--
ALTER TABLE `attendance`
  ADD PRIMARY KEY (`attendance_id`),
  ADD KEY `attendance_id` (`attendance_id`);

--
-- Indexes for table `attendance_live`
--
ALTER TABLE `attendance_live`
  ADD PRIMARY KEY (`id`);

--
-- Indexes for table `boards`
--
ALTER TABLE `boards`
  ADD PRIMARY KEY (`board_id`);

--
-- Indexes for table `book`
--
ALTER TABLE `book`
  ADD PRIMARY KEY (`book_id`);

--
-- Indexes for table `book_request`
--
ALTER TABLE `book_request`
  ADD PRIMARY KEY (`book_request_id`);

--
-- Indexes for table `ci_sessions`
--
ALTER TABLE `ci_sessions`
  ADD PRIMARY KEY (`id`),
  ADD KEY `ci_sessions_timestamp` (`timestamp`);

--
-- Indexes for table `class`
--
ALTER TABLE `class`
  ADD PRIMARY KEY (`class_id`);

--
-- Indexes for table `class_routine`
--
ALTER TABLE `class_routine`
  ADD PRIMARY KEY (`class_routine_id`);

--
-- Indexes for table `deliveries`
--
ALTER TABLE `deliveries`
  ADD PRIMARY KEY (`id`);

--
-- Indexes for table `document`
--
ALTER TABLE `document`
  ADD PRIMARY KEY (`document_id`);

--
-- Indexes for table `dormitory`
--
ALTER TABLE `dormitory`
  ADD PRIMARY KEY (`dormitory_id`);

--
-- Indexes for table `email_template`
--
ALTER TABLE `email_template`
  ADD PRIMARY KEY (`email_template_id`);

--
-- Indexes for table `enroll`
--
ALTER TABLE `enroll`
  ADD PRIMARY KEY (`enroll_id`);

--
-- Indexes for table `events`
--
ALTER TABLE `events`
  ADD PRIMARY KEY (`id`);

--
-- Indexes for table `exam`
--
ALTER TABLE `exam`
  ADD PRIMARY KEY (`exam_id`);

--
-- Indexes for table `expense_category`
--
ALTER TABLE `expense_category`
  ADD PRIMARY KEY (`expense_category_id`);

--
-- Indexes for table `file`
--
ALTER TABLE `file`
  ADD PRIMARY KEY (`file_id`);

--
-- Indexes for table `folder`
--
ALTER TABLE `folder`
  ADD PRIMARY KEY (`folder_id`);

--
-- Indexes for table `forum`
--
ALTER TABLE `forum`
  ADD PRIMARY KEY (`post_id`);

--
-- Indexes for table `forum_message`
--
ALTER TABLE `forum_message`
  ADD PRIMARY KEY (`message_id`);

--
-- Indexes for table `frontend`
--
ALTER TABLE `frontend`
  ADD PRIMARY KEY (`frontend_id`);

--
-- Indexes for table `gallery`
--
ALTER TABLE `gallery`
  ADD PRIMARY KEY (`gallery_id`);

--
-- Indexes for table `gamification`
--
ALTER TABLE `gamification`
  ADD PRIMARY KEY (`id`);

--
-- Indexes for table `grade`
--
ALTER TABLE `grade`
  ADD PRIMARY KEY (`grade_id`);

--
-- Indexes for table `group_message`
--
ALTER TABLE `group_message`
  ADD PRIMARY KEY (`group_message_id`);

--
-- Indexes for table `group_message_thread`
--
ALTER TABLE `group_message_thread`
  ADD PRIMARY KEY (`group_message_thread_id`);

--
-- Indexes for table `homework`
--
ALTER TABLE `homework`
  ADD PRIMARY KEY (`homework_id`);

--
-- Indexes for table `homework_files`
--
ALTER TABLE `homework_files`
  ADD PRIMARY KEY (`fhomework_file_id`);

--
-- Indexes for table `horarios_examenes`
--
ALTER TABLE `horarios_examenes`
  ADD PRIMARY KEY (`horario_id`);

--
-- Indexes for table `invoice`
--
ALTER TABLE `invoice`
  ADD PRIMARY KEY (`invoice_id`);

--
-- Indexes for table `language`
--
ALTER TABLE `language`
  ADD PRIMARY KEY (`phrase_id`);

--
-- Indexes for table `lesson_online`
--
ALTER TABLE `lesson_online`
  ADD PRIMARY KEY (`lesson_online_id`);

--
-- Indexes for table `librarian`
--
ALTER TABLE `librarian`
  ADD PRIMARY KEY (`librarian_id`);

--
-- Indexes for table `live`
--
ALTER TABLE `live`
  ADD PRIMARY KEY (`live_id`);

--
-- Indexes for table `live_status`
--
ALTER TABLE `live_status`
  ADD PRIMARY KEY (`id`);

--
-- Indexes for table `mark`
--
ALTER TABLE `mark`
  ADD PRIMARY KEY (`mark_id`);

--
-- Indexes for table `mark_activity`
--
ALTER TABLE `mark_activity`
  ADD PRIMARY KEY (`mark_activity_id`);

--
-- Indexes for table `mensaje_reporte`
--
ALTER TABLE `mensaje_reporte`
  ADD PRIMARY KEY (`news_message_id`);

--
-- Indexes for table `message`
--
ALTER TABLE `message`
  ADD PRIMARY KEY (`message_id`);

--
-- Indexes for table `message_thread`
--
ALTER TABLE `message_thread`
  ADD PRIMARY KEY (`message_thread_id`);

--
-- Indexes for table `news`
--
ALTER TABLE `news`
  ADD PRIMARY KEY (`news_id`);

--
-- Indexes for table `nota_capacidad`
--
ALTER TABLE `nota_capacidad`
  ADD PRIMARY KEY (`nota_capacidad_id`);

--
-- Indexes for table `notice_message`
--
ALTER TABLE `notice_message`
  ADD PRIMARY KEY (`notice_message_id`);

--
-- Indexes for table `notification`
--
ALTER TABLE `notification`
  ADD PRIMARY KEY (`id`);

--
-- Indexes for table `online_course`
--
ALTER TABLE `online_course`
  ADD PRIMARY KEY (`online_course_id`);

--
-- Indexes for table `online_exam`
--
ALTER TABLE `online_exam`
  ADD PRIMARY KEY (`online_exam_id`);

--
-- Indexes for table `online_exam_result`
--
ALTER TABLE `online_exam_result`
  ADD PRIMARY KEY (`online_exam_result_id`);

--
-- Indexes for table `online_quiz_result`
--
ALTER TABLE `online_quiz_result`
  ADD PRIMARY KEY (`online_quiz_result_id`);

--
-- Indexes for table `online_users`
--
ALTER TABLE `online_users`
  ADD PRIMARY KEY (`id`);

--
-- Indexes for table `parent`
--
ALTER TABLE `parent`
  ADD PRIMARY KEY (`parent_id`);

--
-- Indexes for table `payment`
--
ALTER TABLE `payment`
  ADD PRIMARY KEY (`payment_id`);

--
-- Indexes for table `payment_gateways`
--
ALTER TABLE `payment_gateways`
  ADD PRIMARY KEY (`id`);

--
-- Indexes for table `pending_users`
--
ALTER TABLE `pending_users`
  ADD PRIMARY KEY (`user_id`);

--
-- Indexes for table `polls`
--
ALTER TABLE `polls`
  ADD PRIMARY KEY (`id`);

--
-- Indexes for table `poll_response`
--
ALTER TABLE `poll_response`
  ADD PRIMARY KEY (`id`);

--
-- Indexes for table `progress_course`
--
ALTER TABLE `progress_course`
  ADD PRIMARY KEY (`progress_course_id`);

--
-- Indexes for table `question_bank`
--
ALTER TABLE `question_bank`
  ADD PRIMARY KEY (`question_bank_id`);

--
-- Indexes for table `question_paper`
--
ALTER TABLE `question_paper`
  ADD PRIMARY KEY (`question_paper_id`);

--
-- Indexes for table `quiz`
--
ALTER TABLE `quiz`
  ADD PRIMARY KEY (`quiz_id`);

--
-- Indexes for table `quiz_bank`
--
ALTER TABLE `quiz_bank`
  ADD PRIMARY KEY (`quiz_bank_id`);

--
-- Indexes for table `readed`
--
ALTER TABLE `readed`
  ADD PRIMARY KEY (`readed_id`);

--
-- Indexes for table `reporte_alumnos`
--
ALTER TABLE `reporte_alumnos`
  ADD PRIMARY KEY (`report_id`);

--
-- Indexes for table `reporte_mensaje`
--
ALTER TABLE `reporte_mensaje`
  ADD PRIMARY KEY (`report_message_id`);

--
-- Indexes for table `reports`
--
ALTER TABLE `reports`
  ADD PRIMARY KEY (`id`);

--
-- Indexes for table `report_response`
--
ALTER TABLE `report_response`
  ADD PRIMARY KEY (`message_id`);

--
-- Indexes for table `request`
--
ALTER TABLE `request`
  ADD PRIMARY KEY (`request_id`);

--
-- Indexes for table `section`
--
ALTER TABLE `section`
  ADD PRIMARY KEY (`section_id`);

--
-- Indexes for table `section_online`
--
ALTER TABLE `section_online`
  ADD PRIMARY KEY (`section_online_id`);

--
-- Indexes for table `settings`
--
ALTER TABLE `settings`
  ADD PRIMARY KEY (`settings_id`);

--
-- Indexes for table `student`
--
ALTER TABLE `student`
  ADD PRIMARY KEY (`student_id`);

--
-- Indexes for table `students_request`
--
ALTER TABLE `students_request`
  ADD PRIMARY KEY (`request_id`);

--
-- Indexes for table `student_gamification`
--
ALTER TABLE `student_gamification`
  ADD PRIMARY KEY (`id`);

--
-- Indexes for table `subject`
--
ALTER TABLE `subject`
  ADD PRIMARY KEY (`subject_id`);

--
-- Indexes for table `teacher`
--
ALTER TABLE `teacher`
  ADD PRIMARY KEY (`teacher_id`);

--
-- Indexes for table `teacher_attendance`
--
ALTER TABLE `teacher_attendance`
  ADD PRIMARY KEY (`attendance_id`);

--
-- Indexes for table `team_conference`
--
ALTER TABLE `team_conference`
  ADD PRIMARY KEY (`team_conference_id`);

--
-- Indexes for table `ticket`
--
ALTER TABLE `ticket`
  ADD PRIMARY KEY (`ticket_id`);

--
-- Indexes for table `ticket_message`
--
ALTER TABLE `ticket_message`
  ADD PRIMARY KEY (`ticket_message_id`);

--
-- Indexes for table `transport`
--
ALTER TABLE `transport`
  ADD PRIMARY KEY (`transport_id`);

--
-- Indexes for table `zoom`
--
ALTER TABLE `zoom`
  ADD PRIMARY KEY (`zoom_id`);

--
-- AUTO_INCREMENT for dumped tables
--

--
-- AUTO_INCREMENT for table `academic_settings`
--
ALTER TABLE `academic_settings`
  MODIFY `settings_id` int(100) NOT NULL AUTO_INCREMENT, AUTO_INCREMENT=35;

--
-- AUTO_INCREMENT for table `accountant`
--
ALTER TABLE `accountant`
  MODIFY `accountant_id` int(11) NOT NULL AUTO_INCREMENT;

--
-- AUTO_INCREMENT for table `account_role`
--
ALTER TABLE `account_role`
  MODIFY `role_id` int(11) NOT NULL AUTO_INCREMENT, AUTO_INCREMENT=25;

--
-- AUTO_INCREMENT for table `activity_read`
--
ALTER TABLE `activity_read`
  MODIFY `actividy_read_id` int(11) NOT NULL AUTO_INCREMENT;

--
-- AUTO_INCREMENT for table `admin`
--
ALTER TABLE `admin`
  MODIFY `admin_id` int(11) NOT NULL AUTO_INCREMENT, AUTO_INCREMENT=3;

--
-- AUTO_INCREMENT for table `attendance`
--
ALTER TABLE `attendance`
  MODIFY `attendance_id` int(11) NOT NULL AUTO_INCREMENT, AUTO_INCREMENT=197;

--
-- AUTO_INCREMENT for table `attendance_live`
--
ALTER TABLE `attendance_live`
  MODIFY `id` int(11) NOT NULL AUTO_INCREMENT, AUTO_INCREMENT=3;

--
-- AUTO_INCREMENT for table `boards`
--
ALTER TABLE `boards`
  MODIFY `board_id` int(11) NOT NULL AUTO_INCREMENT, AUTO_INCREMENT=24;

--
-- AUTO_INCREMENT for table `book`
--
ALTER TABLE `book`
  MODIFY `book_id` int(11) NOT NULL AUTO_INCREMENT, AUTO_INCREMENT=3;

--
-- AUTO_INCREMENT for table `book_request`
--
ALTER TABLE `book_request`
  MODIFY `book_request_id` int(11) NOT NULL AUTO_INCREMENT, AUTO_INCREMENT=5;

--
-- AUTO_INCREMENT for table `class`
--
ALTER TABLE `class`
  MODIFY `class_id` int(11) NOT NULL AUTO_INCREMENT, AUTO_INCREMENT=8;

--
-- AUTO_INCREMENT for table `class_routine`
--
ALTER TABLE `class_routine`
  MODIFY `class_routine_id` int(11) NOT NULL AUTO_INCREMENT, AUTO_INCREMENT=298;

--
-- AUTO_INCREMENT for table `deliveries`
--
ALTER TABLE `deliveries`
  MODIFY `id` int(11) NOT NULL AUTO_INCREMENT, AUTO_INCREMENT=12;

--
-- AUTO_INCREMENT for table `document`
--
ALTER TABLE `document`
  MODIFY `document_id` int(11) NOT NULL AUTO_INCREMENT, AUTO_INCREMENT=16;

--
-- AUTO_INCREMENT for table `dormitory`
--
ALTER TABLE `dormitory`
  MODIFY `dormitory_id` int(11) NOT NULL AUTO_INCREMENT, AUTO_INCREMENT=7;

--
-- AUTO_INCREMENT for table `email_template`
--
ALTER TABLE `email_template`
  MODIFY `email_template_id` int(11) NOT NULL AUTO_INCREMENT, AUTO_INCREMENT=6;

--
-- AUTO_INCREMENT for table `enroll`
--
ALTER TABLE `enroll`
  MODIFY `enroll_id` int(11) NOT NULL AUTO_INCREMENT, AUTO_INCREMENT=39;

--
-- AUTO_INCREMENT for table `events`
--
ALTER TABLE `events`
  MODIFY `id` int(11) NOT NULL AUTO_INCREMENT, AUTO_INCREMENT=2;

--
-- AUTO_INCREMENT for table `exam`
--
ALTER TABLE `exam`
  MODIFY `exam_id` int(11) NOT NULL AUTO_INCREMENT, AUTO_INCREMENT=23;

--
-- AUTO_INCREMENT for table `expense_category`
--
ALTER TABLE `expense_category`
  MODIFY `expense_category_id` int(11) NOT NULL AUTO_INCREMENT;

--
-- AUTO_INCREMENT for table `file`
--
ALTER TABLE `file`
  MODIFY `file_id` int(11) NOT NULL AUTO_INCREMENT;

--
-- AUTO_INCREMENT for table `folder`
--
ALTER TABLE `folder`
  MODIFY `folder_id` int(11) NOT NULL AUTO_INCREMENT;

--
-- AUTO_INCREMENT for table `forum`
--
ALTER TABLE `forum`
  MODIFY `post_id` int(11) NOT NULL AUTO_INCREMENT, AUTO_INCREMENT=2;

--
-- AUTO_INCREMENT for table `forum_message`
--
ALTER TABLE `forum_message`
  MODIFY `message_id` int(11) NOT NULL AUTO_INCREMENT;

--
-- AUTO_INCREMENT for table `frontend`
--
ALTER TABLE `frontend`
  MODIFY `frontend_id` int(11) NOT NULL AUTO_INCREMENT, AUTO_INCREMENT=54;

--
-- AUTO_INCREMENT for table `gallery`
--
ALTER TABLE `gallery`
  MODIFY `gallery_id` int(11) NOT NULL AUTO_INCREMENT;

--
-- AUTO_INCREMENT for table `gamification`
--
ALTER TABLE `gamification`
  MODIFY `id` int(11) NOT NULL AUTO_INCREMENT, AUTO_INCREMENT=41;

--
-- AUTO_INCREMENT for table `grade`
--
ALTER TABLE `grade`
  MODIFY `grade_id` int(11) NOT NULL AUTO_INCREMENT, AUTO_INCREMENT=24;

--
-- AUTO_INCREMENT for table `group_message`
--
ALTER TABLE `group_message`
  MODIFY `group_message_id` int(11) NOT NULL AUTO_INCREMENT;

--
-- AUTO_INCREMENT for table `group_message_thread`
--
ALTER TABLE `group_message_thread`
  MODIFY `group_message_thread_id` int(11) NOT NULL AUTO_INCREMENT;

--
-- AUTO_INCREMENT for table `homework`
--
ALTER TABLE `homework`
  MODIFY `homework_id` int(11) NOT NULL AUTO_INCREMENT, AUTO_INCREMENT=18;

--
-- AUTO_INCREMENT for table `homework_files`
--
ALTER TABLE `homework_files`
  MODIFY `fhomework_file_id` int(11) NOT NULL AUTO_INCREMENT, AUTO_INCREMENT=18;

--
-- AUTO_INCREMENT for table `horarios_examenes`
--
ALTER TABLE `horarios_examenes`
  MODIFY `horario_id` int(11) NOT NULL AUTO_INCREMENT;

--
-- AUTO_INCREMENT for table `invoice`
--
ALTER TABLE `invoice`
  MODIFY `invoice_id` int(11) NOT NULL AUTO_INCREMENT, AUTO_INCREMENT=2;

--
-- AUTO_INCREMENT for table `language`
--
ALTER TABLE `language`
  MODIFY `phrase_id` int(11) NOT NULL AUTO_INCREMENT, AUTO_INCREMENT=3960;

--
-- AUTO_INCREMENT for table `lesson_online`
--
ALTER TABLE `lesson_online`
  MODIFY `lesson_online_id` int(11) NOT NULL AUTO_INCREMENT, AUTO_INCREMENT=2;

--
-- AUTO_INCREMENT for table `librarian`
--
ALTER TABLE `librarian`
  MODIFY `librarian_id` int(11) NOT NULL AUTO_INCREMENT;

--
-- AUTO_INCREMENT for table `live`
--
ALTER TABLE `live`
  MODIFY `live_id` int(11) NOT NULL AUTO_INCREMENT, AUTO_INCREMENT=4;

--
-- AUTO_INCREMENT for table `live_status`
--
ALTER TABLE `live_status`
  MODIFY `id` int(11) NOT NULL AUTO_INCREMENT, AUTO_INCREMENT=3;

--
-- AUTO_INCREMENT for table `mark`
--
ALTER TABLE `mark`
  MODIFY `mark_id` int(11) NOT NULL AUTO_INCREMENT, AUTO_INCREMENT=113;

--
-- AUTO_INCREMENT for table `mark_activity`
--
ALTER TABLE `mark_activity`
  MODIFY `mark_activity_id` int(11) NOT NULL AUTO_INCREMENT, AUTO_INCREMENT=13;

--
-- AUTO_INCREMENT for table `mensaje_reporte`
--
ALTER TABLE `mensaje_reporte`
  MODIFY `news_message_id` int(11) NOT NULL AUTO_INCREMENT;

--
-- AUTO_INCREMENT for table `message`
--
ALTER TABLE `message`
  MODIFY `message_id` int(11) NOT NULL AUTO_INCREMENT, AUTO_INCREMENT=3;

--
-- AUTO_INCREMENT for table `message_thread`
--
ALTER TABLE `message_thread`
  MODIFY `message_thread_id` int(11) NOT NULL AUTO_INCREMENT, AUTO_INCREMENT=3;

--
-- AUTO_INCREMENT for table `news`
--
ALTER TABLE `news`
  MODIFY `news_id` int(11) NOT NULL AUTO_INCREMENT, AUTO_INCREMENT=11;

--
-- AUTO_INCREMENT for table `nota_capacidad`
--
ALTER TABLE `nota_capacidad`
  MODIFY `nota_capacidad_id` bigint(20) NOT NULL AUTO_INCREMENT, AUTO_INCREMENT=193;

--
-- AUTO_INCREMENT for table `notice_message`
--
ALTER TABLE `notice_message`
  MODIFY `notice_message_id` int(11) NOT NULL AUTO_INCREMENT;

--
-- AUTO_INCREMENT for table `notification`
--
ALTER TABLE `notification`
  MODIFY `id` int(11) NOT NULL AUTO_INCREMENT, AUTO_INCREMENT=690;

--
-- AUTO_INCREMENT for table `online_course`
--
ALTER TABLE `online_course`
  MODIFY `online_course_id` int(11) NOT NULL AUTO_INCREMENT;

--
-- AUTO_INCREMENT for table `online_exam`
--
ALTER TABLE `online_exam`
  MODIFY `online_exam_id` int(11) UNSIGNED NOT NULL AUTO_INCREMENT, AUTO_INCREMENT=8;

--
-- AUTO_INCREMENT for table `online_exam_result`
--
ALTER TABLE `online_exam_result`
  MODIFY `online_exam_result_id` int(11) UNSIGNED NOT NULL AUTO_INCREMENT, AUTO_INCREMENT=6;

--
-- AUTO_INCREMENT for table `online_quiz_result`
--
ALTER TABLE `online_quiz_result`
  MODIFY `online_quiz_result_id` int(11) NOT NULL AUTO_INCREMENT;

--
-- AUTO_INCREMENT for table `online_users`
--
ALTER TABLE `online_users`
  MODIFY `id` int(11) NOT NULL AUTO_INCREMENT, AUTO_INCREMENT=227;

--
-- AUTO_INCREMENT for table `parent`
--
ALTER TABLE `parent`
  MODIFY `parent_id` int(11) NOT NULL AUTO_INCREMENT;

--
-- AUTO_INCREMENT for table `payment`
--
ALTER TABLE `payment`
  MODIFY `payment_id` int(11) NOT NULL AUTO_INCREMENT, AUTO_INCREMENT=2;

--
-- AUTO_INCREMENT for table `payment_gateways`
--
ALTER TABLE `payment_gateways`
  MODIFY `id` int(11) NOT NULL AUTO_INCREMENT, AUTO_INCREMENT=6;

--
-- AUTO_INCREMENT for table `pending_users`
--
ALTER TABLE `pending_users`
  MODIFY `user_id` int(11) NOT NULL AUTO_INCREMENT, AUTO_INCREMENT=7;

--
-- AUTO_INCREMENT for table `polls`
--
ALTER TABLE `polls`
  MODIFY `id` int(11) NOT NULL AUTO_INCREMENT, AUTO_INCREMENT=2;

--
-- AUTO_INCREMENT for table `poll_response`
--
ALTER TABLE `poll_response`
  MODIFY `id` int(11) NOT NULL AUTO_INCREMENT, AUTO_INCREMENT=2;

--
-- AUTO_INCREMENT for table `progress_course`
--
ALTER TABLE `progress_course`
  MODIFY `progress_course_id` int(11) NOT NULL AUTO_INCREMENT;

--
-- AUTO_INCREMENT for table `question_bank`
--
ALTER TABLE `question_bank`
  MODIFY `question_bank_id` int(11) UNSIGNED NOT NULL AUTO_INCREMENT, AUTO_INCREMENT=21;

--
-- AUTO_INCREMENT for table `question_paper`
--
ALTER TABLE `question_paper`
  MODIFY `question_paper_id` int(11) NOT NULL AUTO_INCREMENT;

--
-- AUTO_INCREMENT for table `quiz`
--
ALTER TABLE `quiz`
  MODIFY `quiz_id` int(11) NOT NULL AUTO_INCREMENT;

--
-- AUTO_INCREMENT for table `quiz_bank`
--
ALTER TABLE `quiz_bank`
  MODIFY `quiz_bank_id` int(11) NOT NULL AUTO_INCREMENT;

--
-- AUTO_INCREMENT for table `readed`
--
ALTER TABLE `readed`
  MODIFY `readed_id` int(11) NOT NULL AUTO_INCREMENT, AUTO_INCREMENT=19;

--
-- AUTO_INCREMENT for table `reporte_alumnos`
--
ALTER TABLE `reporte_alumnos`
  MODIFY `report_id` int(11) NOT NULL AUTO_INCREMENT;

--
-- AUTO_INCREMENT for table `reporte_mensaje`
--
ALTER TABLE `reporte_mensaje`
  MODIFY `report_message_id` int(11) NOT NULL AUTO_INCREMENT;

--
-- AUTO_INCREMENT for table `reports`
--
ALTER TABLE `reports`
  MODIFY `id` int(11) NOT NULL AUTO_INCREMENT, AUTO_INCREMENT=3;

--
-- AUTO_INCREMENT for table `report_response`
--
ALTER TABLE `report_response`
  MODIFY `message_id` int(11) NOT NULL AUTO_INCREMENT;

--
-- AUTO_INCREMENT for table `request`
--
ALTER TABLE `request`
  MODIFY `request_id` int(11) NOT NULL AUTO_INCREMENT;

--
-- AUTO_INCREMENT for table `section`
--
ALTER TABLE `section`
  MODIFY `section_id` int(11) NOT NULL AUTO_INCREMENT, AUTO_INCREMENT=18;

--
-- AUTO_INCREMENT for table `section_online`
--
ALTER TABLE `section_online`
  MODIFY `section_online_id` int(11) NOT NULL AUTO_INCREMENT;

--
-- AUTO_INCREMENT for table `settings`
--
ALTER TABLE `settings`
  MODIFY `settings_id` int(11) NOT NULL AUTO_INCREMENT, AUTO_INCREMENT=87;

--
-- AUTO_INCREMENT for table `student`
--
ALTER TABLE `student`
  MODIFY `student_id` int(11) NOT NULL AUTO_INCREMENT, AUTO_INCREMENT=36;

--
-- AUTO_INCREMENT for table `students_request`
--
ALTER TABLE `students_request`
  MODIFY `request_id` int(11) NOT NULL AUTO_INCREMENT, AUTO_INCREMENT=2;

--
-- AUTO_INCREMENT for table `student_gamification`
--
ALTER TABLE `student_gamification`
  MODIFY `id` int(11) NOT NULL AUTO_INCREMENT, AUTO_INCREMENT=13;

--
-- AUTO_INCREMENT for table `subject`
--
ALTER TABLE `subject`
  MODIFY `subject_id` int(11) NOT NULL AUTO_INCREMENT, AUTO_INCREMENT=54;

--
-- AUTO_INCREMENT for table `teacher`
--
ALTER TABLE `teacher`
  MODIFY `teacher_id` int(11) NOT NULL AUTO_INCREMENT, AUTO_INCREMENT=11;

--
-- AUTO_INCREMENT for table `teacher_attendance`
--
ALTER TABLE `teacher_attendance`
  MODIFY `attendance_id` int(11) NOT NULL AUTO_INCREMENT, AUTO_INCREMENT=8;

--
-- AUTO_INCREMENT for table `team_conference`
--
ALTER TABLE `team_conference`
  MODIFY `team_conference_id` int(11) NOT NULL AUTO_INCREMENT, AUTO_INCREMENT=5;

--
-- AUTO_INCREMENT for table `ticket`
--
ALTER TABLE `ticket`
  MODIFY `ticket_id` int(11) NOT NULL AUTO_INCREMENT;

--
-- AUTO_INCREMENT for table `ticket_message`
--
ALTER TABLE `ticket_message`
  MODIFY `ticket_message_id` int(11) NOT NULL AUTO_INCREMENT;

--
-- AUTO_INCREMENT for table `transport`
--
ALTER TABLE `transport`
  MODIFY `transport_id` int(11) NOT NULL AUTO_INCREMENT, AUTO_INCREMENT=3;

--
-- AUTO_INCREMENT for table `zoom`
--
ALTER TABLE `zoom`
  MODIFY `zoom_id` int(11) NOT NULL AUTO_INCREMENT, AUTO_INCREMENT=5;
COMMIT;

/*!40101 SET CHARACTER_SET_CLIENT=@OLD_CHARACTER_SET_CLIENT */;
/*!40101 SET CHARACTER_SET_RESULTS=@OLD_CHARACTER_SET_RESULTS */;
/*!40101 SET COLLATION_CONNECTION=@OLD_COLLATION_CONNECTION */;
