-- phpMyAdmin SQL Dump
-- version 5.2.1
-- https://www.phpmyadmin.net/
--
-- Host: localhost:3306
-- Waktu pembuatan: 27 Jun 2024 pada 08.57
-- Versi server: 10.6.18-MariaDB-cll-lve
-- Versi PHP: 8.1.27

SET SQL_MODE = "NO_AUTO_VALUE_ON_ZERO";
START TRANSACTION;
SET time_zone = "+00:00";


/*!40101 SET @OLD_CHARACTER_SET_CLIENT=@@CHARACTER_SET_CLIENT */;
/*!40101 SET @OLD_CHARACTER_SET_RESULTS=@@CHARACTER_SET_RESULTS */;
/*!40101 SET @OLD_COLLATION_CONNECTION=@@COLLATION_CONNECTION */;
/*!40101 SET NAMES utf8mb4 */;

--
-- Database: `eduappgt_app`
--

-- --------------------------------------------------------

--
-- Struktur dari tabel `academic_settings`
--

CREATE TABLE `academic_settings` (
  `settings_id` int(100) NOT NULL,
  `type` longtext CHARACTER SET utf8mb3 COLLATE utf8mb3_unicode_ci DEFAULT NULL,
  `description` longtext CHARACTER SET utf8mb3 COLLATE utf8mb3_unicode_ci DEFAULT NULL
) ENGINE=MyISAM DEFAULT CHARSET=latin1 COLLATE=latin1_swedish_ci;

--
-- Dumping data untuk tabel `academic_settings`
--

INSERT INTO `academic_settings` (`settings_id`, `type`, `description`) VALUES
(2, 'report_teacher', '1'),
(3, 'minium_mark', '130'),
(22, 'tabulation', NULL),
(25, 'routine', '1'),
(1, 'limit_upload', ''),
(26, 'terms', ''),
(27, 'certificate_title', 'CERTIFICATE OF ARCHIEVEMENT'),
(28, 'certificate_subtitle', 'Awarded to'),
(29, 'certificate_text', 'for completing the course'),
(30, 'ceo_name', 'Sr. Example'),
(31, 'certificate_footer', 'Online Certificate of Approval'),
(32, 'location', 'Quetzaltenango, Guatemala, CA.'),
(33, 'certificate_style', '1'),
(34, 'ceo_signature', '7271cee9be1db14b9c4125872e69b77bCERTIFICADO DE alta costura_Mesa de trabajo 1.jpg');

-- --------------------------------------------------------

--
-- Struktur dari tabel `accountant`
--

CREATE TABLE `accountant` (
  `accountant_id` int(11) NOT NULL,
  `first_name` varchar(300) CHARACTER SET utf8mb3 COLLATE utf8mb3_unicode_ci NOT NULL,
  `email` varchar(300) CHARACTER SET utf8mb3 COLLATE utf8mb3_unicode_ci DEFAULT NULL,
  `password` varchar(300) CHARACTER SET utf8mb3 COLLATE utf8mb3_unicode_ci NOT NULL,
  `phone` varchar(300) CHARACTER SET utf8mb3 COLLATE utf8mb3_unicode_ci DEFAULT NULL,
  `address` varchar(300) CHARACTER SET utf8mb3 COLLATE utf8mb3_unicode_ci DEFAULT NULL,
  `username` varchar(300) CHARACTER SET utf8mb3 COLLATE utf8mb3_unicode_ci NOT NULL,
  `fb_token` longtext CHARACTER SET utf8mb3 COLLATE utf8mb3_unicode_ci DEFAULT NULL,
  `fb_id` longtext CHARACTER SET utf8mb3 COLLATE utf8mb3_unicode_ci DEFAULT NULL,
  `fb_photo` longtext CHARACTER SET utf8mb3 COLLATE utf8mb3_unicode_ci DEFAULT NULL,
  `fb_name` longtext CHARACTER SET utf8mb3 COLLATE utf8mb3_unicode_ci DEFAULT NULL,
  `g_oauth` longtext CHARACTER SET utf8mb3 COLLATE utf8mb3_unicode_ci DEFAULT NULL,
  `g_fname` longtext CHARACTER SET utf8mb3 COLLATE utf8mb3_unicode_ci DEFAULT NULL,
  `femail` longtext CHARACTER SET utf8mb3 COLLATE utf8mb3_unicode_ci DEFAULT NULL,
  `g_lname` longtext CHARACTER SET utf8mb3 COLLATE utf8mb3_unicode_ci DEFAULT NULL,
  `g_picture` longtext CHARACTER SET utf8mb3 COLLATE utf8mb3_unicode_ci DEFAULT NULL,
  `link` longtext CHARACTER SET utf8mb3 COLLATE utf8mb3_unicode_ci DEFAULT NULL,
  `g_email` longtext CHARACTER SET utf8mb3 COLLATE utf8mb3_unicode_ci DEFAULT NULL,
  `image` longtext CHARACTER SET utf8mb3 COLLATE utf8mb3_unicode_ci DEFAULT NULL,
  `last_name` varchar(200) CHARACTER SET utf8mb3 COLLATE utf8mb3_unicode_ci DEFAULT NULL,
  `gender` varchar(200) CHARACTER SET utf8mb3 COLLATE utf8mb3_unicode_ci DEFAULT NULL,
  `idcard` varchar(200) CHARACTER SET utf8mb3 COLLATE utf8mb3_unicode_ci DEFAULT NULL,
  `since` varchar(20) CHARACTER SET utf8mb3 COLLATE utf8mb3_unicode_ci DEFAULT NULL,
  `birthday` varchar(20) CHARACTER SET utf8mb3 COLLATE utf8mb3_unicode_ci DEFAULT NULL
) ENGINE=MyISAM DEFAULT CHARSET=latin1 COLLATE=latin1_swedish_ci;

-- --------------------------------------------------------

--
-- Struktur dari tabel `account_role`
--

CREATE TABLE `account_role` (
  `role_id` int(11) NOT NULL,
  `type` varchar(20) DEFAULT NULL,
  `permissions` int(10) DEFAULT 0
) ENGINE=InnoDB DEFAULT CHARSET=utf8mb3 COLLATE=utf8mb3_unicode_ci;

--
-- Dumping data untuk tabel `account_role`
--

INSERT INTO `account_role` (`role_id`, `type`, `permissions`) VALUES
(1, 'messages', 1),
(2, 'students', 1),
(3, 'academic', 1),
(4, 'polls', 1),
(5, 'news', 1),
(6, 'schedules', 1),
(7, 'admins', 1),
(8, 'accountants', 1),
(9, 'attendance', 1),
(10, 'notifications', 1),
(11, 'school_bus', 1),
(12, 'system_reports', 1),
(13, 'parents', 1),
(14, 'librarians', 1),
(15, 'calendar', 1),
(16, 'admissions', 1),
(17, 'classrooms', 1),
(18, 'academic_settings', 1),
(19, 'teachers', 1),
(20, 'library', 1),
(21, 'files', 1),
(22, 'behavior', 1),
(23, 'accounting', 1),
(24, 'settings', 1);

-- --------------------------------------------------------

--
-- Struktur dari tabel `activity_read`
--

CREATE TABLE `activity_read` (
  `actividy_read_id` int(11) NOT NULL,
  `student_id` int(11) DEFAULT NULL,
  `subject_activity_id` int(11) DEFAULT NULL,
  `class_id` int(11) DEFAULT NULL,
  `section_id` int(11) DEFAULT NULL,
  `year` varchar(50) CHARACTER SET utf8mb3 COLLATE utf8mb3_unicode_ci DEFAULT NULL,
  `subject_id` int(11) DEFAULT NULL,
  `activity_type` varchar(50) CHARACTER SET utf8mb3 COLLATE utf8mb3_unicode_ci DEFAULT NULL,
  `date` varchar(200) CHARACTER SET utf8mb3 COLLATE utf8mb3_unicode_ci DEFAULT NULL
) ENGINE=MyISAM DEFAULT CHARSET=latin1 COLLATE=latin1_swedish_ci;

-- --------------------------------------------------------

--
-- Struktur dari tabel `admin`
--

CREATE TABLE `admin` (
  `admin_id` int(11) NOT NULL,
  `first_name` varchar(200) NOT NULL,
  `last_name` varchar(200) NOT NULL,
  `email` longtext NOT NULL,
  `password` longtext NOT NULL,
  `phone` longtext NOT NULL,
  `address` longtext NOT NULL,
  `owner_status` int(11) NOT NULL DEFAULT 0 COMMENT '1 owner, 0 not owner',
  `username` longtext NOT NULL,
  `status` int(11) DEFAULT 1,
  `birthday` varchar(20) NOT NULL,
  `authentication_key` varchar(600) DEFAULT NULL,
  `fb_token` varchar(500) DEFAULT NULL,
  `fb_id` varchar(500) DEFAULT NULL,
  `fb_photo` varchar(500) DEFAULT NULL,
  `fb_name` varchar(500) DEFAULT NULL,
  `g_oauth` varchar(500) DEFAULT NULL,
  `g_fname` varchar(500) DEFAULT NULL,
  `femail` varchar(500) DEFAULT NULL,
  `g_lname` varchar(500) DEFAULT NULL,
  `g_picture` varchar(500) DEFAULT NULL,
  `link` varchar(500) DEFAULT NULL,
  `g_email` varchar(500) DEFAULT NULL,
  `gender` varchar(200) DEFAULT NULL,
  `image` longtext DEFAULT NULL,
  `idcard` varchar(200) DEFAULT NULL,
  `profession` varchar(200) DEFAULT NULL,
  `since` varchar(200) DEFAULT NULL
) ENGINE=MyISAM DEFAULT CHARSET=utf8mb3 COLLATE=utf8mb3_unicode_ci;

--
-- Dumping data untuk tabel `admin`
--

INSERT INTO `admin` (`admin_id`, `first_name`, `last_name`, `email`, `password`, `phone`, `address`, `owner_status`, `username`, `status`, `birthday`, `authentication_key`, `fb_token`, `fb_id`, `fb_photo`, `fb_name`, `g_oauth`, `g_fname`, `femail`, `g_lname`, `g_picture`, `link`, `g_email`, `gender`, `image`, `idcard`, `profession`, `since`) VALUES
(1, 'Mr.', 'Admin', 'demo@demo.com', '489be58dc38286ace622471f8ca9e67b52bb5a26', '000000', 'Ciudad de Guatemala, Guatemala', 1, 'admin', 1, '01/04/1994', NULL, NULL, NULL, NULL, NULL, NULL, NULL, NULL, NULL, NULL, NULL, NULL, NULL, '5867d8845d426ad17b0bc109c4ebc6eeavatar1.jpg', '00000000', 'Enginner', '21 Feb, 2019'),
(2, 'PRUEBA', 'PRUEBA 2', '', 'c49868c59d03dc485ba93e03aa1dc1f7922a582c', '', '', 0, 'PRUEBA', 1, '', NULL, NULL, NULL, NULL, NULL, NULL, NULL, NULL, NULL, NULL, NULL, NULL, NULL, 'e1e43848ebd51dae6a0e2314e53ff236', NULL, NULL, '13/05/2024');

-- --------------------------------------------------------

--
-- Struktur dari tabel `attendance`
--

CREATE TABLE `attendance` (
  `attendance_id` int(11) NOT NULL,
  `timestamp` longtext NOT NULL,
  `year` longtext NOT NULL,
  `class_id` int(11) NOT NULL,
  `section_id` int(11) NOT NULL,
  `student_id` int(11) NOT NULL,
  `status` int(11) NOT NULL DEFAULT 1 COMMENT '0(undefined) 1(present) 2(absent)',
  `subject_id` int(11) DEFAULT NULL,
  `time` varchar(250) DEFAULT NULL
) ENGINE=InnoDB DEFAULT CHARSET=utf8mb3 COLLATE=utf8mb3_unicode_ci;

--
-- Dumping data untuk tabel `attendance`
--

INSERT INTO `attendance` (`attendance_id`, `timestamp`, `year`, `class_id`, `section_id`, `student_id`, `status`, `subject_id`, `time`) VALUES
(2, '1712692800', '2024', 2, 2, 3, 1, 17, NULL),
(3, '1712692800', '2024', 2, 2, 4, 1, 17, NULL),
(4, '1712692800', '2024', 2, 2, 5, 1, 17, NULL),
(5, '1712692800', '2024', 2, 2, 6, 1, 17, NULL),
(6, '1712692800', '2024', 2, 2, 7, 1, 17, NULL),
(7, '1712692800', '2024', 2, 2, 8, 1, 17, NULL),
(8, '1712692800', '2024', 2, 2, 9, 1, 17, NULL),
(9, '1712692800', '2024', 2, 2, 10, 1, 17, NULL),
(10, '1712692800', '2024', 2, 2, 11, 1, 17, NULL),
(11, '1712692800', '2024', 2, 2, 12, 1, 17, NULL),
(12, '1712692800', '2024', 2, 2, 13, 1, 17, NULL),
(13, '1712692800', '2024', 2, 2, 14, 1, 17, NULL),
(14, '1712692800', '2024', 2, 2, 15, 1, 17, NULL),
(15, '1712692800', '2024', 2, 2, 16, 1, 17, NULL),
(16, '1712692800', '2024', 2, 2, 17, 1, 17, NULL),
(17, '1712692800', '2024', 2, 2, 18, 1, 17, NULL),
(18, '1712664000', '2024', 2, 2, 17, 1, 17, '09:00:01'),
(19, '1712638800', '2024', 2, 2, 6, 1, 17, '16:42:20'),
(20, '1712646000', '2024', 2, 2, 6, 1, 17, '14:46:30'),
(21, '1712725200', '2024', 2, 2, 3, 1, 17, NULL),
(22, '1712725200', '2024', 2, 2, 4, 1, 17, NULL),
(23, '1712725200', '2024', 2, 2, 5, 1, 17, NULL),
(24, '1712725200', '2024', 2, 2, 6, 1, 17, NULL),
(25, '1712725200', '2024', 2, 2, 7, 1, 17, NULL),
(26, '1712725200', '2024', 2, 2, 8, 1, 17, NULL),
(27, '1712725200', '2024', 2, 2, 9, 1, 17, NULL),
(28, '1712725200', '2024', 2, 2, 10, 1, 17, NULL),
(29, '1712725200', '2024', 2, 2, 11, 1, 17, NULL),
(30, '1712725200', '2024', 2, 2, 12, 1, 17, NULL),
(31, '1712725200', '2024', 2, 2, 13, 1, 17, NULL),
(32, '1712725200', '2024', 2, 2, 14, 1, 17, NULL),
(33, '1712725200', '2024', 2, 2, 15, 1, 17, NULL),
(34, '1712725200', '2024', 2, 2, 16, 1, 17, NULL),
(35, '1712725200', '2024', 2, 2, 17, 1, 17, NULL),
(36, '1712725200', '2024', 2, 2, 18, 1, 17, NULL),
(37, '1714366800', '2024', 2, 2, 3, 1, 2, NULL),
(38, '1714366800', '2024', 2, 2, 4, 1, 2, NULL),
(39, '1714366800', '2024', 2, 2, 5, 1, 2, NULL),
(40, '1714366800', '2024', 2, 2, 6, 1, 2, NULL),
(41, '1714366800', '2024', 2, 2, 7, 1, 2, NULL),
(42, '1714366800', '2024', 2, 2, 8, 1, 2, NULL),
(43, '1714366800', '2024', 2, 2, 9, 1, 2, NULL),
(44, '1714366800', '2024', 2, 2, 10, 1, 2, NULL),
(45, '1714366800', '2024', 2, 2, 11, 1, 2, NULL),
(46, '1714366800', '2024', 2, 2, 12, 1, 2, NULL),
(47, '1714366800', '2024', 2, 2, 13, 1, 2, NULL),
(48, '1714366800', '2024', 2, 2, 14, 1, 2, NULL),
(49, '1714366800', '2024', 2, 2, 15, 1, 2, NULL),
(50, '1714366800', '2024', 2, 2, 16, 1, 2, NULL),
(51, '1714366800', '2024', 2, 2, 17, 1, 2, NULL),
(52, '1714366800', '2024', 2, 2, 18, 1, 2, NULL),
(53, '1714453200', '2024', 2, 2, 3, 1, 17, NULL),
(54, '1714453200', '2024', 2, 2, 4, 1, 17, NULL),
(55, '1714453200', '2024', 2, 2, 5, 1, 17, NULL),
(56, '1714453200', '2024', 2, 2, 6, 1, 17, NULL),
(57, '1714453200', '2024', 2, 2, 7, 1, 17, NULL),
(58, '1714453200', '2024', 2, 2, 8, 1, 17, NULL),
(59, '1714453200', '2024', 2, 2, 9, 1, 17, NULL),
(60, '1714453200', '2024', 2, 2, 10, 1, 17, NULL),
(61, '1714453200', '2024', 2, 2, 11, 1, 17, NULL),
(62, '1714453200', '2024', 2, 2, 12, 1, 17, NULL),
(63, '1714453200', '2024', 2, 2, 13, 1, 17, NULL),
(64, '1714453200', '2024', 2, 2, 14, 1, 17, NULL),
(65, '1714453200', '2024', 2, 2, 15, 1, 17, NULL),
(66, '1714453200', '2024', 2, 2, 16, 1, 17, NULL),
(67, '1714453200', '2024', 2, 2, 17, 1, 17, NULL),
(68, '1714453200', '2024', 2, 2, 18, 1, 17, NULL),
(69, '1714485600', '2024', 2, 2, 3, 1, 17, NULL),
(70, '1714485600', '2024', 2, 2, 4, 1, 17, NULL),
(71, '1714485600', '2024', 2, 2, 5, 1, 17, NULL),
(72, '1714485600', '2024', 2, 2, 6, 1, 17, NULL),
(73, '1714485600', '2024', 2, 2, 7, 1, 17, NULL),
(74, '1714485600', '2024', 2, 2, 8, 1, 17, NULL),
(75, '1714485600', '2024', 2, 2, 9, 1, 17, NULL),
(76, '1714485600', '2024', 2, 2, 10, 1, 17, NULL),
(77, '1714485600', '2024', 2, 2, 11, 1, 17, NULL),
(78, '1714485600', '2024', 2, 2, 12, 1, 17, NULL),
(79, '1714485600', '2024', 2, 2, 13, 1, 17, NULL),
(80, '1714485600', '2024', 2, 2, 14, 1, 17, NULL),
(81, '1714485600', '2024', 2, 2, 15, 1, 17, NULL),
(82, '1714485600', '2024', 2, 2, 16, 1, 17, NULL),
(83, '1714485600', '2024', 2, 2, 17, 1, 17, NULL),
(84, '1714485600', '2024', 2, 2, 18, 1, 17, NULL),
(85, '1714626000', '2024', 2, 2, 3, 1, 17, NULL),
(86, '1714626000', '2024', 2, 2, 4, 1, 17, NULL),
(87, '1714626000', '2024', 2, 2, 5, 1, 17, NULL),
(88, '1714626000', '2024', 2, 2, 6, 1, 17, NULL),
(89, '1714626000', '2024', 2, 2, 7, 1, 17, NULL),
(90, '1714626000', '2024', 2, 2, 8, 1, 17, NULL),
(91, '1714626000', '2024', 2, 2, 9, 1, 17, NULL),
(92, '1714626000', '2024', 2, 2, 10, 1, 17, NULL),
(93, '1714626000', '2024', 2, 2, 11, 1, 17, NULL),
(94, '1714626000', '2024', 2, 2, 12, 1, 17, NULL),
(95, '1714626000', '2024', 2, 2, 13, 1, 17, NULL),
(96, '1714626000', '2024', 2, 2, 14, 1, 17, NULL),
(97, '1714626000', '2024', 2, 2, 15, 1, 17, NULL),
(98, '1714626000', '2024', 2, 2, 16, 1, 17, NULL),
(99, '1714626000', '2024', 2, 2, 17, 1, 17, NULL),
(100, '1714626000', '2024', 2, 2, 18, 1, 17, NULL),
(101, '1715403600', '2024', 2, 2, 3, 2, 17, NULL),
(102, '1715403600', '2024', 2, 2, 4, 1, 17, NULL),
(103, '1715403600', '2024', 2, 2, 5, 1, 17, NULL),
(104, '1715403600', '2024', 2, 2, 6, 1, 17, NULL),
(105, '1715403600', '2024', 2, 2, 7, 1, 17, NULL),
(106, '1715403600', '2024', 2, 2, 8, 1, 17, NULL),
(107, '1715403600', '2024', 2, 2, 9, 1, 17, NULL),
(108, '1715403600', '2024', 2, 2, 10, 1, 17, NULL),
(109, '1715403600', '2024', 2, 2, 11, 1, 17, NULL),
(110, '1715403600', '2024', 2, 2, 12, 1, 17, NULL),
(111, '1715403600', '2024', 2, 2, 13, 1, 17, NULL),
(112, '1715403600', '2024', 2, 2, 14, 1, 17, NULL),
(113, '1715403600', '2024', 2, 2, 15, 1, 17, NULL),
(114, '1715403600', '2024', 2, 2, 16, 1, 17, NULL),
(115, '1715403600', '2024', 2, 2, 17, 1, 17, NULL),
(116, '1715403600', '2024', 2, 2, 18, 1, 17, NULL),
(117, '1715317200', '2024', 2, 2, 3, 3, 17, NULL),
(118, '1715317200', '2024', 2, 2, 4, 1, 17, NULL),
(119, '1715317200', '2024', 2, 2, 5, 1, 17, NULL),
(120, '1715317200', '2024', 2, 2, 6, 1, 17, NULL),
(121, '1715317200', '2024', 2, 2, 7, 1, 17, NULL),
(122, '1715317200', '2024', 2, 2, 8, 1, 17, NULL),
(123, '1715317200', '2024', 2, 2, 9, 1, 17, NULL),
(124, '1715317200', '2024', 2, 2, 10, 1, 17, NULL),
(125, '1715317200', '2024', 2, 2, 11, 1, 17, NULL),
(126, '1715317200', '2024', 2, 2, 12, 1, 17, NULL),
(127, '1715317200', '2024', 2, 2, 13, 1, 17, NULL),
(128, '1715317200', '2024', 2, 2, 14, 1, 17, NULL),
(129, '1715317200', '2024', 2, 2, 15, 1, 17, NULL),
(130, '1715317200', '2024', 2, 2, 16, 1, 17, NULL),
(131, '1715317200', '2024', 2, 2, 17, 1, 17, NULL),
(132, '1715317200', '2024', 2, 2, 18, 1, 17, NULL),
(133, '1719032400', '2024', 2, 2, 3, 1, 17, NULL),
(134, '1719032400', '2024', 2, 2, 4, 1, 17, NULL),
(135, '1719032400', '2024', 2, 2, 5, 1, 17, NULL),
(136, '1719032400', '2024', 2, 2, 6, 1, 17, NULL),
(137, '1719032400', '2024', 2, 2, 7, 1, 17, NULL),
(138, '1719032400', '2024', 2, 2, 8, 1, 17, NULL),
(139, '1719032400', '2024', 2, 2, 9, 1, 17, NULL),
(140, '1719032400', '2024', 2, 2, 10, 1, 17, NULL),
(141, '1719032400', '2024', 2, 2, 11, 1, 17, NULL),
(142, '1719032400', '2024', 2, 2, 12, 1, 17, NULL),
(143, '1719032400', '2024', 2, 2, 13, 1, 17, NULL),
(144, '1719032400', '2024', 2, 2, 14, 1, 17, NULL),
(145, '1719032400', '2024', 2, 2, 15, 1, 17, NULL),
(146, '1719032400', '2024', 2, 2, 16, 1, 17, NULL),
(147, '1719032400', '2024', 2, 2, 17, 1, 17, NULL),
(148, '1719032400', '2024', 2, 2, 18, 1, 17, NULL),
(149, '1718946000', '2024', 2, 2, 3, 1, 17, NULL),
(150, '1718946000', '2024', 2, 2, 4, 1, 17, NULL),
(151, '1718946000', '2024', 2, 2, 5, 1, 17, NULL),
(152, '1718946000', '2024', 2, 2, 6, 1, 17, NULL),
(153, '1718946000', '2024', 2, 2, 7, 1, 17, NULL),
(154, '1718946000', '2024', 2, 2, 8, 1, 17, NULL),
(155, '1718946000', '2024', 2, 2, 9, 1, 17, NULL),
(156, '1718946000', '2024', 2, 2, 10, 1, 17, NULL),
(157, '1718946000', '2024', 2, 2, 11, 1, 17, NULL),
(158, '1718946000', '2024', 2, 2, 12, 1, 17, NULL),
(159, '1718946000', '2024', 2, 2, 13, 1, 17, NULL),
(160, '1718946000', '2024', 2, 2, 14, 1, 17, NULL),
(161, '1718946000', '2024', 2, 2, 15, 1, 17, NULL),
(162, '1718946000', '2024', 2, 2, 16, 1, 17, NULL),
(163, '1718946000', '2024', 2, 2, 17, 1, 17, NULL),
(164, '1718946000', '2024', 2, 2, 18, 1, 17, NULL),
(165, '1719205200', '2024', 2, 2, 3, 1, 17, NULL),
(166, '1719205200', '2024', 2, 2, 4, 1, 17, NULL),
(167, '1719205200', '2024', 2, 2, 5, 1, 17, NULL),
(168, '1719205200', '2024', 2, 2, 6, 1, 17, NULL),
(169, '1719205200', '2024', 2, 2, 7, 1, 17, NULL),
(170, '1719205200', '2024', 2, 2, 8, 1, 17, NULL),
(171, '1719205200', '2024', 2, 2, 9, 1, 17, NULL),
(172, '1719205200', '2024', 2, 2, 10, 1, 17, NULL),
(173, '1719205200', '2024', 2, 2, 11, 1, 17, NULL),
(174, '1719205200', '2024', 2, 2, 12, 1, 17, NULL),
(175, '1719205200', '2024', 2, 2, 13, 1, 17, NULL),
(176, '1719205200', '2024', 2, 2, 14, 1, 17, NULL),
(177, '1719205200', '2024', 2, 2, 15, 1, 17, NULL),
(178, '1719205200', '2024', 2, 2, 16, 1, 17, NULL),
(179, '1719205200', '2024', 2, 2, 17, 1, 17, NULL),
(180, '1719205200', '2024', 2, 2, 18, 1, 17, NULL),
(181, '1718600400', '2024', 2, 2, 3, 1, 17, NULL),
(182, '1718600400', '2024', 2, 2, 4, 1, 17, NULL),
(183, '1718600400', '2024', 2, 2, 5, 1, 17, NULL),
(184, '1718600400', '2024', 2, 2, 6, 1, 17, NULL),
(185, '1718600400', '2024', 2, 2, 7, 1, 17, NULL),
(186, '1718600400', '2024', 2, 2, 8, 1, 17, NULL),
(187, '1718600400', '2024', 2, 2, 9, 1, 17, NULL),
(188, '1718600400', '2024', 2, 2, 10, 1, 17, NULL),
(189, '1718600400', '2024', 2, 2, 11, 1, 17, NULL),
(190, '1718600400', '2024', 2, 2, 12, 1, 17, NULL),
(191, '1718600400', '2024', 2, 2, 13, 1, 17, NULL),
(192, '1718600400', '2024', 2, 2, 14, 1, 17, NULL),
(193, '1718600400', '2024', 2, 2, 15, 1, 17, NULL),
(194, '1718600400', '2024', 2, 2, 16, 1, 17, NULL),
(195, '1718600400', '2024', 2, 2, 17, 1, 17, NULL),
(196, '1718600400', '2024', 2, 2, 18, 1, 17, NULL);

-- --------------------------------------------------------

--
-- Struktur dari tabel `attendance_live`
--

CREATE TABLE `attendance_live` (
  `id` int(11) NOT NULL,
  `live_id` int(11) DEFAULT NULL,
  `student_id` int(11) DEFAULT NULL,
  `date` varchar(600) CHARACTER SET utf8mb3 COLLATE utf8mb3_unicode_ci DEFAULT NULL,
  `year` int(11) DEFAULT NULL
) ENGINE=MyISAM DEFAULT CHARSET=latin1 COLLATE=latin1_swedish_ci;

--
-- Dumping data untuk tabel `attendance_live`
--

INSERT INTO `attendance_live` (`id`, `live_id`, `student_id`, `date`, `year`) VALUES
(1, 3, 3, '29/04/2024 12:37 PM', NULL),
(2, 4, 3, '29/04/2024 12:46 PM', NULL);

-- --------------------------------------------------------

--
-- Struktur dari tabel `boards`
--

CREATE TABLE `boards` (
  `board_id` int(11) NOT NULL,
  `class_id` int(11) DEFAULT NULL,
  `subject_id` int(11) DEFAULT NULL,
  `section_id` int(11) DEFAULT NULL,
  `board_data` longtext CHARACTER SET utf8mb4 COLLATE utf8mb4_unicode_ci DEFAULT NULL,
  `year` varchar(50) DEFAULT NULL,
  `date` varchar(200) DEFAULT NULL,
  `board_title` varchar(600) CHARACTER SET utf8mb4 COLLATE utf8mb4_unicode_ci DEFAULT NULL
) ENGINE=MyISAM DEFAULT CHARSET=latin1 COLLATE=latin1_swedish_ci;

-- --------------------------------------------------------

--
-- Struktur dari tabel `book`
--

CREATE TABLE `book` (
  `book_id` int(11) NOT NULL,
  `name` longtext NOT NULL,
  `description` longtext NOT NULL,
  `author` longtext NOT NULL,
  `class_id` longtext NOT NULL,
  `price` longtext NOT NULL,
  `status` longtext NOT NULL,
  `type` varchar(60) DEFAULT NULL,
  `file_name` longtext DEFAULT NULL,
  `year` varchar(200) DEFAULT NULL,
  `total_copies` int(11) DEFAULT NULL,
  `issued_copies` int(11) DEFAULT NULL
) ENGINE=InnoDB DEFAULT CHARSET=utf8mb3 COLLATE=utf8mb3_unicode_ci;

-- --------------------------------------------------------

--
-- Struktur dari tabel `book_request`
--

CREATE TABLE `book_request` (
  `book_request_id` int(11) NOT NULL,
  `book_id` int(11) DEFAULT NULL,
  `student_id` int(11) DEFAULT NULL,
  `issue_start_date` longtext DEFAULT NULL,
  `issue_end_date` longtext DEFAULT NULL,
  `status` int(11) DEFAULT NULL
) ENGINE=InnoDB DEFAULT CHARSET=utf8mb3 COLLATE=utf8mb3_unicode_ci;

--
-- Dumping data untuk tabel `book_request`
--

INSERT INTO `book_request` (`book_request_id`, `book_id`, `student_id`, `issue_start_date`, `issue_end_date`, `status`) VALUES
(1, 2, 3, '1713416400', '1713416400', 1),
(2, 2, 3, '1713416400', '1713416400', 1),
(3, 2, 3, '1713416400', '1713416400', 1),
(4, 2, 3, '1713416400', '1713416400', 1);

-- --------------------------------------------------------

--
-- Struktur dari tabel `ci_sessions`
--

CREATE TABLE `ci_sessions` (
  `id` varchar(40) NOT NULL,
  `ip_address` varchar(45) NOT NULL,
  `timestamp` int(10) UNSIGNED NOT NULL DEFAULT 0,
  `data` blob NOT NULL
) ENGINE=InnoDB DEFAULT CHARSET=utf8mb3 COLLATE=utf8mb3_unicode_ci;

--
-- Dumping data untuk tabel `ci_sessions`
--

INSERT INTO `ci_sessions` (`id`, `ip_address`, `timestamp`, `data`) VALUES
('00270b568ab9dc5f4e184b330d6f8ce03a40e93e', '199.244.88.225', 1719482495, 0x5f5f63695f6c6173745f726567656e65726174657c693a313731393438323439353b),
('002e26f4ab01660041bf442bcbfb85d3a3ed7ce5', '190.92.217.43', 1718903009, 0x5f5f63695f6c6173745f726567656e65726174657c693a313731383930333030393b),
('01ee9beaccaea9997346b4f08aec63b2446275f5', '23.106.249.53', 1719420033, 0x5f5f63695f6c6173745f726567656e65726174657c693a313731393432303033333b4642524c485f73746174657c733a33323a226636336337373736626264316461383464313838356663626361383865663462223b73747564656e745f6c6f67696e7c733a313a2231223b73747564656e745f69647c733a323a223132223b6c6f67696e5f757365725f69647c733a323a223132223b6e616d657c733a31343a22414e445245412056414c45524941223b6c6f67696e5f747970657c733a373a2273747564656e74223b),
('02101cb47244f21614fa8ac203621dc1eeac653f', '43.134.44.82', 1718877325, 0x5f5f63695f6c6173745f726567656e65726174657c693a313731383837373332353b),
('028a0d9099189ebc90a77778582f3d6e56d8cc8e', '179.6.136.107', 1719408833, 0x5f5f63695f6c6173745f726567656e65726174657c693a313731393430383833333b4642524c485f73746174657c733a33323a223731303665336330356561323261366464353137656332396564386539656363223b61646d696e5f6c6f67696e7c733a313a2231223b61646d696e5f69647c733a313a2232223b6c6f67696e5f757365725f69647c733a313a2232223b6e616d657c733a363a22505255454241223b6c6f67696e5f747970657c733a353a2261646d696e223b),
('036cac40202e987e581af0d9d9d99efa637268d5', '179.6.7.5', 1719259857, 0x5f5f63695f6c6173745f726567656e65726174657c693a313731393235393835373b4642524c485f73746174657c733a33323a223961653864396466383465323733646666323832613033396263393937396637223b61646d696e5f6c6f67696e7c733a313a2231223b61646d696e5f69647c733a313a2231223b6c6f67696e5f757365725f69647c733a313a2231223b6e616d657c733a333a224d722e223b6c6f67696e5f747970657c733a353a2261646d696e223b),
('039b15cd35265df0cab49b001e73f5508fb59b6a', '51.222.253.20', 1718842578, 0x5f5f63695f6c6173745f726567656e65726174657c693a313731383834323537383b),
('045bab76b08e5b193ac80c6b48161d32e976afe1', '177.91.255.230', 1719455162, 0x5f5f63695f6c6173745f726567656e65726174657c693a313731393435353136323b4642524c485f73746174657c733a33323a226335643234643134646530663764626534303465633834633136643537333566223b61646d696e5f6c6f67696e7c733a313a2231223b61646d696e5f69647c733a313a2231223b6c6f67696e5f757365725f69647c733a313a2231223b6e616d657c733a333a224d722e223b6c6f67696e5f747970657c733a353a2261646d696e223b),
('048bdb1e8db140a96a8425e4ec600e792551f8d6', '36.99.136.137', 1719441104, 0x5f5f63695f6c6173745f726567656e65726174657c693a313731393434313130343b),
('0518c675174caea0fe1ee4383e5cfc5f8d93f7cb', '179.6.7.5', 1719357542, 0x5f5f63695f6c6173745f726567656e65726174657c693a313731393335373534323b4642524c485f73746174657c733a33323a223961653864396466383465323733646666323832613033396263393937396637223b61646d696e5f6c6f67696e7c733a313a2231223b61646d696e5f69647c733a313a2231223b6c6f67696e5f757365725f69647c733a313a2231223b6e616d657c733a333a224d722e223b6c6f67696e5f747970657c733a353a2261646d696e223b),
('0543d80bf150ee28d1c69ce6f66871284ec8870b', '23.106.249.53', 1719420450, 0x5f5f63695f6c6173745f726567656e65726174657c693a313731393432303435303b4642524c485f73746174657c733a33323a226636336337373736626264316461383464313838356663626361383865663462223b73747564656e745f6c6f67696e7c733a313a2231223b73747564656e745f69647c733a323a223132223b6c6f67696e5f757365725f69647c733a323a223132223b6e616d657c733a31343a22414e445245412056414c45524941223b6c6f67696e5f747970657c733a373a2273747564656e74223b),
('060606fb78b6593d4444b4f1c76652cae5de7482', '164.90.228.79', 1719457602, 0x5f5f63695f6c6173745f726567656e65726174657c693a313731393435373630323b),
('082c10787c40a85dae66dabc12c1c75fda55de1d', '179.6.7.5', 1719262508, 0x5f5f63695f6c6173745f726567656e65726174657c693a313731393236323530383b4642524c485f73746174657c733a33323a223961653864396466383465323733646666323832613033396263393937396637223b61646d696e5f6c6f67696e7c733a313a2231223b61646d696e5f69647c733a313a2231223b6c6f67696e5f757365725f69647c733a313a2231223b6e616d657c733a333a224d722e223b6c6f67696e5f747970657c733a353a2261646d696e223b666c6173685f6d6573736167657c733a33323a22496e666f726d616369c3b36e20616772656761646120636f6e20c3a97869746f223b5f5f63695f766172737c613a313a7b733a31333a22666c6173685f6d657373616765223b733a333a226f6c64223b7d),
('0842fa895d0a2ef10768702a022a4ef497fbd2c9', '147.182.149.66', 1719218755, 0x5f5f63695f6c6173745f726567656e65726174657c693a313731393231383735353b),
('09512b807f75e5bddbadc1bbdc029a16bdbd3b7c', '168.119.104.209', 1719423006, 0x5f5f63695f6c6173745f726567656e65726174657c693a313731393432333030363b),
('0a16e5a54d89d1a4eb558b2b84e33216d7c7873a', '43.133.39.27', 1719160098, 0x5f5f63695f6c6173745f726567656e65726174657c693a313731393136303039383b),
('0a7736ef6f940a965337809683c895ac5048fc6a', '49.51.206.130', 1718787221, 0x5f5f63695f6c6173745f726567656e65726174657c693a313731383738373232313b),
('0b2273309ce7093e958c3391ee29e2013057406f', '167.94.138.39', 1719494900, 0x5f5f63695f6c6173745f726567656e65726174657c693a313731393439343930303b),
('0d5f920edfc3202828ed36878673c7da01eefffc', '179.6.7.5', 1719249745, 0x5f5f63695f6c6173745f726567656e65726174657c693a313731393234393734353b4642524c485f73746174657c733a33323a223434356361346164393531613733663331616266626362323533613137333232223b61646d696e5f6c6f67696e7c733a313a2231223b61646d696e5f69647c733a313a2231223b6c6f67696e5f757365725f69647c733a313a2231223b6e616d657c733a333a224d722e223b6c6f67696e5f747970657c733a353a2261646d696e223b),
('0e2a04abe0dd17994757eece92d63cd0058c8096', '54.88.179.33', 1719020117, 0x5f5f63695f6c6173745f726567656e65726174657c693a313731393032303131373b),
('0e6e88ab35204468487f4cf676471ec279cc6a65', '51.222.253.4', 1718712977, 0x5f5f63695f6c6173745f726567656e65726174657c693a313731383731323937373b),
('0ebc1a5d62a75c2a5227d3726bb43d692beb1ad7', '179.6.7.5', 1719272813, 0x5f5f63695f6c6173745f726567656e65726174657c693a313731393237323831333b4642524c485f73746174657c733a33323a223961653864396466383465323733646666323832613033396263393937396637223b61646d696e5f6c6f67696e7c733a313a2231223b61646d696e5f69647c733a313a2231223b6c6f67696e5f757365725f69647c733a313a2231223b6e616d657c733a333a224d722e223b6c6f67696e5f747970657c733a353a2261646d696e223b),
('0f344346b75c2e9700056484a61def643891b902', '36.74.45.214', 1719472666, 0x5f5f63695f6c6173745f726567656e65726174657c693a313731393437323636363b6c6173745f706167657c733a36313a2268747470733a2f2f6e617a61726574686e65742e636f6d2f696e6465782e7068702f61646d696e2f6f6e6c696e655f6578616d732f4d69307a4c54497a223b4642524c485f73746174657c733a33323a223835653235373333613465613634343330616666363963643930336233303339223b61646d696e5f6c6f67696e7c733a313a2231223b61646d696e5f69647c733a313a2232223b6c6f67696e5f757365725f69647c733a313a2232223b6e616d657c733a363a22505255454241223b6c6f67696e5f747970657c733a353a2261646d696e223b),
('0f662323cc13916f2fa6ea9b471dc04ad0f75a8a', '207.46.13.168', 1718637158, 0x5f5f63695f6c6173745f726567656e65726174657c693a313731383633373135383b),
('0fad38f1e376b11b96f76301060cd0e097ea48c7', '36.74.45.214', 1719374078, 0x5f5f63695f6c6173745f726567656e65726174657c693a313731393337343037383b4642524c485f73746174657c733a33323a226232616633363232303336346531656264623435346431323036326465346334223b61646d696e5f6c6f67696e7c733a313a2231223b61646d696e5f69647c733a313a2232223b6c6f67696e5f757365725f69647c733a313a2232223b6e616d657c733a363a22505255454241223b6c6f67696e5f747970657c733a353a2261646d696e223b),
('0ffc7de2390318d54d520ac22a600d4108769fda', '195.201.174.92', 1719356790, 0x5f5f63695f6c6173745f726567656e65726174657c693a313731393335363739303b),
('10c00e7d8a91fdb1cc81b24ad4734a3bc60a85e9', '177.91.255.230', 1719165911, 0x5f5f63695f6c6173745f726567656e65726174657c693a313731393136353931313b),
('10fddc6a781258d2a5feced8594d752bcffd4ae8', '43.156.97.22', 1719201343, 0x5f5f63695f6c6173745f726567656e65726174657c693a313731393230313334333b),
('124332949d526ea38d52bd1bb6ba34d461ade48a', '34.220.219.105', 1718704640, 0x5f5f63695f6c6173745f726567656e65726174657c693a313731383730343634303b),
('12a1a4e6272e7d85e45e3d02cc2ae13e7a361d76', '43.130.32.224', 1719270922, 0x5f5f63695f6c6173745f726567656e65726174657c693a313731393237303932323b),
('13a7d357123b9766eb2a35448a834ef199ff5463', '66.249.70.136', 1719032738, 0x5f5f63695f6c6173745f726567656e65726174657c693a313731393033323733383b),
('13f13d0974b8d10590f8f96b1d04ae9f95933848', '64.227.139.226', 1718922972, 0x5f5f63695f6c6173745f726567656e65726174657c693a313731383932323937323b),
('1497c630059837e8c81a285a3d78c0d778b76c6d', '46.4.33.48', 1719277725, 0x5f5f63695f6c6173745f726567656e65726174657c693a313731393237373732353b),
('14a0335ca5be734c2573878b4de31d0c69bbed82', '179.6.7.5', 1719449803, 0x5f5f63695f6c6173745f726567656e65726174657c693a313731393434393830333b4642524c485f73746174657c733a33323a223961653864396466383465323733646666323832613033396263393937396637223b61646d696e5f6c6f67696e7c733a313a2231223b61646d696e5f69647c733a313a2231223b6c6f67696e5f757365725f69647c733a313a2231223b6e616d657c733a333a224d722e223b6c6f67696e5f747970657c733a353a2261646d696e223b),
('161ed197f7d2603f04af16cfc96f29f467d5bdce', '179.6.7.5', 1719270917, 0x5f5f63695f6c6173745f726567656e65726174657c693a313731393237303931373b4642524c485f73746174657c733a33323a223961653864396466383465323733646666323832613033396263393937396637223b61646d696e5f6c6f67696e7c733a313a2231223b61646d696e5f69647c733a313a2231223b6c6f67696e5f757365725f69647c733a313a2231223b6e616d657c733a333a224d722e223b6c6f67696e5f747970657c733a353a2261646d696e223b),
('169e1cebc4d0f03342484fe258b26f6cc5354030', '23.106.249.34', 1719422187, 0x5f5f63695f6c6173745f726567656e65726174657c693a313731393432323138373b4642524c485f73746174657c733a33323a226636336337373736626264316461383464313838356663626361383865663462223b73747564656e745f6c6f67696e7c733a313a2231223b73747564656e745f69647c733a323a223132223b6c6f67696e5f757365725f69647c733a323a223132223b6e616d657c733a31343a22414e445245412056414c45524941223b6c6f67696e5f747970657c733a373a2273747564656e74223b),
('17ed5aef4a8bd728c86a4658c027e8113d8f2b78', '179.6.7.5', 1719254063, 0x5f5f63695f6c6173745f726567656e65726174657c693a313731393235343036333b4642524c485f73746174657c733a33323a223434356361346164393531613733663331616266626362323533613137333232223b61646d696e5f6c6f67696e7c733a313a2231223b61646d696e5f69647c733a313a2231223b6c6f67696e5f757365725f69647c733a313a2231223b6e616d657c733a333a224d722e223b6c6f67696e5f747970657c733a353a2261646d696e223b),
('17fd0a21be9c46c278cf1b16b08160baaea7d465', '43.134.240.57', 1718998402, 0x5f5f63695f6c6173745f726567656e65726174657c693a313731383939383430323b),
('183432c00b9b1bf9e3a76be91d8b8386c3f82545', '36.74.45.214', 1719473114, 0x5f5f63695f6c6173745f726567656e65726174657c693a313731393437323937383b6c6173745f706167657c733a36313a2268747470733a2f2f6e617a61726574686e65742e636f6d2f696e6465782e7068702f61646d696e2f6f6e6c696e655f6578616d732f4d69307a4c54497a223b4642524c485f73746174657c733a33323a223835653235373333613465613634343330616666363963643930336233303339223b61646d696e5f6c6f67696e7c733a313a2231223b61646d696e5f69647c733a313a2232223b6c6f67696e5f757365725f69647c733a313a2232223b6e616d657c733a363a22505255454241223b6c6f67696e5f747970657c733a353a2261646d696e223b),
('18b8fd860b90a47ff9fd3cca49edfd2724a9268d', '54.205.12.205', 1719430661, 0x5f5f63695f6c6173745f726567656e65726174657c693a313731393433303636303b),
('1a63b2b7d96fe32204515b7e00ac95c61ab8a46f', '185.220.101.4', 1719444957, 0x5f5f63695f6c6173745f726567656e65726174657c693a313731393434343935373b),
('1ab3337c31dbc8557b5a043823efb70df2c45c1f', '66.249.70.137', 1719030395, 0x5f5f63695f6c6173745f726567656e65726174657c693a313731393033303339353b),
('1bcd294b6966facf28628f039e323bc0376ffcd5', '179.6.7.5', 1719276132, 0x5f5f63695f6c6173745f726567656e65726174657c693a313731393237363133323b4642524c485f73746174657c733a33323a223961653864396466383465323733646666323832613033396263393937396637223b61646d696e5f6c6f67696e7c733a313a2231223b61646d696e5f69647c733a313a2231223b6c6f67696e5f757365725f69647c733a313a2231223b6e616d657c733a333a224d722e223b6c6f67696e5f747970657c733a353a2261646d696e223b666c6173685f6d6573736167657c733a33323a22496e666f726d616369c3b36e20616772656761646120636f6e20c3a97869746f223b5f5f63695f766172737c613a313a7b733a31333a22666c6173685f6d657373616765223b733a333a226f6c64223b7d),
('1c7744d6f9210a9a6c61f323502ae702e9a1741d', '5.164.29.116', 1719458753, 0x5f5f63695f6c6173745f726567656e65726174657c693a313731393435383735333b),
('1c87664f3abd22a7e8b75670b556df1f1a30991c', '179.6.7.5', 1719250856, 0x5f5f63695f6c6173745f726567656e65726174657c693a313731393235303835363b4642524c485f73746174657c733a33323a223434356361346164393531613733663331616266626362323533613137333232223b61646d696e5f6c6f67696e7c733a313a2231223b61646d696e5f69647c733a313a2231223b6c6f67696e5f757365725f69647c733a313a2231223b6e616d657c733a333a224d722e223b6c6f67696e5f747970657c733a353a2261646d696e223b),
('1ce0f5d8a4a3fb2689eb38b1e9ef40504f5ed284', '34.142.242.163', 1718964135, 0x5f5f63695f6c6173745f726567656e65726174657c693a313731383936343133323b),
('1dacefc15806f4ebc1f67c01950483bdfe8c2ab3', '69.10.48.159', 1719428658, 0x5f5f63695f6c6173745f726567656e65726174657c693a313731393432383635383b),
('1e06147452b2a74c879ec9ae680bb5a8637b1c08', '52.207.216.195', 1719430661, 0x5f5f63695f6c6173745f726567656e65726174657c693a313731393433303636313b),
('1e4fd419030c7c5a656c52b9b0ade9735f8f36ce', '179.6.7.5', 1719271879, 0x5f5f63695f6c6173745f726567656e65726174657c693a313731393237313837393b4642524c485f73746174657c733a33323a223961653864396466383465323733646666323832613033396263393937396637223b61646d696e5f6c6f67696e7c733a313a2231223b61646d696e5f69647c733a313a2231223b6c6f67696e5f757365725f69647c733a313a2231223b6e616d657c733a333a224d722e223b6c6f67696e5f747970657c733a353a2261646d696e223b),
('1f34b61ae8befe835299ce88dbd19edbd4bda370', '172.83.47.124', 1718672186, 0x5f5f63695f6c6173745f726567656e65726174657c693a313731383637323138363b),
('1f568241f8cfb4819407d5e64307eb2cdcf030cd', '190.216.191.100', 1719258575, 0x5f5f63695f6c6173745f726567656e65726174657c693a313731393235383537333b6572726f727c733a313a2231223b5f5f63695f766172737c613a313a7b733a353a226572726f72223b733a333a226f6c64223b7d),
('1f9c2e573d0409db8046eaa614fe05cd9c121591', '104.164.173.171', 1719457592, 0x5f5f63695f6c6173745f726567656e65726174657c693a313731393435373539323b),
('1fcc012e185eec98b02b93db60f465dbc841a79e', '114.5.216.156', 1719414026, 0x5f5f63695f6c6173745f726567656e65726174657c693a313731393431343032363b4642524c485f73746174657c733a33323a226135383362343164323763316230303931306632303639373738363962383033223b61646d696e5f6c6f67696e7c733a313a2231223b61646d696e5f69647c733a313a2232223b6c6f67696e5f757365725f69647c733a313a2232223b6e616d657c733a363a22505255454241223b6c6f67696e5f747970657c733a353a2261646d696e223b),
('207436a9d33134297701201df392fd8e6ec5e708', '66.249.79.165', 1718658587, 0x5f5f63695f6c6173745f726567656e65726174657c693a313731383635383538373b),
('209c52ef2272e9c6cacb1a65a429558fdc87b941', '177.91.255.230', 1719450347, 0x5f5f63695f6c6173745f726567656e65726174657c693a313731393435303334373b4642524c485f73746174657c733a33323a226335643234643134646530663764626534303465633834633136643537333566223b61646d696e5f6c6f67696e7c733a313a2231223b61646d696e5f69647c733a313a2231223b6c6f67696e5f757365725f69647c733a313a2231223b6e616d657c733a333a224d722e223b6c6f67696e5f747970657c733a353a2261646d696e223b),
('20dc45ce459ea020373e6149d8e336b5daa93f33', '87.236.176.199', 1718800694, 0x5f5f63695f6c6173745f726567656e65726174657c693a313731383830303639343b),
('2179a47034c149143bb59bf060bfc5a080de6441', '138.197.7.209', 1719435247, 0x5f5f63695f6c6173745f726567656e65726174657c693a313731393433353234373b),
('21f4cadbb631e2d8c41efc2e113b3670bc96e19e', '5.133.192.99', 1718766152, 0x5f5f63695f6c6173745f726567656e65726174657c693a313731383736363135323b),
('21fb9c95c21c26f9f785154a4c203b966855b3fd', '182.0.99.122', 1719411882, 0x5f5f63695f6c6173745f726567656e65726174657c693a313731393431313838323b4642524c485f73746174657c733a33323a226135383362343164323763316230303931306632303639373738363962383033223b),
('223541a77966370afdd77aa6ccc246ed7e29fe86', '179.6.7.5', 1719434505, 0x5f5f63695f6c6173745f726567656e65726174657c693a313731393433343530353b4642524c485f73746174657c733a33323a223961653864396466383465323733646666323832613033396263393937396637223b61646d696e5f6c6f67696e7c733a313a2231223b61646d696e5f69647c733a313a2231223b6c6f67696e5f757365725f69647c733a313a2231223b6e616d657c733a333a224d722e223b6c6f67696e5f747970657c733a353a2261646d696e223b),
('2355602c6d729186952bc569abe89a16fd1b0e57', '192.175.111.242', 1719461432, 0x5f5f63695f6c6173745f726567656e65726174657c693a313731393436313433323b),
('23cf09d832de8630b1ff5a19dbe2507e7300cbc0', '179.6.7.5', 1719355292, 0x5f5f63695f6c6173745f726567656e65726174657c693a313731393335353239323b4642524c485f73746174657c733a33323a223961653864396466383465323733646666323832613033396263393937396637223b61646d696e5f6c6f67696e7c733a313a2231223b61646d696e5f69647c733a313a2231223b6c6f67696e5f757365725f69647c733a313a2231223b6e616d657c733a333a224d722e223b6c6f67696e5f747970657c733a353a2261646d696e223b),
('23eee4fdb5b99aeb0a58f56e3e8185700aac69ff', '135.148.195.6', 1719464516, 0x5f5f63695f6c6173745f726567656e65726174657c693a313731393436343531363b),
('2455e08ded4ab5de938f194c5f2d6806c0424556', '54.244.213.155', 1718878485, 0x5f5f63695f6c6173745f726567656e65726174657c693a313731383837383438353b),
('2525796bbd5bc5c46c6c18fdb127635dc826909a', '162.55.43.246', 1719396274, 0x5f5f63695f6c6173745f726567656e65726174657c693a313731393339363237343b),
('258c4c7623a9c9f9016cafddb1eeff7cb2927430', '157.55.39.200', 1719247779, 0x5f5f63695f6c6173745f726567656e65726174657c693a313731393234373737393b4642524c485f73746174657c733a33323a223337373063643164656534656432356332343039376432386432306633613238223b),
('25efb1440b5e6d9e46ca4973c25e38f31a31ab9f', '182.0.99.122', 1719412955, 0x5f5f63695f6c6173745f726567656e65726174657c693a313731393431323935353b),
('25f64b410ba9ac6057223a6cc69c11cdbf72634a', '182.0.99.122', 1719412190, 0x5f5f63695f6c6173745f726567656e65726174657c693a313731393431323139303b4642524c485f73746174657c733a33323a226135383362343164323763316230303931306632303639373738363962383033223b61646d696e5f6c6f67696e7c733a313a2231223b61646d696e5f69647c733a313a2232223b6c6f67696e5f757365725f69647c733a313a2232223b6e616d657c733a363a22505255454241223b6c6f67696e5f747970657c733a353a2261646d696e223b),
('263e31f7dc9321983de160b2c27458daa29af404', '51.222.253.9', 1719326756, 0x5f5f63695f6c6173745f726567656e65726174657c693a313731393332363735363b),
('268812f876747017163f2cbf00dbb4f8d70a79ef', '47.242.224.70', 1719486415, 0x5f5f63695f6c6173745f726567656e65726174657c693a313731393438363431353b),
('26ba1d177c36b19f5d3e3b8921906f2a6f330ff9', '195.201.174.92', 1719354972, 0x5f5f63695f6c6173745f726567656e65726174657c693a313731393335343937323b),
('270ffbf5ca3b8bb5b82a06222da758f395e4090d', '35.236.80.73', 1719316661, 0x5f5f63695f6c6173745f726567656e65726174657c693a313731393331363636313b),
('278773fcf71bf0365333769c799e85b4fb21addc', '179.6.7.5', 1719351106, 0x5f5f63695f6c6173745f726567656e65726174657c693a313731393335313130363b4642524c485f73746174657c733a33323a223961653864396466383465323733646666323832613033396263393937396637223b61646d696e5f6c6f67696e7c733a313a2231223b61646d696e5f69647c733a313a2231223b6c6f67696e5f757365725f69647c733a313a2231223b6e616d657c733a333a224d722e223b6c6f67696e5f747970657c733a353a2261646d696e223b),
('27ebb98d5e2786f89716d53de5990ed981af54c0', '43.133.39.27', 1719196354, 0x5f5f63695f6c6173745f726567656e65726174657c693a313731393139363335343b),
('28345e1e29be5753f28c07105be43a584717e487', '5.164.29.116', 1719459151, 0x5f5f63695f6c6173745f726567656e65726174657c693a313731393435393135313b),
('28a35f3a544e6401c6ebaf77166d8349ee8a98ce', '159.89.169.20', 1719126401, 0x5f5f63695f6c6173745f726567656e65726174657c693a313731393132363430303b),
('295bb5e66c5d5849f2f9e2525f8eee4e8f3c5a9c', '34.0.79.148', 1719144787, 0x5f5f63695f6c6173745f726567656e65726174657c693a313731393134343738373b),
('2a396b4669d99ec6b88bc6628a00fa8299d36161', '104.164.173.70', 1719457676, 0x5f5f63695f6c6173745f726567656e65726174657c693a313731393435373637363b),
('2aed381c9df13ede2ecad0bf6cbd907899f1795b', '179.6.152.107', 1719471384, 0x5f5f63695f6c6173745f726567656e65726174657c693a313731393437313338343b),
('2bcb669373e0ec92c82eeaca1c98b1a8b4c2c1db', '43.130.7.211', 1719140259, 0x5f5f63695f6c6173745f726567656e65726174657c693a313731393134303235393b),
('2c496c3b6e1ee1c77990e0e0b21846403c92f245', '195.201.174.92', 1719356821, 0x5f5f63695f6c6173745f726567656e65726174657c693a313731393335363832313b),
('2dd76a511ed9bd9bff4af17a984fe7d2749a91c8', '43.134.79.102', 1719192726, 0x5f5f63695f6c6173745f726567656e65726174657c693a313731393139323732363b),
('2e12ded7e3e5597de7f532440a706d7035c6e116', '179.6.7.5', 1719248642, 0x5f5f63695f6c6173745f726567656e65726174657c693a313731393234383634323b4642524c485f73746174657c733a33323a223434356361346164393531613733663331616266626362323533613137333232223b61646d696e5f6c6f67696e7c733a313a2231223b61646d696e5f69647c733a313a2231223b6c6f67696e5f757365725f69647c733a313a2231223b6e616d657c733a333a224d722e223b6c6f67696e5f747970657c733a353a2261646d696e223b),
('2e3f530046cd721458b7f5b763db3e24c14cc88d', '36.74.45.214', 1719370041, 0x5f5f63695f6c6173745f726567656e65726174657c693a313731393337303034313b4642524c485f73746174657c733a33323a226232616633363232303336346531656264623435346431323036326465346334223b6572726f727c733a313a2231223b5f5f63695f766172737c613a313a7b733a353a226572726f72223b733a333a226f6c64223b7d),
('2eeb23bd6a8f37770e25fd30a5869e510a628337', '85.208.96.204', 1718924278, 0x5f5f63695f6c6173745f726567656e65726174657c693a313731383932343237383b),
('2f4c0d81a927b28c2d74eb6735dde13f9e9e2c56', '157.230.19.140', 1719457601, 0x5f5f63695f6c6173745f726567656e65726174657c693a313731393435373630313b),
('2ff0239913750c8a17aa84d8c1c1bb831d842789', '87.249.132.49', 1718977949, 0x5f5f63695f6c6173745f726567656e65726174657c693a313731383937373934383b6572726f727c733a373a2273756363657373223b5f5f63695f766172737c613a313a7b733a353a226572726f72223b733a333a226f6c64223b7d),
('31ba7a7850c0d1450b50b9f410eb7cac7c2b5c4b', '179.43.167.18', 1719145789, 0x5f5f63695f6c6173745f726567656e65726174657c693a313731393134353738393b),
('33c3bc2ef5df53a58ac1de29951870851ae49705', '43.156.42.104', 1719228494, 0x5f5f63695f6c6173745f726567656e65726174657c693a313731393232383439343b),
('354f888bebad4dbbda836583d059bb30403e0745', '52.167.144.17', 1718755254, 0x5f5f63695f6c6173745f726567656e65726174657c693a313731383735353235343b),
('358ee00c8b1ef5aa8229094f07b1b275c155c277', '45.15.18.72', 1718922092, 0x5f5f63695f6c6173745f726567656e65726174657c693a313731383932323039323b),
('35cb6884ca62e1dc1893277f914e00eeaa7e7574', '43.134.105.125', 1719223731, 0x5f5f63695f6c6173745f726567656e65726174657c693a313731393232333733313b),
('365981a439a995aaaf4616f251001959e628f1cb', '114.5.216.156', 1719417142, 0x5f5f63695f6c6173745f726567656e65726174657c693a313731393431373134323b4642524c485f73746174657c733a33323a223563306437383736313632343664326431643432356464343663373234666439223b73747564656e745f6c6f67696e7c733a313a2231223b73747564656e745f69647c733a323a223132223b6c6f67696e5f757365725f69647c733a323a223132223b6e616d657c733a31343a22414e445245412056414c45524941223b6c6f67696e5f747970657c733a373a2273747564656e74223b),
('3835a8e6cd0c449777bb0f4f717f467dccae28c2', '67.159.8.150', 1719418238, 0x5f5f63695f6c6173745f726567656e65726174657c693a313731393431383233383b4642524c485f73746174657c733a33323a226636336337373736626264316461383464313838356663626361383865663462223b73747564656e745f6c6f67696e7c733a313a2231223b73747564656e745f69647c733a323a223132223b6c6f67696e5f757365725f69647c733a323a223132223b6e616d657c733a31343a22414e445245412056414c45524941223b6c6f67696e5f747970657c733a373a2273747564656e74223b),
('387ea2da457bcc5cf12ac9acf311484f2da10587', '64.15.129.103', 1719461429, 0x5f5f63695f6c6173745f726567656e65726174657c693a313731393436313432393b),
('38a2e0406460bf7a591aa02d7728711f4f846ca7', '179.6.154.252', 1719492587, 0x5f5f63695f6c6173745f726567656e65726174657c693a313731393437333339333b4642524c485f73746174657c733a33323a223731303665336330356561323261366464353137656332396564386539656363223b61646d696e5f6c6f67696e7c733a313a2231223b61646d696e5f69647c733a313a2232223b6c6f67696e5f757365725f69647c733a313a2232223b6e616d657c733a363a22505255454241223b6c6f67696e5f747970657c733a353a2261646d696e223b),
('38bf4a254af639e31d742a4ee8618a7d7a543fae', '182.0.99.122', 1719413331, 0x5f5f63695f6c6173745f726567656e65726174657c693a313731393431333333313b4642524c485f73746174657c733a33323a223230376362333662343131326537326431626131313139386630346234643464223b61646d696e5f6c6f67696e7c733a313a2231223b61646d696e5f69647c733a313a2232223b6c6f67696e5f757365725f69647c733a313a2232223b6e616d657c733a363a22505255454241223b6c6f67696e5f747970657c733a353a2261646d696e223b),
('3981212d294d2ba290c17caa28cf36a55ffcd4d1', '87.236.176.144', 1719110897, 0x5f5f63695f6c6173745f726567656e65726174657c693a313731393131303839373b),
('3a06c9a02d2241a608863f7998bfc55c36dac76a', '179.6.7.5', 1719437558, 0x5f5f63695f6c6173745f726567656e65726174657c693a313731393433373535383b4642524c485f73746174657c733a33323a223961653864396466383465323733646666323832613033396263393937396637223b61646d696e5f6c6f67696e7c733a313a2231223b61646d696e5f69647c733a313a2231223b6c6f67696e5f757365725f69647c733a313a2231223b6e616d657c733a333a224d722e223b6c6f67696e5f747970657c733a353a2261646d696e223b),
('3a20a07d741ca280ff37a59b96b552dd77cebecd', '43.134.170.46', 1719184408, 0x5f5f63695f6c6173745f726567656e65726174657c693a313731393138343430383b),
('3ad785a744ab7b1c240148b3cab7ae9c4733741f', '43.134.105.125', 1718960658, 0x5f5f63695f6c6173745f726567656e65726174657c693a313731383936303635383b),
('3b71cd7e6b71b88fa6e16ddb2f31233a0fb29829', '45.55.112.20', 1719413333, 0x5f5f63695f6c6173745f726567656e65726174657c693a313731393431333333333b4642524c485f73746174657c733a33323a226231303836343736363538356432353639623665366438303261303166633530223b),
('3c07694c8c1ce128fe7efbae6ec712e5eb94ceff', '154.28.229.172', 1719457596, 0x5f5f63695f6c6173745f726567656e65726174657c693a313731393435373539363b),
('3ce85d5995fd527f3bee2312757f7d613ac765aa', '198.235.24.94', 1718941675, 0x5f5f63695f6c6173745f726567656e65726174657c693a313731383934313637353b),
('3d277b23188cfbfeb3fae88b4805744c4d639edc', '66.249.70.136', 1719032591, 0x5f5f63695f6c6173745f726567656e65726174657c693a313731393033323539313b),
('3d4a7f7e571fd9ed9bf28a6f5ede8a2efebfce1d', '162.243.4.24', 1719417436, 0x5f5f63695f6c6173745f726567656e65726174657c693a313731393431373433363b),
('3da250b377552173b8e429531035824b743cf302', '154.72.81.250', 1718765809, 0x5f5f63695f6c6173745f726567656e65726174657c693a313731383736353830393b4642524c485f73746174657c733a33323a226331643966383632353862326538666464643738353337383163666332343430223b),
('3e03764bb4aa69ceb886bfc764f55d2911ffd94d', '104.164.173.253', 1719457676, 0x5f5f63695f6c6173745f726567656e65726174657c693a313731393435373637363b),
('3e4ed7b7b94bf88fe4ac551097003ec29482e4f0', '179.6.7.5', 1719249272, 0x5f5f63695f6c6173745f726567656e65726174657c693a313731393234393237323b4642524c485f73746174657c733a33323a223434356361346164393531613733663331616266626362323533613137333232223b61646d696e5f6c6f67696e7c733a313a2231223b61646d696e5f69647c733a313a2231223b6c6f67696e5f757365725f69647c733a313a2231223b6e616d657c733a333a224d722e223b6c6f67696e5f747970657c733a353a2261646d696e223b),
('3f455de78b134d160f3b1e6abef91b5437bdbe62', '43.134.190.89', 1719099851, 0x5f5f63695f6c6173745f726567656e65726174657c693a313731393039393835313b),
('3f5f4059ce6e095a84abb78e17dde82be5afe08d', '36.99.136.137', 1718970036, 0x5f5f63695f6c6173745f726567656e65726174657c693a313731383937303033363b),
('3f7f4d3ef8018e6c2cfa455bc893c7fc4bbcecee', '138.197.170.20', 1719414027, 0x5f5f63695f6c6173745f726567656e65726174657c693a313731393431343032373b),
('3faa7850fefe425bd488b497ac88eea6e5be375b', '179.6.7.5', 1719271225, 0x5f5f63695f6c6173745f726567656e65726174657c693a313731393237313232353b4642524c485f73746174657c733a33323a223961653864396466383465323733646666323832613033396263393937396637223b61646d696e5f6c6f67696e7c733a313a2231223b61646d696e5f69647c733a313a2231223b6c6f67696e5f757365725f69647c733a313a2231223b6e616d657c733a333a224d722e223b6c6f67696e5f747970657c733a353a2261646d696e223b),
('40807e3ac82751a7031207ada9852b4afc2d7e44', '177.91.255.230', 1719461031, 0x5f5f63695f6c6173745f726567656e65726174657c693a313731393436313033313b4642524c485f73746174657c733a33323a226335643234643134646530663764626534303465633834633136643537333566223b61646d696e5f6c6f67696e7c733a313a2231223b61646d696e5f69647c733a313a2231223b6c6f67696e5f757365725f69647c733a313a2231223b6e616d657c733a333a224d722e223b6c6f67696e5f747970657c733a353a2261646d696e223b),
('419d78a68cf232f2bc60b7481e5b24fe7f61565a', '179.6.7.5', 1719095649, 0x5f5f63695f6c6173745f726567656e65726174657c693a313731393039353634393b4642524c485f73746174657c733a33323a226339363530333330623132313933343866383363386331626265633331633132223b61646d696e5f6c6f67696e7c733a313a2231223b61646d696e5f69647c733a313a2231223b6c6f67696e5f757365725f69647c733a313a2231223b6e616d657c733a333a224d722e223b6c6f67696e5f747970657c733a353a2261646d696e223b),
('42f37e347b6d5c9fd49a7092a89fdfe2fca45714', '179.6.136.107', 1719473393, 0x5f5f63695f6c6173745f726567656e65726174657c693a313731393437333339333b4642524c485f73746174657c733a33323a223731303665336330356561323261366464353137656332396564386539656363223b61646d696e5f6c6f67696e7c733a313a2231223b61646d696e5f69647c733a313a2232223b6c6f67696e5f757365725f69647c733a313a2232223b6e616d657c733a363a22505255454241223b6c6f67696e5f747970657c733a353a2261646d696e223b),
('43014c6788cb00a4f75e9f9ad2bf1c1515409de2', '43.134.175.104', 1719230555, 0x5f5f63695f6c6173745f726567656e65726174657c693a313731393233303535353b),
('440cd8d59c0bbeb2d2e370acd7afdab9b2ab98fe', '51.222.253.15', 1719219012, 0x5f5f63695f6c6173745f726567656e65726174657c693a313731393231393031323b),
('4450e1cad01190123b569d71ed86627fc1333428', '179.6.7.5', 1719360909, 0x5f5f63695f6c6173745f726567656e65726174657c693a313731393336303930393b4642524c485f73746174657c733a33323a223961653864396466383465323733646666323832613033396263393937396637223b61646d696e5f6c6f67696e7c733a313a2231223b61646d696e5f69647c733a313a2231223b6c6f67696e5f757365725f69647c733a313a2231223b6e616d657c733a333a224d722e223b6c6f67696e5f747970657c733a353a2261646d696e223b),
('44e081917608184b46d64fd19ca9f004a5641125', '157.55.39.6', 1718773342, 0x5f5f63695f6c6173745f726567656e65726174657c693a313731383737333334323b4642524c485f73746174657c733a33323a226237636363333565323964376132663537386163303162653536613939633664223b),
('45404534eb50104e8b78c4e7ac01559f1f0f932a', '35.88.110.101', 1718704275, 0x5f5f63695f6c6173745f726567656e65726174657c693a313731383730343237353b),
('45a405265b11f1f5c1f47c848796ee6037d1fa2e', '43.134.240.57', 1719225050, 0x5f5f63695f6c6173745f726567656e65726174657c693a313731393232353035303b),
('46758abb7bb2bf301cd14fc8e734ccbc063fb5ff', '151.106.12.245', 1718972816, 0x5f5f63695f6c6173745f726567656e65726174657c693a313731383937323831353b6572726f727c733a373a2273756363657373223b5f5f63695f766172737c613a313a7b733a353a226572726f72223b733a333a226f6c64223b7d),
('486128738c46cd1ca6206f7c20c60dff7c36dc33', '207.46.13.168', 1719149857, 0x5f5f63695f6c6173745f726567656e65726174657c693a313731393134393835373b4642524c485f73746174657c733a33323a223265666465643865373064626333356462633334623633373266306330333166223b),
('48af94b6f2d207f915003a5da6384b957444846e', '195.201.174.92', 1719356763, 0x5f5f63695f6c6173745f726567656e65726174657c693a313731393335363736333b),
('4952d387c018f612bc1c161c126101084c7fd8de', '36.74.45.214', 1719373750, 0x5f5f63695f6c6173745f726567656e65726174657c693a313731393337333735303b4642524c485f73746174657c733a33323a226232616633363232303336346531656264623435346431323036326465346334223b61646d696e5f6c6f67696e7c733a313a2231223b61646d696e5f69647c733a313a2232223b6c6f67696e5f757365725f69647c733a313a2232223b6e616d657c733a363a22505255454241223b6c6f67696e5f747970657c733a353a2261646d696e223b),
('498a99e248080ed9e8d9681e57b1e8e48fa7ba03', '43.157.40.137', 1719156299, 0x5f5f63695f6c6173745f726567656e65726174657c693a313731393135363239393b),
('4a6ce62c6f92ca710c30c48ec6c60fff9e9eadf2', '193.29.15.252', 1719417625, 0x5f5f63695f6c6173745f726567656e65726174657c693a313731393431373632353b),
('4c0fac8e38416ed31ab21362cf4b5ae55b60ce9e', '179.6.154.115', 1719095173, 0x5f5f63695f6c6173745f726567656e65726174657c693a313731393039353137333b),
('4c88291d111ea6738957d0318e9911c394c74c97', '165.227.206.185', 1719277332, 0x5f5f63695f6c6173745f726567656e65726174657c693a313731393237373333323b),
('4da61a0a58b8610e04e92f174b745a52da18c870', '129.226.147.7', 1718970014, 0x5f5f63695f6c6173745f726567656e65726174657c693a313731383937303031343b),
('4e55d07908d3ff2cd4339aac5730e3b7bc2df042', '20.15.133.185', 1718727873, 0x5f5f63695f6c6173745f726567656e65726174657c693a313731383732373837333b),
('4f2470cb9f844c58a81f32a9d81731b96b4cac10', '129.226.158.26', 1719059980, 0x5f5f63695f6c6173745f726567656e65726174657c693a313731393035393938303b),
('4fb6497e5a916516c9fc045e04f71f2d77c6bca9', '206.189.185.29', 1719143842, 0x5f5f63695f6c6173745f726567656e65726174657c693a313731393134333834323b),
('510a2105f17fd9f6ced83c482828ef02661f88d9', '179.6.7.5', 1719274327, 0x5f5f63695f6c6173745f726567656e65726174657c693a313731393237343332373b4642524c485f73746174657c733a33323a223961653864396466383465323733646666323832613033396263393937396637223b61646d696e5f6c6f67696e7c733a313a2231223b61646d696e5f69647c733a313a2231223b6c6f67696e5f757365725f69647c733a313a2231223b6e616d657c733a333a224d722e223b6c6f67696e5f747970657c733a353a2261646d696e223b),
('510e0d05dbbf15d867ac11b7124650d65d820946', '137.184.56.245', 1719392148, 0x5f5f63695f6c6173745f726567656e65726174657c693a313731393339323134383b),
('5149dc7db8296cb9c8cb07caa7a42cfcc8465953', '177.91.255.230', 1719458256, 0x5f5f63695f6c6173745f726567656e65726174657c693a313731393435383235363b4642524c485f73746174657c733a33323a226335643234643134646530663764626534303465633834633136643537333566223b61646d696e5f6c6f67696e7c733a313a2231223b61646d696e5f69647c733a313a2231223b6c6f67696e5f757365725f69647c733a313a2231223b6e616d657c733a333a224d722e223b6c6f67696e5f747970657c733a353a2261646d696e223b),
('522d2f714df75d8573fe2377f3131494d7bea2df', '199.45.154.125', 1719216098, 0x5f5f63695f6c6173745f726567656e65726174657c693a313731393231363039383b),
('551005afb1b9c696d188c5df134ea3b47d3bde0f', '23.106.249.34', 1719419576, 0x5f5f63695f6c6173745f726567656e65726174657c693a313731393431393537363b4642524c485f73746174657c733a33323a223132326238626464666532616163616235346530303165636137303063336264223b61646d696e5f6c6f67696e7c733a313a2231223b61646d696e5f69647c733a313a2232223b6c6f67696e5f757365725f69647c733a313a2232223b6e616d657c733a363a22505255454241223b6c6f67696e5f747970657c733a353a2261646d696e223b),
('5589c80a276c7ac34c5fa3ab909bcca3caaa8a6f', '45.15.18.72', 1719166608, 0x5f5f63695f6c6173745f726567656e65726174657c693a313731393136363630383b),
('562dada5389f1fd57a7f2e5b8e918844ccb584d4', '179.6.7.5', 1719351425, 0x5f5f63695f6c6173745f726567656e65726174657c693a313731393335313432353b4642524c485f73746174657c733a33323a223961653864396466383465323733646666323832613033396263393937396637223b61646d696e5f6c6f67696e7c733a313a2231223b61646d696e5f69647c733a313a2231223b6c6f67696e5f757365725f69647c733a313a2231223b6e616d657c733a333a224d722e223b6c6f67696e5f747970657c733a353a2261646d696e223b),
('56714e2797e7339fd1d5778aba5ba788271136eb', '101.32.245.91', 1719199968, 0x5f5f63695f6c6173745f726567656e65726174657c693a313731393139393936383b),
('56808e04fcfcde2dae44154f190af8b61f5eebf3', '192.175.111.253', 1719461431, 0x5f5f63695f6c6173745f726567656e65726174657c693a313731393436313433313b),
('56d2d63f3f335be954e93ab3fb54a3c854b147b3', '165.227.206.185', 1719277331, 0x5f5f63695f6c6173745f726567656e65726174657c693a313731393237373333313b),
('5711d114687104319215320a3abbb990dc192585', '36.74.45.214', 1719369676, 0x5f5f63695f6c6173745f726567656e65726174657c693a313731393336393632353b4642524c485f73746174657c733a33323a223762323463343766346531383564346335383865633661383263306362636335223b),
('57db596942498498f58422196c33a165004f86b0', '46.101.145.73', 1719476111, 0x5f5f63695f6c6173745f726567656e65726174657c693a313731393437363131313b),
('58637e270c97df7eb3669d79c5e8f03b812e9961', '43.134.240.57', 1719204906, 0x5f5f63695f6c6173745f726567656e65726174657c693a313731393230343930363b),
('58bfff992f2e44662f4cabdef0c149fb1fc6fc5d', '195.201.174.92', 1719354870, 0x5f5f63695f6c6173745f726567656e65726174657c693a313731393335343837303b),
('59377d62f13684f5a05264a7d92385f56c381f63', '209.127.107.69', 1719127216, 0x5f5f63695f6c6173745f726567656e65726174657c693a313731393132373231363b),
('59f8a4b999b2ac9ddd044b6d3c43290eb9ba7bc0', '36.74.45.214', 1719374878, 0x5f5f63695f6c6173745f726567656e65726174657c693a313731393337343733313b4642524c485f73746174657c733a33323a226232616633363232303336346531656264623435346431323036326465346334223b61646d696e5f6c6f67696e7c733a313a2231223b61646d696e5f69647c733a313a2232223b6c6f67696e5f757365725f69647c733a313a2232223b6e616d657c733a363a22505255454241223b6c6f67696e5f747970657c733a353a2261646d696e223b),
('5a84e5cea6176b00a5549e67e6b070e478a9d9c9', '196.196.53.44', 1719423269, 0x5f5f63695f6c6173745f726567656e65726174657c693a313731393432333236383b6572726f727c733a373a2273756363657373223b5f5f63695f766172737c613a313a7b733a353a226572726f72223b733a333a226f6c64223b7d),
('5abc71da0d4fc10815f2a8e254fe539e892ecb9d', '206.168.34.127', 1719497936, 0x5f5f63695f6c6173745f726567656e65726174657c693a313731393439373933363b),
('5b42183318e2eae94437a0908e08468aede8a74d', '177.91.255.230', 1719463718, 0x5f5f63695f6c6173745f726567656e65726174657c693a313731393436333731383b4642524c485f73746174657c733a33323a223731303665336330356561323261366464353137656332396564386539656363223b61646d696e5f6c6f67696e7c733a313a2231223b61646d696e5f69647c733a313a2232223b6c6f67696e5f757365725f69647c733a313a2232223b6e616d657c733a363a22505255454241223b6c6f67696e5f747970657c733a353a2261646d696e223b),
('5b80ec7ce5960e3ef117221d1f05c3fb1b22d675', '43.134.175.104', 1718972130, 0x5f5f63695f6c6173745f726567656e65726174657c693a313731383937323133303b),
('5be22906013c9841df99bfc62418c8edf6710c39', '209.127.108.69', 1719127221, 0x5f5f63695f6c6173745f726567656e65726174657c693a313731393132373232313b),
('5bfa172515c754d6859460a4e53dc2f5a5ce0e3d', '179.6.7.5', 1719431483, 0x5f5f63695f6c6173745f726567656e65726174657c693a313731393433313438333b4642524c485f73746174657c733a33323a223961653864396466383465323733646666323832613033396263393937396637223b61646d696e5f6c6f67696e7c733a313a2231223b61646d696e5f69647c733a313a2231223b6c6f67696e5f757365725f69647c733a313a2231223b6e616d657c733a333a224d722e223b6c6f67696e5f747970657c733a353a2261646d696e223b),
('5c68a14728faf801f311abd4019c3cc4f8637c0d', '179.6.7.5', 1719353356, 0x5f5f63695f6c6173745f726567656e65726174657c693a313731393335333335363b4642524c485f73746174657c733a33323a223961653864396466383465323733646666323832613033396263393937396637223b61646d696e5f6c6f67696e7c733a313a2231223b61646d696e5f69647c733a313a2231223b6c6f67696e5f757365725f69647c733a313a2231223b6e616d657c733a333a224d722e223b6c6f67696e5f747970657c733a353a2261646d696e223b666c6173685f6d6573736167657c733a33323a22496e666f726d616369c3b36e20616772656761646120636f6e20c3a97869746f223b5f5f63695f766172737c613a313a7b733a31333a22666c6173685f6d657373616765223b733a333a226f6c64223b7d),
('5cd9633e52d0fbbfddfa62adde19b5e5746b7d52', '193.29.15.252', 1719412475, 0x5f5f63695f6c6173745f726567656e65726174657c693a313731393431323437353b),
('5d0c9e0ff16f9b73b5f44575c0163ffda0f96392', '195.201.174.92', 1719356731, 0x5f5f63695f6c6173745f726567656e65726174657c693a313731393335363733313b),
('5d28109c50b3e5d57a737a501fca3ba8dac7107c', '54.152.219.127', 1718966454, 0x5f5f63695f6c6173745f726567656e65726174657c693a313731383936363435343b),
('5d44c95e88d84f59e179e7fa5f8f7834af8c71df', '43.153.89.59', 1719041220, 0x5f5f63695f6c6173745f726567656e65726174657c693a313731393034313232303b),
('5ee7230cc0b8cd3dd2ca736a10aa130001d3cb4b', '135.148.195.14', 1718858769, 0x5f5f63695f6c6173745f726567656e65726174657c693a313731383835383736393b),
('5f40857b141f94f1f00cf822f5a8cc9ee7b11879', '195.211.77.140', 1719457605, 0x5f5f63695f6c6173745f726567656e65726174657c693a313731393435373630353b),
('5f50e8e22be1554ea44772e0dbe14e2f20a00c86', '206.189.185.29', 1719143841, 0x5f5f63695f6c6173745f726567656e65726174657c693a313731393134333834313b),
('6063bee6b47399eac08fff873b48cba5c36b28b1', '43.134.105.125', 1718992150, 0x5f5f63695f6c6173745f726567656e65726174657c693a313731383939323135303b),
('62d18210752fec6b51d71e8e185bd0eef3557eff', '66.249.79.163', 1718659229, 0x5f5f63695f6c6173745f726567656e65726174657c693a313731383635393232393b),
('634f3c836cc67b9d0c3a810d762f3c18bb3a0c98', '179.6.7.5', 1719275164, 0x5f5f63695f6c6173745f726567656e65726174657c693a313731393237353136343b4642524c485f73746174657c733a33323a223961653864396466383465323733646666323832613033396263393937396637223b61646d696e5f6c6f67696e7c733a313a2231223b61646d696e5f69647c733a313a2231223b6c6f67696e5f757365725f69647c733a313a2231223b6e616d657c733a333a224d722e223b6c6f67696e5f747970657c733a353a2261646d696e223b666c6173685f6d6573736167657c733a33323a22496e666f726d616369c3b36e20616772656761646120636f6e20c3a97869746f223b5f5f63695f766172737c613a313a7b733a31333a22666c6173685f6d657373616765223b733a333a226f6c64223b7d),
('6412889230c63f575a3c217c5ade668c786f47b0', '88.99.36.95', 1719428025, 0x5f5f63695f6c6173745f726567656e65726174657c693a313731393432383032353b),
('6431c7334f770aea28af1d1645b33ec7d169cb5e', '164.90.228.79', 1719457608, 0x5f5f63695f6c6173745f726567656e65726174657c693a313731393435373630383b),
('6483688e075dc33620a27a7a0879921bb55ac204', '195.201.174.92', 1719354716, 0x5f5f63695f6c6173745f726567656e65726174657c693a313731393335343731363b4642524c485f73746174657c733a33323a223161653466633232356164306431613833306163363532376539313663383530223b),
('67399574dd492617d228ff704e820e23fc1cb217', '177.91.255.230', 1719165912, 0x5f5f63695f6c6173745f726567656e65726174657c693a313731393136353931323b),
('676a36a2a66f07bec0b18e06b3cd9fb7e08bd90a', '172.58.5.72', 1719258604, 0x5f5f63695f6c6173745f726567656e65726174657c693a313731393235383630333b6572726f727c733a313a2231223b5f5f63695f766172737c613a313a7b733a353a226572726f72223b733a333a226f6c64223b7d),
('67aec136679887072682b254713680e6a9557fa2', '87.236.176.38', 1718784711, 0x5f5f63695f6c6173745f726567656e65726174657c693a313731383738343731313b),
('68de426abce0e304c1f6c9f47778b7ce39e5d884', '206.168.34.211', 1719083592, 0x5f5f63695f6c6173745f726567656e65726174657c693a313731393038333539323b),
('693dd44c1b4f3f6f2f1ba0b7dee9c8a83759822b', '51.222.253.7', 1719323729, 0x5f5f63695f6c6173745f726567656e65726174657c693a313731393332333732393b),
('699c9297ce693375fa281f194d780ee79fbb40b0', '128.90.170.5', 1718718156, 0x5f5f63695f6c6173745f726567656e65726174657c693a313731383731383135363b),
('69f40aaca84880bb9f2e3215140d51a89ddb5956', '179.6.7.5', 1719248944, 0x5f5f63695f6c6173745f726567656e65726174657c693a313731393234383934343b4642524c485f73746174657c733a33323a223434356361346164393531613733663331616266626362323533613137333232223b61646d696e5f6c6f67696e7c733a313a2231223b61646d696e5f69647c733a313a2231223b6c6f67696e5f757365725f69647c733a313a2231223b6e616d657c733a333a224d722e223b6c6f67696e5f747970657c733a353a2261646d696e223b),
('69f6dd7d10f405569c8f396efece0e521b5b625b', '162.55.35.231', 1719444282, 0x5f5f63695f6c6173745f726567656e65726174657c693a313731393434343238323b),
('6b0772b80cad288d9fbbfe99d0c4cf3459010a9d', '198.235.24.108', 1718918445, 0x5f5f63695f6c6173745f726567656e65726174657c693a313731383931383434353b),
('6b34e588ee41f6d8685366aa4a5ee58c5b0b8248', '36.74.45.214', 1719472978, 0x5f5f63695f6c6173745f726567656e65726174657c693a313731393437323937383b6c6173745f706167657c733a36313a2268747470733a2f2f6e617a61726574686e65742e636f6d2f696e6465782e7068702f61646d696e2f6f6e6c696e655f6578616d732f4d69307a4c54497a223b4642524c485f73746174657c733a33323a223835653235373333613465613634343330616666363963643930336233303339223b61646d696e5f6c6f67696e7c733a313a2231223b61646d696e5f69647c733a313a2232223b6c6f67696e5f757365725f69647c733a313a2232223b6e616d657c733a363a22505255454241223b6c6f67696e5f747970657c733a353a2261646d696e223b),
('6bec389e4f60452863ce6baaef093e88c53565aa', '43.156.97.22', 1719167578, 0x5f5f63695f6c6173745f726567656e65726174657c693a313731393136373537383b),
('6d2280d112c383dfd1fdced101e63a924a484ed5', '43.133.39.74', 1719138031, 0x5f5f63695f6c6173745f726567656e65726174657c693a313731393133383033313b),
('6d78fde2854550e1b8c879d53855446d338923ea', '154.28.229.55', 1719457607, 0x5f5f63695f6c6173745f726567656e65726174657c693a313731393435373630373b),
('6d8e7beb6fd1969080323452c32a6f5dc1b2a1e3', '170.106.171.77', 1719313206, 0x5f5f63695f6c6173745f726567656e65726174657c693a313731393331333230363b),
('6d939fb12d8152db0c64507dc12e0a77a3948a03', '23.106.192.51', 1718980801, 0x5f5f63695f6c6173745f726567656e65726174657c693a313731383938303830313b),
('6dce564e264f3903087d9fb6fb5dde0020b12373', '179.43.191.18', 1719249506, 0x5f5f63695f6c6173745f726567656e65726174657c693a313731393234393530363b),
('6e49542ecc95be6a64fc2198161716b1ebfee4c8', '34.87.26.160', 1718782094, 0x5f5f63695f6c6173745f726567656e65726174657c693a313731383738323038333b),
('6e52a0f1a329c1695d60acecb1a3aabd89d8c160', '103.39.51.89', 1719418643, 0x5f5f63695f6c6173745f726567656e65726174657c693a313731393431383634333b4642524c485f73746174657c733a33323a226636336337373736626264316461383464313838356663626361383865663462223b73747564656e745f6c6f67696e7c733a313a2231223b73747564656e745f69647c733a323a223132223b6c6f67696e5f757365725f69647c733a323a223132223b6e616d657c733a31343a22414e445245412056414c45524941223b6c6f67696e5f747970657c733a373a2273747564656e74223b),
('6f012bd7535369957dd7cadc9eddcce8204c4cb9', '43.156.42.104', 1719142269, 0x5f5f63695f6c6173745f726567656e65726174657c693a313731393134323236393b),
('6f16123a5eaf3852a7cc0130984ddce38f135603', '147.185.132.73', 1719429284, 0x5f5f63695f6c6173745f726567656e65726174657c693a313731393432393238343b),
('70e8f2703fef4318e8d862dd438346c1d225340f', '45.139.66.139', 1719217401, 0x5f5f63695f6c6173745f726567656e65726174657c693a313731393231373430313b),
('72e66788ab5054090427a1c19db2b6a4ff039f9e', '15.204.182.106', 1719455584, 0x5f5f63695f6c6173745f726567656e65726174657c693a313731393435353538343b),
('745e7e4a3075787e5b0540c0c38fbcdec1346e9b', '64.15.129.122', 1719461433, 0x5f5f63695f6c6173745f726567656e65726174657c693a313731393436313433333b),
('74dfb43aafc1c4d7219996de785b19bf14ef5e4e', '43.134.79.102', 1719234779, 0x5f5f63695f6c6173745f726567656e65726174657c693a313731393233343737393b),
('7507c641c1fc48191de4eb2e61dcaaadb3cd8dcd', '40.77.167.7', 1718901588, 0x5f5f63695f6c6173745f726567656e65726174657c693a313731383930313538383b),
('759e2c36d8351a2fb7ac2207b3affc1cc8a31082', '35.171.144.152', 1719020117, 0x5f5f63695f6c6173745f726567656e65726174657c693a313731393032303131373b),
('765f73e1019618513d5c2f20fb5073b2f0c7565a', '64.15.129.107', 1719461433, 0x5f5f63695f6c6173745f726567656e65726174657c693a313731393436313433333b),
('766143f80fe1939ea720ea84575d3ccf57a1f312', '23.106.249.53', 1719419118, 0x5f5f63695f6c6173745f726567656e65726174657c693a313731393431393131383b4642524c485f73746174657c733a33323a226636336337373736626264316461383464313838356663626361383865663462223b73747564656e745f6c6f67696e7c733a313a2231223b73747564656e745f69647c733a323a223132223b6c6f67696e5f757365725f69647c733a323a223132223b6e616d657c733a31343a22414e445245412056414c45524941223b6c6f67696e5f747970657c733a373a2273747564656e74223b),
('76ac4bfa1294ffeec6e32507a1b0d056f9b600a7', '207.46.13.111', 1719319748, 0x5f5f63695f6c6173745f726567656e65726174657c693a313731393331393734383b4642524c485f73746174657c733a33323a226133373833653335336538353333343966643662636263663663623830323764223b),
('76d2a9ef92199594bc82f53e43c0c019e88a330c', '179.6.7.5', 1719272496, 0x5f5f63695f6c6173745f726567656e65726174657c693a313731393237323439363b4642524c485f73746174657c733a33323a223961653864396466383465323733646666323832613033396263393937396637223b61646d696e5f6c6f67696e7c733a313a2231223b61646d696e5f69647c733a313a2231223b6c6f67696e5f757365725f69647c733a313a2231223b6e616d657c733a333a224d722e223b6c6f67696e5f747970657c733a353a2261646d696e223b),
('7723e7584da53ab1b36cdaf46fa18be84a71ca6f', '195.201.174.92', 1719354899, 0x5f5f63695f6c6173745f726567656e65726174657c693a313731393335343839393b),
('778d838c381911068d0aaca9497b4b59a4c46233', '206.168.34.207', 1719078345, 0x5f5f63695f6c6173745f726567656e65726174657c693a313731393037383334353b),
('78bf5ca73116deda29e302b47a4cd1e192c2d3a5', '207.46.13.7', 1718665966, 0x5f5f63695f6c6173745f726567656e65726174657c693a313731383636353936363b4642524c485f73746174657c733a33323a226539323434396331303765343666643761303433373266626461383131373739223b),
('794bcf50547b93216f6a0a61adee4153289976d7', '179.6.7.5', 1719270573, 0x5f5f63695f6c6173745f726567656e65726174657c693a313731393237303537333b4642524c485f73746174657c733a33323a223961653864396466383465323733646666323832613033396263393937396637223b61646d696e5f6c6f67696e7c733a313a2231223b61646d696e5f69647c733a313a2231223b6c6f67696e5f757365725f69647c733a313a2231223b6e616d657c733a333a224d722e223b6c6f67696e5f747970657c733a353a2261646d696e223b),
('795f6f8503c0155bc68845d3411c37f774096026', '129.226.196.244', 1719208353, 0x5f5f63695f6c6173745f726567656e65726174657c693a313731393230383335333b),
('79f542bd3002683d3ccd515c5fc7708eef9a8aa8', '54.38.85.37', 1719352119, 0x5f5f63695f6c6173745f726567656e65726174657c693a313731393335323131393b),
('7be1c700a7220bde52ba5c77ba38310b39496f23', '179.6.152.107', 1719471399, 0x5f5f63695f6c6173745f726567656e65726174657c693a313731393437313339393b),
('7d047f552764e552d8b6b247781f69d6045834fd', '179.6.136.107', 1719471028, 0x5f5f63695f6c6173745f726567656e65726174657c693a313731393437313032383b4642524c485f73746174657c733a33323a223731303665336330356561323261366464353137656332396564386539656363223b61646d696e5f6c6f67696e7c733a313a2231223b61646d696e5f69647c733a313a2232223b6c6f67696e5f757365725f69647c733a313a2232223b6e616d657c733a363a22505255454241223b6c6f67696e5f747970657c733a353a2261646d696e223b);
INSERT INTO `ci_sessions` (`id`, `ip_address`, `timestamp`, `data`) VALUES
('7e3a43340dbef44ac85e0e20c468c6a2d6c6aa2a', '179.6.7.5', 1719271527, 0x5f5f63695f6c6173745f726567656e65726174657c693a313731393237313532373b4642524c485f73746174657c733a33323a223961653864396466383465323733646666323832613033396263393937396637223b61646d696e5f6c6f67696e7c733a313a2231223b61646d696e5f69647c733a313a2231223b6c6f67696e5f757365725f69647c733a313a2231223b6e616d657c733a333a224d722e223b6c6f67696e5f747970657c733a353a2261646d696e223b),
('7e79eed05d9cc507794e2c34840289da1972ff0e', '42.83.147.54', 1718677039, 0x5f5f63695f6c6173745f726567656e65726174657c693a313731383637373033393b),
('8027bced4745bb7bb930389284fc987f07096cf0', '114.5.216.156', 1719418260, 0x5f5f63695f6c6173745f726567656e65726174657c693a313731393431383236303b4642524c485f73746174657c733a33323a223563306437383736313632343664326431643432356464343663373234666439223b73747564656e745f6c6f67696e7c733a313a2231223b73747564656e745f69647c733a323a223132223b6c6f67696e5f757365725f69647c733a323a223132223b6e616d657c733a31343a22414e445245412056414c45524941223b6c6f67696e5f747970657c733a373a2273747564656e74223b),
('807e8c0e61f2f82538f9abc4af49bee15a6abf9e', '128.90.170.25', 1719237420, 0x5f5f63695f6c6173745f726567656e65726174657c693a313731393233373432303b),
('8102cf561e172aed34c65896499141cef7c82e98', '198.54.130.89', 1719457743, 0x5f5f63695f6c6173745f726567656e65726174657c693a313731393435373734333b),
('81d8ac799cb7c352352916f7f316fa53992427d9', '154.28.229.55', 1719457602, 0x5f5f63695f6c6173745f726567656e65726174657c693a313731393435373630323b),
('83de6cf5b37fabfdc83419d76607409838ad4862', '207.46.13.126', 1719104589, 0x5f5f63695f6c6173745f726567656e65726174657c693a313731393130343538393b4642524c485f73746174657c733a33323a226133663862393036663236373137383561616439383433313762653132623865223b),
('8415f0ed6d7cb7d7375f6fac0d002cc47c7251d0', '177.91.255.230', 1719449857, 0x5f5f63695f6c6173745f726567656e65726174657c693a313731393434393835373b4642524c485f73746174657c733a33323a226335643234643134646530663764626534303465633834633136643537333566223b61646d696e5f6c6f67696e7c733a313a2231223b61646d696e5f69647c733a313a2231223b6c6f67696e5f757365725f69647c733a313a2231223b6e616d657c733a333a224d722e223b6c6f67696e5f747970657c733a353a2261646d696e223b),
('84242491f38a8eac4bf50091699d9c87750d8dd4', '179.6.7.5', 1719260161, 0x5f5f63695f6c6173745f726567656e65726174657c693a313731393236303136313b4642524c485f73746174657c733a33323a223961653864396466383465323733646666323832613033396263393937396637223b61646d696e5f6c6f67696e7c733a313a2231223b61646d696e5f69647c733a313a2231223b6c6f67696e5f757365725f69647c733a313a2231223b6e616d657c733a333a224d722e223b6c6f67696e5f747970657c733a353a2261646d696e223b),
('850b584bfcd4bcedbf9d0366fc90e193c8e4ef82', '195.201.174.92', 1719354947, 0x5f5f63695f6c6173745f726567656e65726174657c693a313731393335343934373b),
('85673d20da37f1b8d176a36a76f132f5a3cee014', '43.157.40.137', 1719194106, 0x5f5f63695f6c6173745f726567656e65726174657c693a313731393139343130363b),
('8669a32cbb1fe3cc124d4ee769fe3b8b6feb39cf', '137.226.113.44', 1718884720, 0x5f5f63695f6c6173745f726567656e65726174657c693a313731383838343732303b),
('8680868b208bfff3595c7189370f581300fda3e3', '182.42.105.85', 1718728793, 0x5f5f63695f6c6173745f726567656e65726174657c693a313731383732383739333b),
('8707d9df38babaae53a961f1f37ab920d65b6f82', '36.74.45.214', 1719374731, 0x5f5f63695f6c6173745f726567656e65726174657c693a313731393337343733313b4642524c485f73746174657c733a33323a226232616633363232303336346531656264623435346431323036326465346334223b61646d696e5f6c6f67696e7c733a313a2231223b61646d696e5f69647c733a313a2232223b6c6f67696e5f757365725f69647c733a313a2232223b6e616d657c733a363a22505255454241223b6c6f67696e5f747970657c733a353a2261646d696e223b),
('8780c017f662d1394183fda6b4cd23e06e87cd28', '34.219.56.186', 1719199909, 0x5f5f63695f6c6173745f726567656e65726174657c693a313731393139393930393b),
('87c2b15d6a6139844751c393cdd1bd99f2ceff14', '203.33.203.148', 1719224420, 0x5f5f63695f6c6173745f726567656e65726174657c693a313731393232343432303b),
('88377cb468e3fc54b492df7cdafd3eea36d84285', '23.106.249.53', 1719420442, 0x5f5f63695f6c6173745f726567656e65726174657c693a313731393432303434323b4642524c485f73746174657c733a33323a223132326238626464666532616163616235346530303165636137303063336264223b61646d696e5f6c6f67696e7c733a313a2231223b61646d696e5f69647c733a313a2232223b6c6f67696e5f757365725f69647c733a313a2232223b6e616d657c733a363a22505255454241223b6c6f67696e5f747970657c733a353a2261646d696e223b),
('88b7e1c5ba633438b6875a4823a2e32671c3fae2', '43.134.79.102', 1718864680, 0x5f5f63695f6c6173745f726567656e65726174657c693a313731383836343638303b),
('89df24dd3b94b924767b109f91a46bb4ccbeaa6b', '54.198.142.29', 1719254410, 0x5f5f63695f6c6173745f726567656e65726174657c693a313731393235343430343b),
('8a7709575712c4f5cb850722a0b82452f3cb61f4', '24.113.132.60', 1719078783, 0x5f5f63695f6c6173745f726567656e65726174657c693a313731393037383738333b4642524c485f73746174657c733a33323a223662323131303363346262356365386464363964323330356466663162613837223b),
('8a8be1a93ecd1617600e267663d52261e9971e5b', '43.134.79.102', 1719014705, 0x5f5f63695f6c6173745f726567656e65726174657c693a313731393031343730353b),
('8a9de7543d2fe04c48c8455f5898c798a9503c59', '179.6.7.5', 1719276531, 0x5f5f63695f6c6173745f726567656e65726174657c693a313731393237363533313b4642524c485f73746174657c733a33323a223961653864396466383465323733646666323832613033396263393937396637223b61646d696e5f6c6f67696e7c733a313a2231223b61646d696e5f69647c733a313a2231223b6c6f67696e5f757365725f69647c733a313a2231223b6e616d657c733a333a224d722e223b6c6f67696e5f747970657c733a353a2261646d696e223b666c6173685f6d6573736167657c733a33323a22496e666f726d616369c3b36e20616772656761646120636f6e20c3a97869746f223b5f5f63695f766172737c613a313a7b733a31333a22666c6173685f6d657373616765223b733a333a226f6c64223b7d),
('8aa521c0c081059d5d8f70c858635183fff073e5', '51.222.253.2', 1719372140, 0x5f5f63695f6c6173745f726567656e65726174657c693a313731393337323134303b),
('8aacf9826e5f2f642c5065139e6bde7ab16dd662', '66.249.70.136', 1719032444, 0x5f5f63695f6c6173745f726567656e65726174657c693a313731393033323434343b),
('8c300206baa62ef00a67ed5bdbec734acd8913a5', '51.222.253.15', 1719382530, 0x5f5f63695f6c6173745f726567656e65726174657c693a313731393338323533303b),
('8c498e42db274c85af3cf119917b121d2d976ac5', '205.210.31.106', 1719380783, 0x5f5f63695f6c6173745f726567656e65726174657c693a313731393338303738333b),
('8cc4bb074d4c38270ade146622ccfe775289bbd5', '170.254.179.234', 1719087373, 0x5f5f63695f6c6173745f726567656e65726174657c693a313731393038373337333b),
('8d11e887fc307dfd52898eb41bff45bb356bb09d', '51.222.253.9', 1718678615, 0x5f5f63695f6c6173745f726567656e65726174657c693a313731383637383631353b),
('8d651440c6ced52eef7df2874b0de925be166902', '179.6.7.5', 1719254374, 0x5f5f63695f6c6173745f726567656e65726174657c693a313731393235343337343b4642524c485f73746174657c733a33323a223434356361346164393531613733663331616266626362323533613137333232223b61646d696e5f6c6f67696e7c733a313a2231223b61646d696e5f69647c733a313a2231223b6c6f67696e5f757365725f69647c733a313a2231223b6e616d657c733a333a224d722e223b6c6f67696e5f747970657c733a353a2261646d696e223b),
('8dd173bce204528e090a9fc06952d89e49bb3212', '43.163.8.148', 1718923947, 0x5f5f63695f6c6173745f726567656e65726174657c693a313731383932333934373b),
('8e293130fa481d253839fbaca1056d756cc99d44', '54.38.85.37', 1719345080, 0x5f5f63695f6c6173745f726567656e65726174657c693a313731393334353038303b),
('8e5621ffa6623cd86ff14a528b4325708f1f5c92', '179.6.7.5', 1719254389, 0x5f5f63695f6c6173745f726567656e65726174657c693a313731393235343332363b4642524c485f73746174657c733a33323a223436356437383739663763353139636536616663643263356435343235333130223b61646d696e5f6c6f67696e7c733a313a2231223b61646d696e5f69647c733a313a2232223b6c6f67696e5f757365725f69647c733a313a2232223b6e616d657c733a363a22505255454241223b6c6f67696e5f747970657c733a353a2261646d696e223b),
('8ef939eaa64485d387b46d443476553585cffc97', '123.60.68.42', 1719497938, 0x5f5f63695f6c6173745f726567656e65726174657c693a313731393439373933383b),
('8f90ef032c6c20a79b158a09fb54c06688e5efac', '34.0.79.148', 1719144786, 0x5f5f63695f6c6173745f726567656e65726174657c693a313731393134343738363b),
('9071b6cf5d0835179004c5daa2f3838732662817', '15.204.182.106', 1719458130, 0x5f5f63695f6c6173745f726567656e65726174657c693a313731393435383133303b),
('90c0b42b334619a24c37716d292306ab510a68b3', '43.156.11.128', 1719169091, 0x5f5f63695f6c6173745f726567656e65726174657c693a313731393136393039313b),
('915d7f05c688a7686d9a56364d770dd2e1402b24', '43.134.105.125', 1719133416, 0x5f5f63695f6c6173745f726567656e65726174657c693a313731393133333431363b),
('91fdde03a788ddfea3b0dcbdd5c5077ad99a1b22', '207.46.13.107', 1718784960, 0x5f5f63695f6c6173745f726567656e65726174657c693a313731383738343936303b4642524c485f73746174657c733a33323a226532663261386165643233373464663964326662373462353065663037646563223b),
('944d5db986ee2b375eb85b49ba34bcc4f0e32c0f', '179.6.7.5', 1719254375, 0x5f5f63695f6c6173745f726567656e65726174657c693a313731393235343337343b4642524c485f73746174657c733a33323a223434356361346164393531613733663331616266626362323533613137333232223b61646d696e5f6c6f67696e7c733a313a2231223b61646d696e5f69647c733a313a2231223b6c6f67696e5f757365725f69647c733a313a2231223b6e616d657c733a333a224d722e223b6c6f67696e5f747970657c733a353a2261646d696e223b666c6173685f6d6573736167657c733a33353a22496e666f726d616369c3b36e2061637475616c697a61646120636f6e20c3a97869746f223b5f5f63695f766172737c613a313a7b733a31333a22666c6173685f6d657373616765223b733a333a226f6c64223b7d),
('949aebcadd0126f6ce1af12ea1bab8cd8f5a41a6', '15.235.50.228', 1719156717, 0x5f5f63695f6c6173745f726567656e65726174657c693a313731393135363731373b),
('970cb083e09b989ef03eaf50415f0feb4f118195', '177.91.255.230', 1719460391, 0x5f5f63695f6c6173745f726567656e65726174657c693a313731393436303339313b4642524c485f73746174657c733a33323a226335643234643134646530663764626534303465633834633136643537333566223b61646d696e5f6c6f67696e7c733a313a2231223b61646d696e5f69647c733a313a2231223b6c6f67696e5f757365725f69647c733a313a2231223b6e616d657c733a333a224d722e223b6c6f67696e5f747970657c733a353a2261646d696e223b),
('99cd113101b757a9c5a759bab9c0b1b9e1b0faee', '51.222.253.12', 1719252174, 0x5f5f63695f6c6173745f726567656e65726174657c693a313731393235323137343b4642524c485f73746174657c733a33323a223336663330386261396531623533306335646363663662663234643536633838223b),
('99cf41f5a7553ff90e98a862e55b66a331db2b6d', '103.39.51.89', 1719418682, 0x5f5f63695f6c6173745f726567656e65726174657c693a313731393431383638323b4642524c485f73746174657c733a33323a223563306437383736313632343664326431643432356464343663373234666439223b73747564656e745f6c6f67696e7c733a313a2231223b73747564656e745f69647c733a323a223132223b6c6f67696e5f757365725f69647c733a323a223132223b6e616d657c733a31343a22414e445245412056414c45524941223b6c6f67696e5f747970657c733a373a2273747564656e74223b),
('9a37755b24420bae96f96c29eacaf6fd7aca605a', '36.74.45.214', 1719465226, 0x5f5f63695f6c6173745f726567656e65726174657c693a313731393436353138373b4642524c485f73746174657c733a33323a226139653833353736646436623462323736656264643334303736373339303831223b61646d696e5f6c6f67696e7c733a313a2231223b61646d696e5f69647c733a313a2232223b6c6f67696e5f757365725f69647c733a313a2232223b6e616d657c733a363a22505255454241223b6c6f67696e5f747970657c733a353a2261646d696e223b),
('9a50fe78cac7000461670f308cfda58665f497ba', '130.255.166.24', 1719348538, 0x5f5f63695f6c6173745f726567656e65726174657c693a313731393334383533383b),
('9a74e640b40360ade176911a8184ed5cea9db8d7', '8.41.221.59', 1718934687, 0x5f5f63695f6c6173745f726567656e65726174657c693a313731383933343638373b),
('9ad4f852eb4544a1eabca621df7ffa3323e9608e', '137.184.56.245', 1719392149, 0x5f5f63695f6c6173745f726567656e65726174657c693a313731393339323134393b),
('9b39b1894cd05e077e87f5cfc80b6d3285950a47', '64.15.129.113', 1719461431, 0x5f5f63695f6c6173745f726567656e65726174657c693a313731393436313433313b),
('9b9b4ef473b169bd647420b5d6c74d9524b9e2af', '84.17.49.205', 1718722751, 0x5f5f63695f6c6173745f726567656e65726174657c693a313731383732323734363b6572726f727c733a373a2273756363657373223b5f5f63695f766172737c613a313a7b733a353a226572726f72223b733a333a226f6c64223b7d),
('9be34aa741f7813c7946e97b743f28a2d57fdd28', '43.134.105.125', 1718831776, 0x5f5f63695f6c6173745f726567656e65726174657c693a313731383833313737363b),
('9bff9f775192418bd17fc5bc64c502106c8d5338', '209.127.104.209', 1719217395, 0x5f5f63695f6c6173745f726567656e65726174657c693a313731393231373339353b),
('9cc48185363c8f8cd7392b8ba8874123460b735c', '43.133.59.21', 1719153911, 0x5f5f63695f6c6173745f726567656e65726174657c693a313731393135333931313b),
('9da623e8c9b0158f58287bbd401cde8bb2fd1f9a', '132.255.133.54', 1719100534, 0x5f5f63695f6c6173745f726567656e65726174657c693a313731393130303533343b),
('9e7c24af03e86a6f9a6736f782a685465592818c', '95.164.157.99', 1719087371, 0x5f5f63695f6c6173745f726567656e65726174657c693a313731393038373337313b),
('9f8af30bcbe2e12365a507916f0cc791b8501591', '164.90.228.79', 1719457597, 0x5f5f63695f6c6173745f726567656e65726174657c693a313731393435373539373b),
('9f8cf2fcf434c59ab0ec011693dc0ac25763c884', '54.244.213.155', 1718878486, 0x5f5f63695f6c6173745f726567656e65726174657c693a313731383837383438363b),
('9fb46b9d0f1f0928311c05ed7efcaab91b87e1fe', '179.6.7.5', 1719357072, 0x5f5f63695f6c6173745f726567656e65726174657c693a313731393335373037323b4642524c485f73746174657c733a33323a223961653864396466383465323733646666323832613033396263393937396637223b61646d696e5f6c6f67696e7c733a313a2231223b61646d696e5f69647c733a313a2231223b6c6f67696e5f757365725f69647c733a313a2231223b6e616d657c733a333a224d722e223b6c6f67696e5f747970657c733a353a2261646d696e223b),
('9fbca5596eed7bb6679deefbd4ce319e10dd8d76', '207.46.13.153', 1718926324, 0x5f5f63695f6c6173745f726567656e65726174657c693a313731383932363332343b4642524c485f73746174657c733a33323a223963666661666634613665363437623832666361663031323163386130666362223b),
('a0d3b9b57feaabf9e5fad7efaefd3e03246ccfdf', '94.23.203.202', 1719412546, 0x5f5f63695f6c6173745f726567656e65726174657c693a313731393431323534363b),
('a15bac3649ebac2f0c891ab437b05e7b7ae721e1', '51.222.253.4', 1719083288, 0x5f5f63695f6c6173745f726567656e65726174657c693a313731393038333238383b),
('a2d29ab7c54440dbc0ea5c3360721558a89810ce', '54.88.179.33', 1719020117, 0x5f5f63695f6c6173745f726567656e65726174657c693a313731393032303131373b),
('a2e8d3f806e4bc488e82a4136dd06cd0e419db98', '36.99.136.137', 1719166602, 0x5f5f63695f6c6173745f726567656e65726174657c693a313731393136363630323b),
('a30af773fa2b55669f04125171d6ca82991539f7', '45.55.112.20', 1719416560, 0x5f5f63695f6c6173745f726567656e65726174657c693a313731393431363536303b),
('a3254167401053abe542e9aa71c5155d325eceb2', '114.5.216.156', 1719413710, 0x5f5f63695f6c6173745f726567656e65726174657c693a313731393431333731303b4642524c485f73746174657c733a33323a223230376362333662343131326537326431626131313139386630346234643464223b61646d696e5f6c6f67696e7c733a313a2231223b61646d696e5f69647c733a313a2232223b6c6f67696e5f757365725f69647c733a313a2232223b6e616d657c733a363a22505255454241223b6c6f67696e5f747970657c733a353a2261646d696e223b),
('a36a135e7c4f6f9341bafa728bb74a13084c04ca', '43.155.166.202', 1718881524, 0x5f5f63695f6c6173745f726567656e65726174657c693a313731383838313532343b),
('a45d4ae35d8a23108c1819bf10a8477c3b6c831b', '157.55.39.57', 1718895423, 0x5f5f63695f6c6173745f726567656e65726174657c693a313731383839353432333b4642524c485f73746174657c733a33323a226531366265353036316136323434663062646631336233333530303165653333223b),
('a4924c571a963fdbef9dd7f358ce58d643b58dde', '43.133.59.21', 1719233607, 0x5f5f63695f6c6173745f726567656e65726174657c693a313731393233333630373b),
('a4eaac8b14b8a2b1c7db6f69f4418cff6f770101', '179.6.7.5', 1719258873, 0x5f5f63695f6c6173745f726567656e65726174657c693a313731393235383837333b4642524c485f73746174657c733a33323a223961653864396466383465323733646666323832613033396263393937396637223b61646d696e5f6c6f67696e7c733a313a2231223b61646d696e5f69647c733a313a2231223b6c6f67696e5f757365725f69647c733a313a2231223b6e616d657c733a333a224d722e223b6c6f67696e5f747970657c733a353a2261646d696e223b),
('a5fecb1ee0aa3ff5c4ecabfd1c2c91c46859dd71', '138.197.7.209', 1719435247, 0x5f5f63695f6c6173745f726567656e65726174657c693a313731393433353234373b),
('a8e14567519f2dae55a6e25d801e93a50ae5df74', '179.6.7.5', 1719264297, 0x5f5f63695f6c6173745f726567656e65726174657c693a313731393236343239373b4642524c485f73746174657c733a33323a223961653864396466383465323733646666323832613033396263393937396637223b61646d696e5f6c6f67696e7c733a313a2231223b61646d696e5f69647c733a313a2231223b6c6f67696e5f757365725f69647c733a313a2231223b6e616d657c733a333a224d722e223b6c6f67696e5f747970657c733a353a2261646d696e223b666c6173685f6d6573736167657c733a33323a22496e666f726d616369c3b36e20616772656761646120636f6e20c3a97869746f223b5f5f63695f766172737c613a313a7b733a31333a22666c6173685f6d657373616765223b733a333a226f6c64223b7d),
('aa20503a99d7e9f61f2bdcfbbba08bd511f6a7ef', '66.249.79.164', 1718758327, 0x5f5f63695f6c6173745f726567656e65726174657c693a313731383735383332373b),
('aacb0d03f82ac3d03f5eb911ab68c6d4f38cf2c9', '147.182.149.66', 1719218756, 0x5f5f63695f6c6173745f726567656e65726174657c693a313731393231383735363b),
('aae63a55285391b44cd9f9a3888c8d6da0e86c4c', '177.91.255.230', 1719461021, 0x5f5f63695f6c6173745f726567656e65726174657c693a313731393436303932353b4642524c485f73746174657c733a33323a223437643030663761333561343138336463363135626339626238336263663734223b61646d696e5f6c6f67696e7c733a313a2231223b61646d696e5f69647c733a313a2231223b6c6f67696e5f757365725f69647c733a313a2231223b6e616d657c733a333a224d722e223b6c6f67696e5f747970657c733a353a2261646d696e223b),
('aba5eb1d0dca5ecd5e95380154aedfde1cddde63', '40.88.21.235', 1718968184, 0x5f5f63695f6c6173745f726567656e65726174657c693a313731383936383138343b),
('abbaf518f0a074751f5a273d6781f503eb7eb4a5', '47.242.224.70', 1719486415, 0x5f5f63695f6c6173745f726567656e65726174657c693a313731393438363431353b),
('abec016c1d3315f7de8ee8b0f3936d4d864a3823', '177.91.255.230', 1719458559, 0x5f5f63695f6c6173745f726567656e65726174657c693a313731393435383535393b4642524c485f73746174657c733a33323a226335643234643134646530663764626534303465633834633136643537333566223b61646d696e5f6c6f67696e7c733a313a2231223b61646d696e5f69647c733a313a2231223b6c6f67696e5f757365725f69647c733a313a2231223b6e616d657c733a333a224d722e223b6c6f67696e5f747970657c733a353a2261646d696e223b),
('adda19b7fd9fee0fd767e44a210e5a9d6ddd5601', '177.91.255.230', 1719459498, 0x5f5f63695f6c6173745f726567656e65726174657c693a313731393435393439383b4642524c485f73746174657c733a33323a226335643234643134646530663764626534303465633834633136643537333566223b61646d696e5f6c6f67696e7c733a313a2231223b61646d696e5f69647c733a313a2231223b6c6f67696e5f757365725f69647c733a313a2231223b6e616d657c733a333a224d722e223b6c6f67696e5f747970657c733a353a2261646d696e223b),
('ae217462fde08fc5ba69df5f548431d567b76590', '159.138.89.207', 1718739990, 0x5f5f63695f6c6173745f726567656e65726174657c693a313731383733393939303b4642524c485f73746174657c733a33323a226630653932336336323362316164303166666234373238636639613465613533223b),
('ae4e9b1a98d09610f981e04953c32885cc182b22', '49.12.96.134', 1719401789, 0x5f5f63695f6c6173745f726567656e65726174657c693a313731393430313738393b),
('af48a8b50a07947745a216a992b607a36ae07ccd', '114.5.216.156', 1719416499, 0x5f5f63695f6c6173745f726567656e65726174657c693a313731393431363439393b4642524c485f73746174657c733a33323a226135383362343164323763316230303931306632303639373738363962383033223b61646d696e5f6c6f67696e7c733a313a2231223b61646d696e5f69647c733a313a2232223b6c6f67696e5f757365725f69647c733a313a2232223b6e616d657c733a363a22505255454241223b6c6f67696e5f747970657c733a353a2261646d696e223b),
('af60e712fd930ccdd6f17d71c96c97cfe424fdc9', '195.201.174.92', 1719354820, 0x5f5f63695f6c6173745f726567656e65726174657c693a313731393335343831393b),
('b0a7076b04d7f87c8564327d648b6c09e0fa1fd3', '51.222.253.5', 1719053563, 0x5f5f63695f6c6173745f726567656e65726174657c693a313731393035333536333b),
('b0bd0ac22f5802ea1c3c8a1d4b38fccad00b3b5e', '179.6.7.5', 1719358198, 0x5f5f63695f6c6173745f726567656e65726174657c693a313731393335383139383b4642524c485f73746174657c733a33323a223961653864396466383465323733646666323832613033396263393937396637223b61646d696e5f6c6f67696e7c733a313a2231223b61646d696e5f69647c733a313a2231223b6c6f67696e5f757365725f69647c733a313a2231223b6e616d657c733a333a224d722e223b6c6f67696e5f747970657c733a353a2261646d696e223b),
('b0d7f35de30123801c11354ea41ecc30eda6cbe3', '44.198.190.196', 1718876435, 0x5f5f63695f6c6173745f726567656e65726174657c693a313731383837363433353b),
('b0d8d38ae87b77f74591eb9ada55de0cfa9b62dc', '72.13.62.27', 1719466063, 0x5f5f63695f6c6173745f726567656e65726174657c693a313731393436363036313b),
('b1dd4303a8f8ef5535b39b196ebb8e36fb2e73a5', '36.74.45.214', 1719370386, 0x5f5f63695f6c6173745f726567656e65726174657c693a313731393337303338363b4642524c485f73746174657c733a33323a226232616633363232303336346531656264623435346431323036326465346334223b),
('b3423b3028d902013248439e0276125fff7c0ef3', '179.6.7.5', 1719450045, 0x5f5f63695f6c6173745f726567656e65726174657c693a313731393434393830333b4642524c485f73746174657c733a33323a223961653864396466383465323733646666323832613033396263393937396637223b61646d696e5f6c6f67696e7c733a313a2231223b61646d696e5f69647c733a313a2231223b6c6f67696e5f757365725f69647c733a313a2231223b6e616d657c733a333a224d722e223b6c6f67696e5f747970657c733a353a2261646d696e223b),
('b4b625a03e5a28a89a065d3219df4b5c26fca0e0', '179.6.152.107', 1719471385, 0x5f5f63695f6c6173745f726567656e65726174657c693a313731393437313338353b),
('b4da4439f41c12841ed4bb1311c121bd1e2d8cac', '36.74.45.214', 1719374381, 0x5f5f63695f6c6173745f726567656e65726174657c693a313731393337343338313b4642524c485f73746174657c733a33323a226232616633363232303336346531656264623435346431323036326465346334223b61646d696e5f6c6f67696e7c733a313a2231223b61646d696e5f69647c733a313a2232223b6c6f67696e5f757365725f69647c733a313a2232223b6e616d657c733a363a22505255454241223b6c6f67696e5f747970657c733a353a2261646d696e223b),
('b4e39946e9ba5546546146103e9ca844184e7db9', '43.133.39.27', 1719197752, 0x5f5f63695f6c6173745f726567656e65726174657c693a313731393139373735323b),
('b56f9fd32e22cfb9f890b52b02b6517ee776bcde', '157.230.19.140', 1719457597, 0x5f5f63695f6c6173745f726567656e65726174657c693a313731393435373539373b),
('b669f1fa84c6a1e4000ee3ee573d35c7ad5454d8', '179.6.7.5', 1719260669, 0x5f5f63695f6c6173745f726567656e65726174657c693a313731393236303636393b4642524c485f73746174657c733a33323a223961653864396466383465323733646666323832613033396263393937396637223b61646d696e5f6c6f67696e7c733a313a2231223b61646d696e5f69647c733a313a2231223b6c6f67696e5f757365725f69647c733a313a2231223b6e616d657c733a333a224d722e223b6c6f67696e5f747970657c733a353a2261646d696e223b),
('b6c7b7c381e7be62f415e811492dc10aa388c247', '93.158.91.243', 1718865146, 0x5f5f63695f6c6173745f726567656e65726174657c693a313731383836353134363b),
('b742b1f60fd506225e33b01c1eccac017dfdc6f7', '68.183.17.173', 1719255640, 0x5f5f63695f6c6173745f726567656e65726174657c693a313731393235353634303b),
('b7d8d694ab67b95dd01bdaef0954c21010fb3dd6', '198.235.24.170', 1719238912, 0x5f5f63695f6c6173745f726567656e65726174657c693a313731393233383931323b),
('b8d30e35549fe82915c0f101bc33c124b7556a52', '179.6.7.5', 1719274854, 0x5f5f63695f6c6173745f726567656e65726174657c693a313731393237343835343b4642524c485f73746174657c733a33323a223961653864396466383465323733646666323832613033396263393937396637223b61646d696e5f6c6f67696e7c733a313a2231223b61646d696e5f69647c733a313a2231223b6c6f67696e5f757365725f69647c733a313a2231223b6e616d657c733a333a224d722e223b6c6f67696e5f747970657c733a353a2261646d696e223b),
('b9cf1d134e460e93fb16fc62a4f2ce202948e222', '65.108.227.178', 1719327416, 0x5f5f63695f6c6173745f726567656e65726174657c693a313731393332373431363b),
('b9d0864e091f5483bf743debfa6a0ecc64f10467', '49.12.96.134', 1719401789, 0x5f5f63695f6c6173745f726567656e65726174657c693a313731393430313738393b),
('bae59e79991980d351a7bdea691c923466e0a580', '54.38.85.37', 1719345052, 0x5f5f63695f6c6173745f726567656e65726174657c693a313731393334353035323b4642524c485f73746174657c733a33323a226263326632633134616634656162646339366237326637633234356130333563223b),
('bc0a902e632d3040b1d416c91fc86b308e369c0b', '179.6.7.5', 1719350728, 0x5f5f63695f6c6173745f726567656e65726174657c693a313731393335303732383b4642524c485f73746174657c733a33323a223961653864396466383465323733646666323832613033396263393937396637223b61646d696e5f6c6f67696e7c733a313a2231223b61646d696e5f69647c733a313a2231223b6c6f67696e5f757365725f69647c733a313a2231223b6e616d657c733a333a224d722e223b6c6f67696e5f747970657c733a353a2261646d696e223b),
('bc7c710c978949178ebcc33182ec7cc56036b917', '195.201.174.92', 1719354923, 0x5f5f63695f6c6173745f726567656e65726174657c693a313731393335343932333b),
('bd4bc2d2a95a3bb48f6af9cbce36e23e8575b80d', '161.35.83.60', 1718696186, 0x5f5f63695f6c6173745f726567656e65726174657c693a313731383639363138363b),
('bdab634a074c8c9a2392a2bbb2efd9e0016fb9d6', '182.0.99.122', 1719413091, 0x5f5f63695f6c6173745f726567656e65726174657c693a313731393431333039313b4642524c485f73746174657c733a33323a226135383362343164323763316230303931306632303639373738363962383033223b61646d696e5f6c6f67696e7c733a313a2231223b61646d696e5f69647c733a313a2232223b6c6f67696e5f757365725f69647c733a313a2232223b6e616d657c733a363a22505255454241223b6c6f67696e5f747970657c733a353a2261646d696e223b),
('bdeb4b61eb30de51d47ffdff1f37acc4447a339f', '179.6.7.5', 1719425154, 0x5f5f63695f6c6173745f726567656e65726174657c693a313731393432353135343b4642524c485f73746174657c733a33323a223961653864396466383465323733646666323832613033396263393937396637223b61646d696e5f6c6f67696e7c733a313a2231223b61646d696e5f69647c733a313a2231223b6c6f67696e5f757365725f69647c733a313a2231223b6e616d657c733a333a224d722e223b6c6f67696e5f747970657c733a353a2261646d696e223b),
('be1eaf0e1846cd20511d3f5983debd4accc82883', '8.41.221.59', 1718934695, 0x5f5f63695f6c6173745f726567656e65726174657c693a313731383933343639353b),
('be2a50d42f75d8cd0e6626ae27270217128185d1', '179.6.7.5', 1719261438, 0x5f5f63695f6c6173745f726567656e65726174657c693a313731393236313433383b4642524c485f73746174657c733a33323a223961653864396466383465323733646666323832613033396263393937396637223b61646d696e5f6c6f67696e7c733a313a2231223b61646d696e5f69647c733a313a2231223b6c6f67696e5f757365725f69647c733a313a2231223b6e616d657c733a333a224d722e223b6c6f67696e5f747970657c733a353a2261646d696e223b),
('bea7f11d9e0404c82ae5c97d80f2ebe39a161748', '157.230.19.140', 1719457597, 0x5f5f63695f6c6173745f726567656e65726174657c693a313731393435373539373b),
('bf01fa43be15f5b85bcfc20e7b3534e58c6a709d', '67.159.8.150', 1719417085, 0x5f5f63695f6c6173745f726567656e65726174657c693a313731393431373038353b4642524c485f73746174657c733a33323a223230376362333662343131326537326431626131313139386630346234643464223b61646d696e5f6c6f67696e7c733a313a2231223b61646d696e5f69647c733a313a2232223b6c6f67696e5f757365725f69647c733a313a2232223b6e616d657c733a363a22505255454241223b6c6f67696e5f747970657c733a353a2261646d696e223b),
('bf32cbcb745a20fe8e6993540168dc20efb37c3e', '123.136.30.131', 1719254760, 0x5f5f63695f6c6173745f726567656e65726174657c693a313731393235343630383b4642524c485f73746174657c733a33323a223338313432383362353838343366346636393031613031636233343065623532223b61646d696e5f6c6f67696e7c733a313a2231223b61646d696e5f69647c733a313a2232223b6c6f67696e5f757365725f69647c733a313a2232223b6e616d657c733a363a22505255454241223b6c6f67696e5f747970657c733a353a2261646d696e223b),
('bf4ff880035659e0f2bc693ef69c9574f31b9484', '52.207.216.195', 1719430660, 0x5f5f63695f6c6173745f726567656e65726174657c693a313731393433303636303b),
('bf8e07c61067d467af5f1c547936b6a9473440f3', '177.91.255.230', 1719462511, 0x5f5f63695f6c6173745f726567656e65726174657c693a313731393436323233353b4642524c485f73746174657c733a33323a226335643234643134646530663764626534303465633834633136643537333566223b61646d696e5f6c6f67696e7c733a313a2231223b61646d696e5f69647c733a313a2231223b6c6f67696e5f757365725f69647c733a313a2231223b6e616d657c733a333a224d722e223b6c6f67696e5f747970657c733a353a2261646d696e223b),
('c03b52993619d48ba332fdcc7ce14768b1296656', '45.15.18.72', 1718922090, 0x5f5f63695f6c6173745f726567656e65726174657c693a313731383932323039303b),
('c179e0dbac122e476f94e19c89d098fec292ff2f', '182.42.111.213', 1719016564, 0x5f5f63695f6c6173745f726567656e65726174657c693a313731393031363536343b),
('c18e683574e4a675d7418d0249fe5c12ddea4ad3', '179.6.7.5', 1719431903, 0x5f5f63695f6c6173745f726567656e65726174657c693a313731393433313930333b4642524c485f73746174657c733a33323a223961653864396466383465323733646666323832613033396263393937396637223b61646d696e5f6c6f67696e7c733a313a2231223b61646d696e5f69647c733a313a2231223b6c6f67696e5f757365725f69647c733a313a2231223b6e616d657c733a333a224d722e223b6c6f67696e5f747970657c733a353a2261646d696e223b),
('c19b1e102aa37a19fce171d8f077443c9d141ac8', '49.13.221.167', 1719416339, 0x5f5f63695f6c6173745f726567656e65726174657c693a313731393431363333393b),
('c1d84663895568cf3fc312e2e45897a5324e2fd2', '43.134.175.104', 1718644996, 0x5f5f63695f6c6173745f726567656e65726174657c693a313731383634343939363b),
('c1de51393afb5a46c57b674a7a8aba73041e53bf', '43.128.110.17', 1719406322, 0x5f5f63695f6c6173745f726567656e65726174657c693a313731393430363332323b),
('c24a65b882a4f88f79ad22ba78eb643d9179c5e5', '182.0.99.122', 1719412962, 0x5f5f63695f6c6173745f726567656e65726174657c693a313731393431323936323b4642524c485f73746174657c733a33323a223230376362333662343131326537326431626131313139386630346234643464223b61646d696e5f6c6f67696e7c733a313a2231223b61646d696e5f69647c733a313a2232223b6c6f67696e5f757365725f69647c733a313a2232223b6e616d657c733a363a22505255454241223b6c6f67696e5f747970657c733a353a2261646d696e223b),
('c2f0eb63b09a95be80c71de90ab70aa031a2f691', '43.156.42.104', 1719220188, 0x5f5f63695f6c6173745f726567656e65726174657c693a313731393232303138383b),
('c394764c2a2c3a78f53f418daa0b68f642686535', '67.159.8.150', 1719414217, 0x5f5f63695f6c6173745f726567656e65726174657c693a313731393431343231373b),
('c3b7f5862ab4af55e3bca83bd74107f154dbd064', '179.6.7.5', 1719429203, 0x5f5f63695f6c6173745f726567656e65726174657c693a313731393432393230333b4642524c485f73746174657c733a33323a223961653864396466383465323733646666323832613033396263393937396637223b61646d696e5f6c6f67696e7c733a313a2231223b61646d696e5f69647c733a313a2231223b6c6f67696e5f757365725f69647c733a313a2231223b6e616d657c733a333a224d722e223b6c6f67696e5f747970657c733a353a2261646d696e223b),
('c3fae2cce58c5d976a409fcabb175902bc1772c5', '43.134.34.133', 1719152376, 0x5f5f63695f6c6173745f726567656e65726174657c693a313731393135323337363b),
('c52e47cb800bcffaeb70f79cadfe5fa0ccbbb0d6', '206.189.142.134', 1718827571, 0x5f5f63695f6c6173745f726567656e65726174657c693a313731383832373537313b),
('c5a45c97aa1ea581c1fa806a567dc042e903e6e7', '23.106.249.53', 1719420624, 0x5f5f63695f6c6173745f726567656e65726174657c693a313731393432303434323b4642524c485f73746174657c733a33323a223132326238626464666532616163616235346530303165636137303063336264223b61646d696e5f6c6f67696e7c733a313a2231223b61646d696e5f69647c733a313a2232223b6c6f67696e5f757365725f69647c733a313a2232223b6e616d657c733a363a22505255454241223b6c6f67696e5f747970657c733a353a2261646d696e223b),
('c6edcd5ed5d8abdb2aac8f79cf91b72517557023', '40.77.167.32', 1719353951, 0x5f5f63695f6c6173745f726567656e65726174657c693a313731393335333935313b),
('c7d2c18d4ac30712531e6dbcbcb5ccdeb9f7fde9', '51.222.253.2', 1719070490, 0x5f5f63695f6c6173745f726567656e65726174657c693a313731393037303439303b),
('c7fc64b4be4cdeee477e9b40823f83de139b3991', '36.74.45.214', 1719371351, 0x5f5f63695f6c6173745f726567656e65726174657c693a313731393337313335313b4642524c485f73746174657c733a33323a226232616633363232303336346531656264623435346431323036326465346334223b61646d696e5f6c6f67696e7c733a313a2231223b61646d696e5f69647c733a313a2232223b6c6f67696e5f757365725f69647c733a313a2232223b6e616d657c733a363a22505255454241223b6c6f67696e5f747970657c733a353a2261646d696e223b),
('c80e7b48d4f8859e2e54a4dba45580bdd39a4e98', '157.230.19.140', 1719457605, 0x5f5f63695f6c6173745f726567656e65726174657c693a313731393435373630353b),
('c89e5a339bd6c1562c73a9e104ec035c89250383', '46.101.145.73', 1719476110, 0x5f5f63695f6c6173745f726567656e65726174657c693a313731393437363131303b),
('c97c0bddf5acabe4e34d24e52c2b85fb3dd2beb4', '23.106.249.53', 1719422224, 0x5f5f63695f6c6173745f726567656e65726174657c693a313731393432323138373b4642524c485f73746174657c733a33323a226636336337373736626264316461383464313838356663626361383865663462223b73747564656e745f6c6f67696e7c733a313a2231223b73747564656e745f69647c733a323a223132223b6c6f67696e5f757365725f69647c733a323a223132223b6e616d657c733a31343a22414e445245412056414c45524941223b6c6f67696e5f747970657c733a373a2273747564656e74223b),
('c996aa81d6456b306583674c5bbd76d1943ccf51', '51.222.253.4', 1718688806, 0x5f5f63695f6c6173745f726567656e65726174657c693a313731383638383830363b),
('c9eadda1350669364355d6f534eb3074675bc9e3', '192.175.111.232', 1719461430, 0x5f5f63695f6c6173745f726567656e65726174657c693a313731393436313433303b),
('c9f682d1c42b594d139bdf2928e3c4665d1b4284', '66.249.79.164', 1718659069, 0x5f5f63695f6c6173745f726567656e65726174657c693a313731383635393036393b),
('ca5020f952493fcefcc3f30da244765a938b523b', '103.39.51.89', 1719418682, 0x5f5f63695f6c6173745f726567656e65726174657c693a313731393431383638323b4642524c485f73746174657c733a33323a223563306437383736313632343664326431643432356464343663373234666439223b73747564656e745f6c6f67696e7c733a313a2231223b73747564656e745f69647c733a323a223132223b6c6f67696e5f757365725f69647c733a323a223132223b6e616d657c733a31343a22414e445245412056414c45524941223b6c6f67696e5f747970657c733a373a2273747564656e74223b),
('cb225520c657d5eb4d5cc9a596b299eeea1d1539', '104.164.173.253', 1719457681, 0x5f5f63695f6c6173745f726567656e65726174657c693a313731393435373638303b),
('cbb0091e47c628ec74a8305bfffc0b5a63b64805', '179.6.7.5', 1719354547, 0x5f5f63695f6c6173745f726567656e65726174657c693a313731393335343534373b4642524c485f73746174657c733a33323a223961653864396466383465323733646666323832613033396263393937396637223b61646d696e5f6c6f67696e7c733a313a2231223b61646d696e5f69647c733a313a2231223b6c6f67696e5f757365725f69647c733a313a2231223b6e616d657c733a333a224d722e223b6c6f67696e5f747970657c733a353a2261646d696e223b),
('cbe81c9b8f7fe6bf711015b97502fafc2d293e1f', '43.156.42.104', 1719157796, 0x5f5f63695f6c6173745f726567656e65726174657c693a313731393135373739363b),
('cc3a834733ec45b04e9dd0df7eb5ffe1a5b9faf8', '161.35.183.194', 1719413076, 0x5f5f63695f6c6173745f726567656e65726174657c693a313731393431333037363b),
('cc59f5072a5c3f49d87b437d17f25fb162c42d4f', '101.32.245.91', 1718699061, 0x5f5f63695f6c6173745f726567656e65726174657c693a313731383639393036313b),
('cc96ac624631f6e8d32dcd1a8eba9f9fa3b47b28', '179.6.7.5', 1719352690, 0x5f5f63695f6c6173745f726567656e65726174657c693a313731393335323639303b4642524c485f73746174657c733a33323a223961653864396466383465323733646666323832613033396263393937396637223b61646d696e5f6c6f67696e7c733a313a2231223b61646d696e5f69647c733a313a2231223b6c6f67696e5f757365725f69647c733a313a2231223b6e616d657c733a333a224d722e223b6c6f67696e5f747970657c733a353a2261646d696e223b),
('cf3c6425ef7a35d55026f933201b9817416dd9fa', '195.201.174.92', 1719354845, 0x5f5f63695f6c6173745f726567656e65726174657c693a313731393335343834353b),
('cf3de9752de093ddf09497e1adf9ed5dc39c71cc', '42.83.147.54', 1719369642, 0x5f5f63695f6c6173745f726567656e65726174657c693a313731393336393634323b),
('cf4b63b540fe486cb4c028d22212685d83778b0d', '178.62.211.27', 1719039293, 0x5f5f63695f6c6173745f726567656e65726174657c693a313731393033393239333b),
('cfc2f0c3a042d49151d9ccb93887cc69606d610d', '157.55.39.58', 1719093382, 0x5f5f63695f6c6173745f726567656e65726174657c693a313731393039333338323b4642524c485f73746174657c733a33323a226539373461333830343563323332393562306131623633616164323764346161223b),
('d0992576979128b8c4c3cc32ff8ed5775fbf6bfe', '34.0.79.148', 1719144782, 0x5f5f63695f6c6173745f726567656e65726174657c693a313731393134343738323b),
('d0cb778a9842e17a7901b79835aaab61ad9c3f33', '66.249.66.88', 1719098951, 0x5f5f63695f6c6173745f726567656e65726174657c693a313731393039383935313b),
('d16031d1c4f8bf9a89e5ff370a3938ef26fd9a06', '147.185.132.55', 1718817928, 0x5f5f63695f6c6173745f726567656e65726174657c693a313731383831373932383b),
('d2c07bab42d6eeb76d76e8f99726916ea69beb35', '179.6.7.5', 1719095652, 0x5f5f63695f6c6173745f726567656e65726174657c693a313731393039353634393b4642524c485f73746174657c733a33323a226339363530333330623132313933343866383363386331626265633331633132223b61646d696e5f6c6f67696e7c733a313a2231223b61646d696e5f69647c733a313a2231223b6c6f67696e5f757365725f69647c733a313a2231223b6e616d657c733a333a224d722e223b6c6f67696e5f747970657c733a353a2261646d696e223b),
('d36055091ce7e1938dc78a3f234634e3fa88b9f0', '45.139.67.209', 1719148752, 0x5f5f63695f6c6173745f726567656e65726174657c693a313731393134383735323b),
('d38ccffa92b18bd4ba902b58ffb22e2bc9f8d5f4', '168.119.104.209', 1719425133, 0x5f5f63695f6c6173745f726567656e65726174657c693a313731393432353133333b),
('d4dce8eeddc8bb43e6ae5dad154a00fe81608ff4', '91.92.243.120', 1719123481, 0x5f5f63695f6c6173745f726567656e65726174657c693a313731393132333437363b),
('d5013b38a97f4cb6c28aadf6a88f74f3b9eea67c', '43.157.197.122', 1719136059, 0x5f5f63695f6c6173745f726567656e65726174657c693a313731393133363035393b),
('d55520d4be551533e657ee2d8685518726d13187', '177.91.255.230', 1719459899, 0x5f5f63695f6c6173745f726567656e65726174657c693a313731393435393839393b4642524c485f73746174657c733a33323a226335643234643134646530663764626534303465633834633136643537333566223b61646d696e5f6c6f67696e7c733a313a2231223b61646d696e5f69647c733a313a2231223b6c6f67696e5f757365725f69647c733a313a2231223b6e616d657c733a333a224d722e223b6c6f67696e5f747970657c733a353a2261646d696e223b),
('d5905d05a255afe6955ca85b763bc45f183ceaa1', '47.251.15.21', 1719501125, 0x5f5f63695f6c6173745f726567656e65726174657c693a313731393530313132353b),
('d6921750cabcccef531a9b90a7859adba0b5260e', '47.88.78.6', 1719501125, 0x5f5f63695f6c6173745f726567656e65726174657c693a313731393530313132353b),
('d7699d736435fd9eaff71baf7a936204c3eb075b', '182.0.99.122', 1719411371, 0x5f5f63695f6c6173745f726567656e65726174657c693a313731393431313337313b),
('d878d23b8871959d73bb0e2260e6584e3801a57f', '52.167.144.231', 1718955402, 0x5f5f63695f6c6173745f726567656e65726174657c693a313731383935353430323b737563636573735f7265636f766572797c733a313a2231223b5f5f63695f766172737c613a313a7b733a31363a22737563636573735f7265636f76657279223b733a333a226e6577223b7d),
('d87d9683877b36e285ab5c9f300ccd7a2dc30be0', '178.62.211.27', 1719039294, 0x5f5f63695f6c6173745f726567656e65726174657c693a313731393033393239343b),
('d8ba3549509ee3473ab5f60be324988edae37557', '179.6.7.5', 1719353002, 0x5f5f63695f6c6173745f726567656e65726174657c693a313731393335333030323b4642524c485f73746174657c733a33323a223961653864396466383465323733646666323832613033396263393937396637223b61646d696e5f6c6f67696e7c733a313a2231223b61646d696e5f69647c733a313a2231223b6c6f67696e5f757365725f69647c733a313a2231223b6e616d657c733a333a224d722e223b6c6f67696e5f747970657c733a353a2261646d696e223b),
('d8bc92e28758010c122cc077e0303139647930ff', '43.156.42.104', 1718674290, 0x5f5f63695f6c6173745f726567656e65726174657c693a313731383637343239303b),
('d952e0f05706f630711f0ff1e0da3953116d0532', '43.134.34.133', 1718794255, 0x5f5f63695f6c6173745f726567656e65726174657c693a313731383739343235353b),
('da50726f04d57a662e01a5d60d3580fe827c7528', '43.153.84.184', 1718897886, 0x5f5f63695f6c6173745f726567656e65726174657c693a313731383839373838363b),
('da6d10d902cdd044102e7410f0ae1abc52a34b35', '179.6.7.5', 1719424820, 0x5f5f63695f6c6173745f726567656e65726174657c693a313731393432343832303b4642524c485f73746174657c733a33323a223961653864396466383465323733646666323832613033396263393937396637223b61646d696e5f6c6f67696e7c733a313a2231223b61646d696e5f69647c733a313a2231223b6c6f67696e5f757365725f69647c733a313a2231223b6e616d657c733a333a224d722e223b6c6f67696e5f747970657c733a353a2261646d696e223b),
('dba3135c88ff88ae927626d2ce58c7579d1a9e98', '179.6.7.5', 1719273116, 0x5f5f63695f6c6173745f726567656e65726174657c693a313731393237333131363b4642524c485f73746174657c733a33323a223961653864396466383465323733646666323832613033396263393937396637223b61646d696e5f6c6f67696e7c733a313a2231223b61646d696e5f69647c733a313a2231223b6c6f67696e5f757365725f69647c733a313a2231223b6e616d657c733a333a224d722e223b6c6f67696e5f747970657c733a353a2261646d696e223b),
('dc0cc227c14964c1a6f255ed0144710c9df9a253', '104.164.173.171', 1719457595, 0x5f5f63695f6c6173745f726567656e65726174657c693a313731393435373539353b),
('dc493966c8e22ecba02657070848bf6a5ffdde86', '154.28.229.172', 1719457590, 0x5f5f63695f6c6173745f726567656e65726174657c693a313731393435373539303b),
('dc74d032a2bdae4ff9f4bef45a669588ef3bfaf5', '43.135.149.154', 1719495486, 0x5f5f63695f6c6173745f726567656e65726174657c693a313731393439353438363b),
('dc8fb9ee3fe2b72062107fc35290c8d4989d82a5', '66.249.70.138', 1719032296, 0x5f5f63695f6c6173745f726567656e65726174657c693a313731393033323239363b),
('dc9030ce7b9c9b491ec920382baf978178ed5d99', '177.91.255.230', 1719459163, 0x5f5f63695f6c6173745f726567656e65726174657c693a313731393435393136333b4642524c485f73746174657c733a33323a226335643234643134646530663764626534303465633834633136643537333566223b61646d696e5f6c6f67696e7c733a313a2231223b61646d696e5f69647c733a313a2231223b6c6f67696e5f757365725f69647c733a313a2231223b6e616d657c733a333a224d722e223b6c6f67696e5f747970657c733a353a2261646d696e223b),
('dd2a5dc38bdfb6736c01bad5db20454b4aab8579', '223.244.35.77', 1719452754, 0x5f5f63695f6c6173745f726567656e65726174657c693a313731393435323735343b),
('dd82f070761851d568fd2aec6e3ee76eb733be55', '164.90.228.79', 1719457600, 0x5f5f63695f6c6173745f726567656e65726174657c693a313731393435373630303b),
('de83aca858ccc102ca7ddf63808bd54c39315b9e', '182.42.105.85', 1719361242, 0x5f5f63695f6c6173745f726567656e65726174657c693a313731393336313234313b),
('df32c8bb7311d0b069d4c6904a75ed1867b69346', '5.133.192.105', 1719275591, 0x5f5f63695f6c6173745f726567656e65726174657c693a313731393237353539313b),
('df395d6c7cbbe75b5ee386f864e0d8f6957c25eb', '157.55.39.55', 1719005537, 0x5f5f63695f6c6173745f726567656e65726174657c693a313731393030353533373b),
('dfaae49ad855dc7d53a39de6c78c083a2c3cde89', '161.35.83.60', 1718696185, 0x5f5f63695f6c6173745f726567656e65726174657c693a313731383639363138353b),
('dfbf95c246f5167b08f276819c408ed2129ff72d', '161.35.183.194', 1719413241, 0x5f5f63695f6c6173745f726567656e65726174657c693a313731393431333234313b),
('dfcb11a05646f517e2911d2ea7d7965dc32fa1b8', '52.167.144.186', 1719068741, 0x5f5f63695f6c6173745f726567656e65726174657c693a313731393036383734313b),
('e075ec2b7c00ba35278ae4ed9fc3bbf26fb05f43', '51.222.253.4', 1719058526, 0x5f5f63695f6c6173745f726567656e65726174657c693a313731393035383532363b),
('e0fdd73d89841af17a6bbede70fd49b93afd7e5b', '49.13.128.215', 1719425001, 0x5f5f63695f6c6173745f726567656e65726174657c693a313731393432353030313b),
('e1d5e0a1877725bb16182f9c2401d5ceecf10b10', '179.6.7.5', 1719261829, 0x5f5f63695f6c6173745f726567656e65726174657c693a313731393236313832393b4642524c485f73746174657c733a33323a223961653864396466383465323733646666323832613033396263393937396637223b61646d696e5f6c6f67696e7c733a313a2231223b61646d696e5f69647c733a313a2231223b6c6f67696e5f757365725f69647c733a313a2231223b6e616d657c733a333a224d722e223b6c6f67696e5f747970657c733a353a2261646d696e223b666c6173685f6d6573736167657c733a33323a22496e666f726d616369c3b36e20616772656761646120636f6e20c3a97869746f223b5f5f63695f766172737c613a313a7b733a31333a22666c6173685f6d657373616765223b733a333a226f6c64223b7d),
('e1ed83308c79a63b1ae2a524b8a852cbe594c2de', '43.134.44.82', 1719227234, 0x5f5f63695f6c6173745f726567656e65726174657c693a313731393232373233343b),
('e28e9f63ab724e59fe43b3853db15ce4e6b2fab9', '177.91.255.230', 1719461794, 0x5f5f63695f6c6173745f726567656e65726174657c693a313731393436313739343b4642524c485f73746174657c733a33323a226335643234643134646530663764626534303465633834633136643537333566223b61646d696e5f6c6f67696e7c733a313a2231223b61646d696e5f69647c733a313a2231223b6c6f67696e5f757365725f69647c733a313a2231223b6e616d657c733a333a224d722e223b6c6f67696e5f747970657c733a353a2261646d696e223b),
('e29a8fe565c4500c439e74566d671af98302e693', '36.99.136.137', 1718724757, 0x5f5f63695f6c6173745f726567656e65726174657c693a313731383732343735373b),
('e29e3d30954e2340e9206db31fc5208ab4e5c7bf', '40.77.167.241', 1719346512, 0x5f5f63695f6c6173745f726567656e65726174657c693a313731393334363531323b),
('e2d0d391f52cbf12e7d73b3e91b3bdddebf8010a', '114.5.216.156', 1719416826, 0x5f5f63695f6c6173745f726567656e65726174657c693a313731393431363832363b4642524c485f73746174657c733a33323a223563306437383736313632343664326431643432356464343663373234666439223b73747564656e745f6c6f67696e7c733a313a2231223b73747564656e745f69647c733a323a223132223b6c6f67696e5f757365725f69647c733a323a223132223b6e616d657c733a31343a22414e445245412056414c45524941223b6c6f67696e5f747970657c733a373a2273747564656e74223b),
('e545e20e95bfa642c7758a5f1186d4be4e06e410', '193.34.72.25', 1719087373, 0x5f5f63695f6c6173745f726567656e65726174657c693a313731393038373337333b),
('e587585b037ff98ff16645ed0a60133c31b030fb', '205.210.31.42', 1719008095, 0x5f5f63695f6c6173745f726567656e65726174657c693a313731393030383039353b),
('e77efeb1baa6b8ffede625efc35f720b1997bbd2', '179.6.7.5', 1719095235, 0x5f5f63695f6c6173745f726567656e65726174657c693a313731393039353233353b4642524c485f73746174657c733a33323a226339363530333330623132313933343866383363386331626265633331633132223b61646d696e5f6c6f67696e7c733a313a2231223b61646d696e5f69647c733a313a2231223b6c6f67696e5f757365725f69647c733a313a2231223b6e616d657c733a333a224d722e223b6c6f67696e5f747970657c733a353a2261646d696e223b),
('e8669ed9f78c1d9dd8d383dbb1406d60b5ecc20f', '43.156.42.104', 1719146363, 0x5f5f63695f6c6173745f726567656e65726174657c693a313731393134363336333b),
('e99715caab44ab8ea38dc8fba17f21d0a4be2af4', '3.15.207.146', 1719015232, 0x5f5f63695f6c6173745f726567656e65726174657c693a313731393031353233323b),
('ea18038587ce69acad0424a391784516e1aeb974', '179.6.7.5', 1719258572, 0x5f5f63695f6c6173745f726567656e65726174657c693a313731393235383537323b4642524c485f73746174657c733a33323a223961653864396466383465323733646666323832613033396263393937396637223b),
('eaa40cb35cf1e91bb672fc8a68cdef66d8aae922', '195.211.77.142', 1719457622, 0x5f5f63695f6c6173745f726567656e65726174657c693a313731393435373632323b),
('eac246cedb4927f39771d3e22dda89ddae633649', '40.77.167.241', 1718954262, 0x5f5f63695f6c6173745f726567656e65726174657c693a313731383935343236323b),
('eb50212d9724733b5ea7a2fbba2f8856915e5346', '179.6.7.5', 1719272180, 0x5f5f63695f6c6173745f726567656e65726174657c693a313731393237323138303b4642524c485f73746174657c733a33323a223961653864396466383465323733646666323832613033396263393937396637223b61646d696e5f6c6f67696e7c733a313a2231223b61646d696e5f69647c733a313a2231223b6c6f67696e5f757365725f69647c733a313a2231223b6e616d657c733a333a224d722e223b6c6f67696e5f747970657c733a353a2261646d696e223b),
('eb625b33452d8a4e641c14403ba6aaa400e9de07', '43.156.97.22', 1719161580, 0x5f5f63695f6c6173745f726567656e65726174657c693a313731393136313538303b),
('ebc5feef44dcc1f5d4862a087ea3ab7f56fcb4f7', '179.6.7.5', 1719275751, 0x5f5f63695f6c6173745f726567656e65726174657c693a313731393237353735313b4642524c485f73746174657c733a33323a223961653864396466383465323733646666323832613033396263393937396637223b61646d696e5f6c6f67696e7c733a313a2231223b61646d696e5f69647c733a313a2231223b6c6f67696e5f757365725f69647c733a313a2231223b6e616d657c733a333a224d722e223b6c6f67696e5f747970657c733a353a2261646d696e223b),
('ecbc8086c583d0b7bf1f18bf516fd84d0184f565', '118.127.8.98', 1719144789, 0x5f5f63695f6c6173745f726567656e65726174657c693a313731393134343738393b),
('ed85ad0b64bb92dcfd1cd9fc30de57e480a0fdcb', '207.46.13.130', 1718936681, 0x5f5f63695f6c6173745f726567656e65726174657c693a313731383933363638313b4642524c485f73746174657c733a33323a223862316338316539333361613961623432376565383439663161313435396562223b),
('ed8ca3d8f507452d6f63675e2d39d25c7ab4cc5c', '84.17.49.205', 1718679331, 0x5f5f63695f6c6173745f726567656e65726174657c693a313731383637393333303b6572726f727c733a373a2273756363657373223b5f5f63695f766172737c613a313a7b733a353a226572726f72223b733a333a226f6c64223b7d),
('ed9acfedc3e38f8300f747bf66ec45816d574ae3', '40.77.167.4', 1719439006, 0x5f5f63695f6c6173745f726567656e65726174657c693a313731393433393030363b),
('edb53b2ca0cc490c60199bf07b4c687d063d62a4', '179.6.7.5', 1719259200, 0x5f5f63695f6c6173745f726567656e65726174657c693a313731393235393230303b4642524c485f73746174657c733a33323a223961653864396466383465323733646666323832613033396263393937396637223b61646d696e5f6c6f67696e7c733a313a2231223b61646d696e5f69647c733a313a2231223b6c6f67696e5f757365725f69647c733a313a2231223b6e616d657c733a333a224d722e223b6c6f67696e5f747970657c733a353a2261646d696e223b),
('edda9439680a43d61d0d69590ccf7308ee973217', '54.38.85.37', 1719352123, 0x5f5f63695f6c6173745f726567656e65726174657c693a313731393335323132333b),
('ede918662c102dba75129542f79e790d206a7a55', '43.134.44.82', 1719140388, 0x5f5f63695f6c6173745f726567656e65726174657c693a313731393134303338383b),
('edfc0b09573b7eb8911d4efa0095a5d64e2875af', '179.6.7.5', 1719259525, 0x5f5f63695f6c6173745f726567656e65726174657c693a313731393235393532353b4642524c485f73746174657c733a33323a223961653864396466383465323733646666323832613033396263393937396637223b61646d696e5f6c6f67696e7c733a313a2231223b61646d696e5f69647c733a313a2231223b6c6f67696e5f757365725f69647c733a313a2231223b6e616d657c733a333a224d722e223b6c6f67696e5f747970657c733a353a2261646d696e223b),
('ee60b3326ecff4cd1f1a48909cd3e1407c270d57', '177.91.255.230', 1719462235, 0x5f5f63695f6c6173745f726567656e65726174657c693a313731393436323233353b4642524c485f73746174657c733a33323a226335643234643134646530663764626534303465633834633136643537333566223b61646d696e5f6c6f67696e7c733a313a2231223b61646d696e5f69647c733a313a2231223b6c6f67696e5f757365725f69647c733a313a2231223b6e616d657c733a333a224d722e223b6c6f67696e5f747970657c733a353a2261646d696e223b),
('ef270d17cb60eb121f68f9a58a74d6cb718bbbf2', '101.32.245.91', 1719221430, 0x5f5f63695f6c6173745f726567656e65726174657c693a313731393232313433303b),
('efe71eb625eb3f3160819833c8acb025506cdb04', '65.108.227.178', 1719327415, 0x5f5f63695f6c6173745f726567656e65726174657c693a313731393332373431353b);
INSERT INTO `ci_sessions` (`id`, `ip_address`, `timestamp`, `data`) VALUES
('f0339910ffba5bfbf92736c85f602c68ddc104f8', '179.6.7.5', 1719262969, 0x5f5f63695f6c6173745f726567656e65726174657c693a313731393236323936393b4642524c485f73746174657c733a33323a223961653864396466383465323733646666323832613033396263393937396637223b61646d696e5f6c6f67696e7c733a313a2231223b61646d696e5f69647c733a313a2231223b6c6f67696e5f757365725f69647c733a313a2231223b6e616d657c733a333a224d722e223b6c6f67696e5f747970657c733a353a2261646d696e223b666c6173685f6d6573736167657c733a33323a22496e666f726d616369c3b36e20616772656761646120636f6e20c3a97869746f223b5f5f63695f766172737c613a313a7b733a31333a22666c6173685f6d657373616765223b733a333a226f6c64223b7d),
('f115300a512e59fbf71fe005f26c982d0d77ca01', '64.15.129.103', 1719461429, 0x5f5f63695f6c6173745f726567656e65726174657c693a313731393436313432383b),
('f2b2e6724be878f4d88b51a5555f5e4dd62e1f6d', '179.6.7.5', 1719270190, 0x5f5f63695f6c6173745f726567656e65726174657c693a313731393237303139303b4642524c485f73746174657c733a33323a223961653864396466383465323733646666323832613033396263393937396637223b61646d696e5f6c6f67696e7c733a313a2231223b61646d696e5f69647c733a313a2231223b6c6f67696e5f757365725f69647c733a313a2231223b6e616d657c733a333a224d722e223b6c6f67696e5f747970657c733a353a2261646d696e223b666c6173685f6d6573736167657c733a33323a22496e666f726d616369c3b36e20616772656761646120636f6e20c3a97869746f223b5f5f63695f766172737c613a313a7b733a31333a22666c6173685f6d657373616765223b733a333a226f6c64223b7d),
('f2bd659ba45bc69d7a724dfe7d3b9e6e08808a85', '43.133.59.21', 1719165351, 0x5f5f63695f6c6173745f726567656e65726174657c693a313731393136353335313b),
('f3a11b7e206656ffa51ebd245caf67705f33b02e', '195.201.174.92', 1719354794, 0x5f5f63695f6c6173745f726567656e65726174657c693a313731393335343739343b),
('f4aade46fc72b2a83f97dbc53e0c8f93fe1a8e67', '52.167.144.215', 1719205639, 0x5f5f63695f6c6173745f726567656e65726174657c693a313731393230353633393b),
('f524f1bd9ed1535be837b4abfb30c18e65d957aa', '179.6.7.5', 1719262130, 0x5f5f63695f6c6173745f726567656e65726174657c693a313731393236323133303b4642524c485f73746174657c733a33323a223961653864396466383465323733646666323832613033396263393937396637223b61646d696e5f6c6f67696e7c733a313a2231223b61646d696e5f69647c733a313a2231223b6c6f67696e5f757365725f69647c733a313a2231223b6e616d657c733a333a224d722e223b6c6f67696e5f747970657c733a353a2261646d696e223b),
('f579fc0dddabe7ee17655ce148709b4d45961d14', '182.0.99.122', 1719412955, 0x5f5f63695f6c6173745f726567656e65726174657c693a313731393431323935353b),
('f7b43f91b00e095e1e3b241268ebd82a48057b3c', '45.55.112.20', 1719413334, 0x5f5f63695f6c6173745f726567656e65726174657c693a313731393431333333343b),
('f83ec2f08dea0fbfd7bc5b8fef25bb391077e81f', '195.201.174.92', 1719354765, 0x5f5f63695f6c6173745f726567656e65726174657c693a313731393335343736353b),
('f8bd760c930343e6a76f5ede549f5b838619564f', '94.23.203.202', 1719412549, 0x5f5f63695f6c6173745f726567656e65726174657c693a313731393431323534393b),
('f99551c690974d8d2e56455346383b20fd7f418c', '38.154.214.136', 1719217394, 0x5f5f63695f6c6173745f726567656e65726174657c693a313731393231373339343b),
('f9a84e5f68192b8bf6c5e80913e468cfce18f013', '67.159.8.150', 1719414049, 0x5f5f63695f6c6173745f726567656e65726174657c693a313731393431343034393b4642524c485f73746174657c733a33323a223230376362333662343131326537326431626131313139386630346234643464223b61646d696e5f6c6f67696e7c733a313a2231223b61646d696e5f69647c733a313a2232223b6c6f67696e5f757365725f69647c733a313a2232223b6e616d657c733a363a22505255454241223b6c6f67696e5f747970657c733a353a2261646d696e223b),
('fa24bc725807556c83e6a10374fc61c487c98750', '101.44.160.236', 1718862832, 0x5f5f63695f6c6173745f726567656e65726174657c693a313731383836323833323b),
('fa5345bfa8fae64baa77ba9259dfdb86fab1b2d1', '51.222.253.19', 1718815635, 0x5f5f63695f6c6173745f726567656e65726174657c693a313731383831353633353b),
('fb0ac2466c2c2850716c5778cf2aa2e05cd82544', '36.74.45.214', 1719371700, 0x5f5f63695f6c6173745f726567656e65726174657c693a313731393337313730303b4642524c485f73746174657c733a33323a226232616633363232303336346531656264623435346431323036326465346334223b61646d696e5f6c6f67696e7c733a313a2231223b61646d696e5f69647c733a313a2232223b6c6f67696e5f757365725f69647c733a313a2232223b6e616d657c733a363a22505255454241223b6c6f67696e5f747970657c733a353a2261646d696e223b),
('fb4ee614326dbacef6d2657cbd912517d0826172', '43.133.39.74', 1718934809, 0x5f5f63695f6c6173745f726567656e65726174657c693a313731383933343830393b),
('fb9e6d3bdc458e770059196e84a0ae6dd7a2e2de', '179.6.7.5', 1719261125, 0x5f5f63695f6c6173745f726567656e65726174657c693a313731393236313132353b4642524c485f73746174657c733a33323a223961653864396466383465323733646666323832613033396263393937396637223b61646d696e5f6c6f67696e7c733a313a2231223b61646d696e5f69647c733a313a2231223b6c6f67696e5f757365725f69647c733a313a2231223b6e616d657c733a333a224d722e223b6c6f67696e5f747970657c733a353a2261646d696e223b),
('fcc942093d720b1fefe9658d09fde3a80a88c56c', '171.79.87.232', 1718825939, 0x5f5f63695f6c6173745f726567656e65726174657c693a313731383832353933393b),
('fce1f6092eda4918e3c7ef3dcd33b62cdfa36a7e', '103.39.51.89', 1719418595, 0x5f5f63695f6c6173745f726567656e65726174657c693a313731393431383535343b4642524c485f73746174657c733a33323a223264363932363336303933366461623733326636343865663161666137616238223b73747564656e745f6c6f67696e7c733a313a2231223b73747564656e745f69647c733a323a223132223b6c6f67696e5f757365725f69647c733a323a223132223b6e616d657c733a31343a22414e445245412056414c45524941223b6c6f67696e5f747970657c733a373a2273747564656e74223b),
('fd6a6b9073149dcf8240ad3b3008f0dd8cff77e6', '162.55.161.29', 1719423011, 0x5f5f63695f6c6173745f726567656e65726174657c693a313731393432333031313b),
('fea4fcf2481a4ff0037a026748c56273f475c301', '179.6.7.5', 1719252832, 0x5f5f63695f6c6173745f726567656e65726174657c693a313731393235323833323b4642524c485f73746174657c733a33323a223434356361346164393531613733663331616266626362323533613137333232223b61646d696e5f6c6f67696e7c733a313a2231223b61646d696e5f69647c733a313a2231223b6c6f67696e5f757365725f69647c733a313a2231223b6e616d657c733a333a224d722e223b6c6f67696e5f747970657c733a353a2261646d696e223b),
('fea735b7032b292ca80533c0a3e0e8faf603648e', '68.183.17.173', 1719255639, 0x5f5f63695f6c6173745f726567656e65726174657c693a313731393235353633393b);

-- --------------------------------------------------------

--
-- Struktur dari tabel `class`
--

CREATE TABLE `class` (
  `class_id` int(11) NOT NULL,
  `name` longtext NOT NULL,
  `jornada_id` int(11) DEFAULT NULL,
  `teacher_id` int(11) NOT NULL,
  `nivel_id` int(11) DEFAULT NULL
) ENGINE=InnoDB DEFAULT CHARSET=utf8mb3 COLLATE=utf8mb3_unicode_ci;

--
-- Dumping data untuk tabel `class`
--

INSERT INTO `class` (`class_id`, `name`, `jornada_id`, `teacher_id`, `nivel_id`) VALUES
(2, 'COSMETOLOGIA - PELUQUERA', NULL, 0, NULL),
(3, 'SISTEMA DE UAS', NULL, 8, NULL),
(4, 'LASHISTA', NULL, 6, NULL),
(5, 'ESTTICA INTEGRAL', NULL, 5, NULL),
(6, 'COSMETOLOGA - BELLEZA', NULL, 0, NULL),
(7, 'PODOLOGA', NULL, 9, NULL);

-- --------------------------------------------------------

--
-- Struktur dari tabel `class_routine`
--

CREATE TABLE `class_routine` (
  `class_routine_id` int(11) NOT NULL,
  `class_id` int(11) DEFAULT NULL,
  `section_id` int(11) DEFAULT NULL,
  `subject_id` int(11) DEFAULT NULL,
  `year` longtext DEFAULT NULL,
  `teacher_id` int(11) DEFAULT NULL,
  `tbl_row` smallint(6) DEFAULT NULL,
  `tbl_col` smallint(6) DEFAULT NULL
) ENGINE=InnoDB DEFAULT CHARSET=utf8mb3 COLLATE=utf8mb3_unicode_ci;

--
-- Dumping data untuk tabel `class_routine`
--

INSERT INTO `class_routine` (`class_routine_id`, `class_id`, `section_id`, `subject_id`, `year`, `teacher_id`, `tbl_row`, `tbl_col`) VALUES
(296, 2, 2, 5, NULL, 2, 1, 1),
(297, 2, 2, 5, NULL, 2, 1, 2);

-- --------------------------------------------------------

--
-- Struktur dari tabel `deliveries`
--

CREATE TABLE `deliveries` (
  `id` int(11) NOT NULL,
  `homework_code` varchar(600) CHARACTER SET utf8mb3 COLLATE utf8mb3_unicode_ci NOT NULL,
  `student_id` int(11) NOT NULL,
  `date` varchar(600) CHARACTER SET utf8mb3 COLLATE utf8mb3_unicode_ci NOT NULL,
  `class_id` int(11) NOT NULL,
  `section_id` int(11) NOT NULL,
  `file_name` longtext CHARACTER SET utf8mb3 COLLATE utf8mb3_unicode_ci DEFAULT NULL,
  `student_comment` longtext CHARACTER SET utf8mb3 COLLATE utf8mb3_unicode_ci DEFAULT NULL,
  `teacher_comment` longtext CHARACTER SET utf8mb3 COLLATE utf8mb3_unicode_ci DEFAULT NULL,
  `subject_id` int(11) NOT NULL,
  `status` int(11) DEFAULT NULL,
  `homework_reply` longtext CHARACTER SET utf8mb3 COLLATE utf8mb3_unicode_ci DEFAULT NULL,
  `mark` int(11) DEFAULT NULL,
  `media_type` int(11) DEFAULT NULL,
  `delivery_code` varchar(200) DEFAULT NULL
) ENGINE=MyISAM DEFAULT CHARSET=latin1 COLLATE=latin1_swedish_ci;

--
-- Dumping data untuk tabel `deliveries`
--

INSERT INTO `deliveries` (`id`, `homework_code`, `student_id`, `date`, `class_id`, `section_id`, `file_name`, `student_comment`, `teacher_comment`, `subject_id`, `status`, `homework_reply`, `mark`, `media_type`, `delivery_code`) VALUES
(2, '76c8140d21', 3, '03/22 13:08', 2, 2, 'aee55a7', 'corregir ', 'buen trabajo', 9, 1, NULL, 20, NULL, NULL),
(3, '00d0811f7e', 3, '04/08 22:48', 2, 2, '8105d0a', 'Prueba', NULL, 15, 1, NULL, NULL, 2, '6e87d09c3d'),
(4, '9f73f3244d', 3, '04/08 17:52', 2, 2, NULL, '', NULL, 9, 1, '', NULL, 2, NULL),
(5, '1fb78be033', 17, '04/09 23:14', 2, 2, 'db295ec', '', NULL, 16, 1, NULL, NULL, 2, '09202d5f22'),
(6, '78e69e4aa3', 17, '04/10 09:27', 2, 2, 'c7b64e6', '', 'REGULAR PUEDE MEJORAR', 17, 1, NULL, 15, 2, 'a49479d384'),
(7, '24d48badc0', 3, '29/04/2024 12:15', 2, 2, 'f1754dd', '', NULL, 2, 1, NULL, NULL, 1, 'd464197072'),
(8, '7e96065fdb', 3, '02/05/2024 12:49', 2, 2, 'c5165e8', 'se envia la tarea', '', 17, 1, NULL, 15, 2, 'c699e9e375'),
(9, '8e9d9d3e9a', 3, '11/05/2024 12:42', 2, 2, '6fe7adf', 'pruebaa ', NULL, 17, 1, NULL, NULL, 2, '33f34ad845'),
(10, '762d9b6ed2', 3, '11/05/2024 12:51', 2, 2, '2fa8046', '', NULL, 17, 1, NULL, NULL, 2, '80336345a4'),
(11, '762d9b6ed2', 3, '11/05/2024 12:46', 2, 2, '5168b56', '', NULL, 17, 1, NULL, NULL, 2, '80336345a4');

-- --------------------------------------------------------

--
-- Struktur dari tabel `document`
--

CREATE TABLE `document` (
  `document_id` int(11) NOT NULL,
  `title` longtext DEFAULT NULL,
  `description` longtext DEFAULT NULL,
  `file_name` longtext DEFAULT NULL,
  `file_type` longtext DEFAULT NULL,
  `class_id` longtext DEFAULT NULL,
  `teacher_id` int(11) DEFAULT NULL,
  `timestamp` longtext DEFAULT NULL,
  `subject_id` int(11) DEFAULT NULL,
  `type` varchar(200) DEFAULT NULL,
  `year` varchar(200) DEFAULT NULL,
  `filesize` varchar(20) DEFAULT NULL,
  `wall_type` varchar(20) DEFAULT NULL,
  `publish_date` varchar(20) DEFAULT NULL,
  `upload_date` varchar(20) DEFAULT NULL,
  `section_id` int(11) DEFAULT NULL,
  `sync_status` int(11) DEFAULT 0,
  `attachment_name` longtext DEFAULT NULL,
  `drive_id` longtext DEFAULT NULL
) ENGINE=MyISAM DEFAULT CHARSET=utf8mb3 COLLATE=utf8mb3_unicode_ci;

--
-- Dumping data untuk tabel `document`
--

INSERT INTO `document` (`document_id`, `title`, `description`, `file_name`, `file_type`, `class_id`, `teacher_id`, `timestamp`, `subject_id`, `type`, `year`, `filesize`, `wall_type`, `publish_date`, `upload_date`, `section_id`, `sync_status`, `attachment_name`, `drive_id`) VALUES
(5, NULL, 'SILABOS DE CORTE DE CABELLO', NULL, 'PDF', '2', 1, '1711414016', 5, 'admin', NULL, '653.71KB', 'material', '2024-03-25 19:46:56', '03/25 07:46PM', 2, 1, NULL, NULL),
(4, NULL, 'SILABO DE CEPILLADO Y PLANCHADO', NULL, 'PDF', '2', 1, '1711413915', 4, 'admin', NULL, '534.22KB', 'material', '2024-03-25 19:45:15', '03/25 07:45PM', 2, 1, NULL, NULL),
(6, NULL, 'SILABOS DE PEINADO', NULL, 'PDF', '2', 1, '1711414088', 9, 'admin', NULL, '597.52KB', 'material', '2024-03-25 19:48:08', '03/25 07:48PM', 2, 1, NULL, NULL),
(7, NULL, 'SILABOS DE TINTE Y COLORIMETRIA', NULL, 'PDF', '2', 1, '1711414144', 14, 'admin', NULL, '611.07KB', 'material', '2024-03-25 19:49:04', '03/25 07:49PM', 2, 1, NULL, NULL),
(8, NULL, 'SILABOS DE ONDULACIN', NULL, 'PDF', '2', 1, '1711414225', 16, 'admin', NULL, '580.11KB', 'material', '2024-03-25 19:50:25', '03/25 07:50PM', 2, 1, NULL, NULL),
(9, NULL, '\r\nSILABO DE CEPILLADO Y PLANCHADO', NULL, 'PDF', '2', 1, '1711415589', 3, 'admin', NULL, '534.22KB', 'material', '2024-03-25 20:13:09', '03/25 08:13PM', 3, 1, NULL, NULL),
(10, NULL, 'SILABO DE PEINADO', NULL, 'PDF', '2', 1, '1711415654', 18, 'admin', NULL, '597.52KB', 'material', '2024-03-25 20:14:14', '03/25 08:14PM', 3, 1, NULL, NULL),
(11, NULL, 'SILABO DE TINTE Y COLORIMETRIA', NULL, 'PDF', '2', 1, '1711415692', 19, 'admin', NULL, '611.07KB', 'material', '2024-03-25 20:14:52', '03/25 08:14PM', 3, 1, NULL, NULL),
(12, NULL, 'SILABO DE ONDULACION', NULL, 'PDF', '2', 1, '1711415764', 21, 'admin', NULL, '580.11KB', 'material', '2024-03-25 20:16:04', '03/25 08:16PM', 3, 1, NULL, NULL),
(13, NULL, 'SILABO DE CORTE DE CABELLO', NULL, 'PDF', '2', 1, '1711415799', 22, 'admin', NULL, 'NAN', 'material', '2024-03-25 20:16:39', '03/25 08:16PM', 3, 1, NULL, NULL),
(14, NULL, 'SILABO DE CORTE DE CABELLO', NULL, 'PDF', '2', 1, '1711415828', 23, 'admin', NULL, '653.71KB', 'material', '2024-03-25 20:17:08', '03/25 08:17PM', 3, 1, NULL, NULL),
(15, NULL, 'Sample PDF', '1TK2yN7qq6O9M1os0VFAqnjFHT9cDoF9U', 'PDF', '2', 1, '1712093654', 17, 'admin', NULL, '12.95KB', 'material', '2024-04-02 16:34:14', '04/02 04:34PM', 2, 1, 'dummy.pdf', '12.95KB');

-- --------------------------------------------------------

--
-- Struktur dari tabel `dormitory`
--

CREATE TABLE `dormitory` (
  `dormitory_id` int(11) NOT NULL,
  `name` longtext NOT NULL,
  `number` longtext DEFAULT NULL
) ENGINE=MyISAM DEFAULT CHARSET=utf8mb3 COLLATE=utf8mb3_unicode_ci;

--
-- Dumping data untuk tabel `dormitory`
--

INSERT INTO `dormitory` (`dormitory_id`, `name`, `number`) VALUES
(1, 'SALON 101 ', NULL),
(2, 'SALON 201', NULL),
(3, 'SALON 202', NULL),
(4, 'SALON 301', NULL),
(5, 'SALON 302', NULL),
(6, 'SALON 303', NULL);

-- --------------------------------------------------------

--
-- Struktur dari tabel `email_template`
--

CREATE TABLE `email_template` (
  `email_template_id` int(11) NOT NULL,
  `task` longtext NOT NULL,
  `subject` longtext NOT NULL,
  `body` longtext NOT NULL,
  `instruction` longtext NOT NULL
) ENGINE=InnoDB DEFAULT CHARSET=utf8mb3 COLLATE=utf8mb3_unicode_ci;

--
-- Dumping data untuk tabel `email_template`
--

INSERT INTO `email_template` (`email_template_id`, `task`, `subject`, `body`, `instruction`) VALUES
(1, 'new_homework', 'New homework uploaded', '<p>Hi,</p>\r\n<p>Your teacher of&nbsp;[SUBJECT] has created a new&nbsp;homework to the system, the information is as follows:</p>\r\n<p><br />Title&nbsp;: [TITLE]</p>\r\n<p>Description: [DESCRIPTION]</p>\r\n<p>&nbsp;</p>\r\n<p>To review this homework, enter your <strong>Virtual Classroom</strong>,&nbsp;Homework section.</p>', ''),
(2, 'student_absences', 'Absenses', '<div>Hi&nbsp;<strong>[PARENT]</strong>,</div>\r\n<p>The reason for the mail is to notify you that your appreciable son&nbsp;<strong>[STUDENT]</strong>&nbsp; is not present in the classes today, if it is an emergency please contact the shcool.</p>', ''),
(3, 'student_reports', 'New report', '<div>\r\n<div>\r\n<p>Hi&nbsp;<strong>[PARENT]</strong>,</p>\r\n<p>A new discipline report has been created for <strong>[STUDENT]</strong>, please check the academic reports within your account.</p>\r\n</div>\r\n</div>', ''),
(4, 'parent_new_invoice', 'New invoice', '<p>Hi&nbsp;<strong>[PARENT]</strong>,</p>\r\n<p>A new invoice has been created for <strong>[STUDENT]</strong>,&nbsp;to see the details of the invoice please enter your payment management in your account.</p>', ''),
(5, 'student_new_invoice', 'New invoice', '<p>Hi <strong>[STUDENT]</strong>,</p>\r\n<p>A new invoice has been created with your name, to see the details of the invoice please enter your payment management in your account.</p>', '');

-- --------------------------------------------------------

--
-- Struktur dari tabel `enroll`
--

CREATE TABLE `enroll` (
  `enroll_id` int(11) NOT NULL,
  `enroll_code` longtext NOT NULL,
  `student_id` int(11) NOT NULL,
  `class_id` int(11) NOT NULL,
  `section_id` int(11) DEFAULT NULL,
  `roll` varchar(500) NOT NULL DEFAULT '0',
  `date_added` longtext NOT NULL,
  `year` longtext NOT NULL
) ENGINE=InnoDB DEFAULT CHARSET=utf8mb3 COLLATE=utf8mb3_unicode_ci;

--
-- Dumping data untuk tabel `enroll`
--

INSERT INTO `enroll` (`enroll_id`, `enroll_code`, `student_id`, `class_id`, `section_id`, `roll`, `date_added`, `year`) VALUES
(3, '0e12d9d', 3, 2, 2, 'COSMETOLOGIA', '1711049115', '2024'),
(4, '2a0c18f', 4, 2, 2, 'COSMETOLOGIA', '1711049337', '2024'),
(5, '5c12134', 5, 2, 2, 'COSMETOLOGIA', '1711049432', '2024'),
(6, '7ef63b8', 6, 2, 2, 'COSMETOLOGIA', '1711049479', '2024'),
(7, 'fd18d0a', 7, 2, 2, 'COSMETOLOGIA', '1711049522', '2024'),
(8, 'a3a46b1', 8, 2, 2, 'COSMETOLOGIA', '1711049580', '2024'),
(9, 'c7df289', 9, 2, 2, 'ESTILISMO', '1711049929', '2024'),
(10, '9902657', 10, 2, 2, 'COSMETOLOGIA', '1711050146', '2024'),
(11, 'dc23bc8', 11, 2, 2, 'ESTILISMO', '1711050239', '2024'),
(12, 'eb4b675', 12, 2, 2, 'ESTILISMO', '1711050700', '2024'),
(13, '5777bb0', 13, 2, 2, 'ESTILISMO ', '1711051354', '2024'),
(14, '292188c', 14, 2, 2, 'CEPILLADO (3V)', '1711052338', '2024'),
(15, 'b39f23e', 15, 2, 2, 'Lunes (Marilu ) - Martes y Jueves (Bertha) COSMETOLOGIA', '1711052434', '2024'),
(16, '0fa8e6f', 16, 2, 2, 'COSMETOLOGIA ( 3 VECES)', '1711052503', '2024'),
(17, 'ffc97da', 17, 2, 2, 'MART - MIER - JUEV COSMETOLOGIA', '1711052606', '2024'),
(18, 'd5b1c4c', 18, 2, 2, 'CORTE DE CABELLO (3V)', '1711052674', '2024'),
(19, '90f0dd7', 19, 2, 4, 'COSMETOLOGIA', '1711064754', '2024'),
(20, '5c86d5c', 20, 2, 4, 'COSMETOLOGIA', '1711064868', '2024'),
(21, '068b302', 21, 2, 4, 'COSMETOLOGIA', '1711064976', '2024'),
(22, '1a6d2e7', 22, 2, 4, 'COSMETOLOGIA', '1711065271', '2024'),
(23, 'afeacd9', 23, 2, 4, 'ESTILISMO ( LU - MIER - VIER - JEINER ) (MART - JUEVE -  MARILU)', '1711065447', '2024'),
(24, 'b112bc6', 24, 2, 4, 'COSMETOLOGIA', '1711065553', '2024'),
(25, 'ed7da3f', 25, 2, 4, 'CORTE DE CABELLO', '1711065629', '2024'),
(26, 'a024705', 26, 2, 4, 'TINTE', '1711066126', '2024'),
(27, 'fc06bc5', 27, 2, 4, 'COSMETOLOGIA', '1711066289', '2024'),
(28, 'd40a3e4', 28, 2, 4, 'COSMETOLOGIA MAR - JU', '1711066378', '2024'),
(29, '0cd8200', 29, 2, 4, 'COSMETOLOGIA', '1711066456', '2024'),
(30, '681eebf', 30, 2, 4, 'COSMETOLOGIA', '1711066590', '2024'),
(31, 'f2bd956', 31, 2, 4, 'COSMETOLOGIA', '1711067161', '2024'),
(32, '5c683f6', 32, 2, 4, '', '1711067329', '2024'),
(33, '2b9af74', 33, 2, 4, 'ESTILISMO', '1711067390', '2024'),
(34, 'ba5e80f', 34, 2, 4, 'ESTILISMO', '1711067468', '2024'),
(35, '690be56', 35, 2, 4, 'COSMETOLOGIA', '1711067594', '2024');

-- --------------------------------------------------------

--
-- Struktur dari tabel `events`
--

CREATE TABLE `events` (
  `id` int(11) NOT NULL,
  `title` varchar(255) NOT NULL,
  `color` varchar(15) DEFAULT NULL,
  `start` datetime NOT NULL,
  `end` datetime DEFAULT NULL
) ENGINE=InnoDB DEFAULT CHARSET=utf8mb3 COLLATE=utf8mb3_general_ci;

-- --------------------------------------------------------

--
-- Struktur dari tabel `exam`
--

CREATE TABLE `exam` (
  `exam_id` int(11) NOT NULL,
  `name` longtext NOT NULL,
  `start` longtext DEFAULT NULL,
  `end` longtext DEFAULT NULL,
  `class_id` int(11) DEFAULT NULL,
  `section_id` int(11) DEFAULT NULL,
  `subject_id` int(11) DEFAULT NULL
) ENGINE=InnoDB DEFAULT CHARSET=utf8mb3 COLLATE=utf8mb3_unicode_ci;

--
-- Dumping data untuk tabel `exam`
--

INSERT INTO `exam` (`exam_id`, `name`, `start`, `end`, `class_id`, `section_id`, `subject_id`) VALUES
(8, 'Modulo prueba 1', NULL, NULL, 2, 2, 2),
(9, 'Modulo prueba 2', NULL, NULL, 2, 2, 2),
(12, 'BASICO (PLANCHADO)', NULL, NULL, 2, 2, 17),
(13, 'Modulo prueba 3', NULL, NULL, 2, 2, 2),
(14, 'First exam', NULL, NULL, 4, 8, 31),
(15, 'AVANZADO', NULL, NULL, 4, 14, 32),
(16, 'INTERMEDIO', NULL, NULL, 4, 8, 33),
(17, 'First exam', NULL, NULL, 3, 5, 30),
(18, 'First exam', NULL, NULL, 2, 2, 4),
(19, 'BASICO', NULL, NULL, 2, 2, 5),
(20, 'INTERMEDIO', NULL, NULL, 2, 2, 5),
(21, 'INTERMEDIO', NULL, NULL, 2, 2, 17),
(22, 'First exam', NULL, NULL, 2, 3, 23);

-- --------------------------------------------------------

--
-- Struktur dari tabel `expense_category`
--

CREATE TABLE `expense_category` (
  `expense_category_id` int(11) NOT NULL,
  `name` longtext NOT NULL
) ENGINE=InnoDB DEFAULT CHARSET=utf8mb3 COLLATE=utf8mb3_unicode_ci;

-- --------------------------------------------------------

--
-- Struktur dari tabel `file`
--

CREATE TABLE `file` (
  `file_id` int(11) NOT NULL,
  `name` longtext CHARACTER SET utf8mb3 COLLATE utf8mb3_unicode_ci DEFAULT NULL,
  `size` varchar(20) CHARACTER SET utf8mb3 COLLATE utf8mb3_unicode_ci NOT NULL,
  `date` varchar(20) CHARACTER SET utf8mb3 COLLATE utf8mb3_unicode_ci NOT NULL,
  `user_type` varchar(20) CHARACTER SET utf8mb3 COLLATE utf8mb3_unicode_ci NOT NULL,
  `user_id` int(11) NOT NULL,
  `folder_token` longtext CHARACTER SET utf8mb3 COLLATE utf8mb3_unicode_ci DEFAULT NULL,
  `fileorder` varchar(200) CHARACTER SET utf8mb3 COLLATE utf8mb3_unicode_ci NOT NULL
) ENGINE=MyISAM DEFAULT CHARSET=latin1 COLLATE=latin1_swedish_ci;

-- --------------------------------------------------------

--
-- Struktur dari tabel `folder`
--

CREATE TABLE `folder` (
  `folder_id` int(11) NOT NULL,
  `name` varchar(200) CHARACTER SET utf8mb3 COLLATE utf8mb3_unicode_ci NOT NULL,
  `user_type` varchar(20) CHARACTER SET utf8mb3 COLLATE utf8mb3_unicode_ci NOT NULL,
  `user_id` int(11) NOT NULL,
  `date` varchar(200) CHARACTER SET utf8mb3 COLLATE utf8mb3_unicode_ci NOT NULL,
  `token` longtext CHARACTER SET utf8mb3 COLLATE utf8mb3_unicode_ci NOT NULL
) ENGINE=MyISAM DEFAULT CHARSET=latin1 COLLATE=latin1_swedish_ci;

-- --------------------------------------------------------

--
-- Struktur dari tabel `forum`
--

CREATE TABLE `forum` (
  `post_id` int(11) NOT NULL,
  `teacher_id` int(11) NOT NULL,
  `subject_id` int(11) NOT NULL,
  `class_id` int(11) NOT NULL,
  `timestamp` longtext CHARACTER SET utf8mb3 COLLATE utf8mb3_unicode_ci NOT NULL,
  `title` longtext CHARACTER SET utf8mb3 COLLATE utf8mb3_unicode_ci NOT NULL,
  `description` longtext CHARACTER SET utf8mb3 COLLATE utf8mb3_unicode_ci NOT NULL,
  `post_code` longtext CHARACTER SET utf8mb3 COLLATE utf8mb3_unicode_ci NOT NULL,
  `file_name` longtext CHARACTER SET utf8mb3 COLLATE utf8mb3_unicode_ci DEFAULT NULL,
  `section_id` int(11) NOT NULL,
  `post_status` int(11) DEFAULT 1,
  `type` varchar(200) CHARACTER SET utf8mb3 COLLATE utf8mb3_unicode_ci NOT NULL,
  `wall_type` varchar(20) CHARACTER SET utf8mb3 COLLATE utf8mb3_unicode_ci DEFAULT NULL,
  `publish_date` varchar(20) CHARACTER SET utf8mb3 COLLATE utf8mb3_unicode_ci DEFAULT NULL,
  `upload_date` varchar(20) CHARACTER SET utf8mb3 COLLATE utf8mb3_unicode_ci DEFAULT NULL,
  `exp` int(11) DEFAULT NULL,
  `sync_status` int(11) DEFAULT 0,
  `attachment_name` longtext DEFAULT NULL
) ENGINE=InnoDB DEFAULT CHARSET=latin1 COLLATE=latin1_swedish_ci;

-- --------------------------------------------------------

--
-- Struktur dari tabel `forum_message`
--

CREATE TABLE `forum_message` (
  `message` longtext CHARACTER SET utf32 COLLATE utf32_unicode_ci NOT NULL,
  `post_id` int(11) NOT NULL,
  `date` longtext CHARACTER SET utf8mb3 COLLATE utf8mb3_unicode_ci NOT NULL,
  `user_id` int(11) NOT NULL,
  `user_type` longtext CHARACTER SET utf8mb3 COLLATE utf8mb3_unicode_ci NOT NULL,
  `message_id` int(11) NOT NULL
) ENGINE=InnoDB DEFAULT CHARSET=latin1 COLLATE=latin1_swedish_ci;

-- --------------------------------------------------------

--
-- Struktur dari tabel `frontend`
--

CREATE TABLE `frontend` (
  `frontend_id` int(11) NOT NULL,
  `type` longtext CHARACTER SET utf8mb3 COLLATE utf8mb3_unicode_ci NOT NULL,
  `description` longtext CHARACTER SET utf8mb3 COLLATE utf8mb3_unicode_ci DEFAULT NULL
) ENGINE=MyISAM DEFAULT CHARSET=latin1 COLLATE=latin1_swedish_ci;

--
-- Dumping data untuk tabel `frontend`
--

INSERT INTO `frontend` (`frontend_id`, `type`, `description`) VALUES
(1, 'home_title', 'AULA VIRTUAL NAZARETH'),
(2, 'home_subtitle', 'Es una plataforma integral que combina tecnologa de vanguardia con pedagoga moderna. Diseada para apoyar la enseanza y el aprendizaje en un entorno digital, esta plataforma ofrece a estudiantes y profesores un espacio interactivo donde pueden conectarse, colaborar y acceder a recursos educativos de manera eficiente'),
(3, 'home_text_button_1', ''),
(4, 'home_redirect_button_1', ''),
(5, 'home_text_button_2', ''),
(6, 'home_redirect_button_2', ''),
(7, 'home_image', '63d837e65c47b2ef11289eed344bf130LOGOAULAVIRTUAL_Mesadetrabajo1.png'),
(8, 'why_us_title', 'MANTENTE INFORMADO SOBRE TU AVANCE ACADEMICO'),
(9, 'why_us_subtitle', 'CONOCE TODOS NUESTROS BENEFICIOS NAZARETH'),
(10, 'why_us_card_1_title', 'ACCESO EN LINEA'),
(11, 'why_us_card_1_description', 'Los estudiantes pueden acceder a sus cursos en lnea desde cualquier lugar y en cualquier momento, lo que brinda flexibilidad a sus horarios.'),
(12, 'why_us_card_2_title', 'CONTENIDO MULTIMEDIA'),
(13, 'why_us_card_2_description', 'El Aula Virtual permite la incorporacin de recursos multimedia, como videos, presentaciones y materiales interactivos, para enriquecer la experiencia de aprendizaje.'),
(14, 'why_us_card_3_title', 'COMUNICACION FACILITADA'),
(15, 'why_us_card_3_description', 'Los estudiantes pueden interactuar con profesores y compaeros a travs de foros de discusin, chat y videoconferencias, fomentando la colaboracin y la participacin activa.'),
(16, 'why_us_bottom_title', 'TODAS LAS HERRAMIENTAS EN UNA SOLA PLATAFORMA'),
(17, 'why_us_bottom_subtitle', 'Los estudiantes y profesores pueden acceder a NAZARETHNET en cualquier momento y desde cualquier lugar, lo que facilita la colaboracin y el aprendizaje en lnea.'),
(18, 'principal_intro', 'IMPACTO EN LA EDUCACIN TCNICA'),
(19, 'principal_title', 'La Plataforma Aula Virtual NAZARETH '),
(20, 'principal_description', 'El Aula Virtual de NAZARETH  ha transformado la educacin tcnica en Per al brindar un acceso ms amplio a la enseanza de calidad y al fomentar la adquisicin de habilidades prcticas. Esta plataforma ha demostrado ser especialmente valiosa durante los desafos globales, permitiendo la continuidad de la educacin en situaciones adversas.'),
(21, 'principal_text_button', ''),
(22, 'principal_redirect_button', ''),
(23, 'principal_image', 'f75b000a5d0c2c8527ff20a37557d3aastudents.png'),
(24, 'second_intro', 'Beneficios clave de Aula Virtual NAZARETH'),
(25, 'second_title', 'Experiencia del usuario Nazareth Lover'),
(26, 'second_description', 'Acceso 24/7: Los estudiantes y profesores pueden acceder a Blackboard en cualquier momento y desde cualquier lugar, lo que facilita la colaboracin y el aprendizaje en lnea.\r\n\r\nGestin de cursos: La plataforma permite a los docentes crear, gestionar y personalizar sus cursos de manera efectiva.\r\n\r\nRecursos en lnea: Los profesores pueden cargar materiales, tareas y recursos de aprendizaje en un solo lugar, simplificando la distribucin de contenidos.\r\n\r\nInteraccin: Blackboard ofrece herramientas de comunicacin y colaboracin, como foros, chat en vivo y videoconferencias, que fomentan la interaccin entre estudiantes y profesores.\r\n\r\nEvaluacin: La plataforma facilita la creacin y calificacin de exmenes y tareas, lo que simplifica el proceso de evaluacin'),
(27, 'second_text_button', ''),
(28, 'second_redirect_button', ''),
(29, 'second_image', '4a204d903e48828c21ae2e8c7abf3227last.png'),
(30, 'about_title', 'NAZARETH ESCUELA SUPERIOR'),
(31, 'about_subtitle', 'AVALADO POR MINEDU'),
(32, 'about_text_button', ''),
(33, 'about_redirect_button', ''),
(34, 'about_image', '94a7cdb8fd2c0ab7cce615336b73a9c4last.png'),
(35, 'widget_title', 'NAZARETH ESCUELA SUPERIOR'),
(36, 'widget_subtitle', 'Todos nacemos con un talento individual que merece ser desarrollado. En NAZARETH  queremos ayudarte a lograr el mximo potencial ofrecindote lo mejor en educacin.  Para ello, apostamos por la innovacin y la exigencia, con una formacin internacional abierta al mundo, sin fronteras.  Es por eso que contamos con un modelo educativo nico que potencia al mximo tu aprendizaje y te lleva al xito a trves del desarrollo y el fortalecimiento de tu talento natural, en la carrera profesional que ms te apasiona.  MARCA LA DIFERENCIA EN NAZARETH..'),
(37, 'about_mission', 'NUESTRA VISIN'),
(38, 'about_mission_description', 'Ser lder en la educacin tcnica por su excelencia acadmica y su capacidad\r\nde innovacin.'),
(39, 'about_vission', 'NUESTRA MISIN'),
(40, 'about_vission_description', 'Formar lideres integros e innovadores con visin empresarial para que\r\ntransformen el Per.'),
(41, 'about_bottom_title', 'TODAS LAS HERRAMIENTAS EN UNA MISMA PLATAFORMA'),
(42, 'about_bottom_subtitle', 'CONECTATE - CHAT - APRENDE'),
(43, 'about_intro_text', 'Experiencia del usuario en '),
(44, 'about_title_1', 'NAZARETH NET'),
(45, 'about_description_1', 'Es as como los estudiantes y docentes NAZARETH , pueden acceder a una plataforma de calidad para las clases virtuales, donde pueden planificar, organizar y realizar las actividades programadas para las prximas sesiones de clases, o visualizar las grabaciones de las videoconferencias. El Aula Virtual de NAZARETH, ofrece actividades ms interactivas y empticas de comunicacin para la comunidad NAZARECINA'),
(46, 'about_text_button', ''),
(47, 'about_redirect_button', ''),
(48, 'about_image_widget', '0a8faf6ff78a17c9d8dd144e2baeea62students.png'),
(49, 'footer_logo', 'e8c9c7ea7e86786b6bd19e7a4fb9194elogonazarethinstitute.png'),
(50, 'footer_text', 'Impulsamos tu Talento'),
(51, 'site_key', '6Lft9L8pAAAAAFXfdN5WLYzWPV0u_Ko8oDg5riOk'),
(52, 'secret_key', '6Lft9L8pAAAAAEQuqBKcz53XIMcN3ksK3Q-7fLVi'),
(53, 'map_contact', 'https://www.google.com/maps/embed?pb=!1m18!1m12!1m3!1d3902.2122089150153!2d-76.9368581249392!3d-12.028906688206487!2m3!1f0!2f0!3f0!3m2!1i1024!2i768!4f13.1!3m3!1m2!1s0x9105c54f3628dbd1%3A0xd19f8f87640142b8!2sNazareth%20Instituto%20de%20Belleza%20y%20Alta%20Costura!5e0!3m2!1ses-419!2spe!4v1713477503053!5m2!1ses-419!2spe');

-- --------------------------------------------------------

--
-- Struktur dari tabel `gallery`
--

CREATE TABLE `gallery` (
  `gallery_id` int(11) NOT NULL,
  `name` longtext CHARACTER SET utf8mb3 COLLATE utf8mb3_unicode_ci DEFAULT NULL,
  `size` varchar(20) CHARACTER SET utf8mb3 COLLATE utf8mb3_unicode_ci NOT NULL,
  `date` varchar(20) CHARACTER SET utf8mb3 COLLATE utf8mb3_unicode_ci NOT NULL
) ENGINE=MyISAM DEFAULT CHARSET=latin1 COLLATE=latin1_swedish_ci;

-- --------------------------------------------------------

--
-- Struktur dari tabel `gamification`
--

CREATE TABLE `gamification` (
  `id` int(11) NOT NULL,
  `subject_id` int(11) NOT NULL,
  `class_id` int(11) NOT NULL,
  `section_id` int(11) NOT NULL,
  `level` int(11) DEFAULT NULL,
  `point` int(11) DEFAULT NULL,
  `description` varchar(600) DEFAULT NULL,
  `year` varchar(200) DEFAULT NULL
) ENGINE=MyISAM DEFAULT CHARSET=latin1 COLLATE=latin1_swedish_ci;

--
-- Dumping data untuk tabel `gamification`
--

INSERT INTO `gamification` (`id`, `subject_id`, `class_id`, `section_id`, `level`, `point`, `description`, `year`) VALUES
(1, 9, 2, 2, 1, 100, 'EXCELENTE - CUMPLISTES LA META AL 100%', '2024'),
(2, 9, 2, 2, 2, 50, 'ESTAS EN CAMINO - PUEDES LOGRARLO 50%', '2024'),
(3, 9, 2, 2, 3, 20, 'ESTA EMPEZANDO NO TE DESANIMES', '2024'),
(4, 9, 2, 2, 4, 0, NULL, '2024'),
(5, 9, 2, 2, 5, 0, NULL, '2024'),
(6, 9, 2, 2, 6, 0, NULL, '2024'),
(7, 9, 2, 2, 7, 0, NULL, '2024'),
(8, 9, 2, 2, 8, 0, NULL, '2024'),
(9, 9, 2, 2, 9, 0, NULL, '2024'),
(10, 9, 2, 2, 10, 0, NULL, '2024'),
(11, 17, 2, 2, 1, 0, NULL, '2024'),
(12, 17, 2, 2, 2, 0, NULL, '2024'),
(13, 17, 2, 2, 3, 0, NULL, '2024'),
(14, 17, 2, 2, 4, 0, NULL, '2024'),
(15, 17, 2, 2, 5, 0, NULL, '2024'),
(16, 17, 2, 2, 6, 0, NULL, '2024'),
(17, 17, 2, 2, 7, 0, NULL, '2024'),
(18, 17, 2, 2, 8, 0, NULL, '2024'),
(19, 17, 2, 2, 9, 0, NULL, '2024'),
(20, 17, 2, 2, 10, 0, NULL, '2024'),
(21, 15, 2, 2, 1, 0, NULL, '2024'),
(22, 15, 2, 2, 2, 0, NULL, '2024'),
(23, 15, 2, 2, 3, 0, NULL, '2024'),
(24, 15, 2, 2, 4, 0, NULL, '2024'),
(25, 15, 2, 2, 5, 0, NULL, '2024'),
(26, 15, 2, 2, 6, 0, NULL, '2024'),
(27, 15, 2, 2, 7, 0, NULL, '2024'),
(28, 15, 2, 2, 8, 0, NULL, '2024'),
(29, 15, 2, 2, 9, 0, NULL, '2024'),
(30, 15, 2, 2, 10, 0, NULL, '2024'),
(31, 2, 2, 2, 1, 0, NULL, '2024'),
(32, 2, 2, 2, 2, 0, NULL, '2024'),
(33, 2, 2, 2, 3, 0, NULL, '2024'),
(34, 2, 2, 2, 4, 0, NULL, '2024'),
(35, 2, 2, 2, 5, 0, NULL, '2024'),
(36, 2, 2, 2, 6, 0, NULL, '2024'),
(37, 2, 2, 2, 7, 0, NULL, '2024'),
(38, 2, 2, 2, 8, 0, NULL, '2024'),
(39, 2, 2, 2, 9, 0, NULL, '2024'),
(40, 2, 2, 2, 10, 0, NULL, '2024');

-- --------------------------------------------------------

--
-- Struktur dari tabel `grade`
--

CREATE TABLE `grade` (
  `grade_id` int(11) NOT NULL,
  `name` longtext DEFAULT NULL,
  `grade_point` longtext DEFAULT NULL,
  `mark_from` int(11) DEFAULT NULL,
  `mark_upto` int(11) DEFAULT NULL
) ENGINE=InnoDB DEFAULT CHARSET=utf8mb3 COLLATE=utf8mb3_unicode_ci;

--
-- Dumping data untuk tabel `grade`
--

INSERT INTO `grade` (`grade_id`, `name`, `grade_point`, `mark_from`, `mark_upto`) VALUES
(1, 'EXCELENTE  (19 - 20)', 'AD ', 190, 200),
(7, 'BUEN TRABAJO ( 16-18)', 'A', 160, 189),
(8, 'REGULAR ( 13 - 15)', 'B', 130, 159),
(17, 'DESAPROBADO ( 0 - 12)', 'C', 0, 129);

-- --------------------------------------------------------

--
-- Struktur dari tabel `group_message`
--

CREATE TABLE `group_message` (
  `group_message_id` int(11) NOT NULL,
  `group_message_thread_code` longtext DEFAULT NULL,
  `sender` longtext DEFAULT NULL,
  `message` longtext DEFAULT NULL,
  `timestamp` longtext DEFAULT NULL,
  `read_status` int(11) DEFAULT NULL,
  `attached_file_name` longtext DEFAULT NULL,
  `file_type` varchar(200) DEFAULT NULL
) ENGINE=InnoDB DEFAULT CHARSET=utf8mb3 COLLATE=utf8mb3_unicode_ci;

-- --------------------------------------------------------

--
-- Struktur dari tabel `group_message_thread`
--

CREATE TABLE `group_message_thread` (
  `group_message_thread_id` int(11) NOT NULL,
  `group_message_thread_code` longtext DEFAULT NULL,
  `members` longtext DEFAULT NULL,
  `group_name` longtext DEFAULT NULL,
  `last_message_timestamp` longtext DEFAULT NULL,
  `created_timestamp` longtext DEFAULT NULL
) ENGINE=InnoDB DEFAULT CHARSET=utf8mb3 COLLATE=utf8mb3_unicode_ci;

-- --------------------------------------------------------

--
-- Struktur dari tabel `homework`
--

CREATE TABLE `homework` (
  `homework_id` int(11) NOT NULL,
  `homework_code` longtext CHARACTER SET utf8mb3 COLLATE utf8mb3_unicode_ci NOT NULL,
  `title` longtext CHARACTER SET utf8mb3 COLLATE utf8mb3_unicode_ci NOT NULL,
  `description` longtext CHARACTER SET utf8mb3 COLLATE utf8mb3_unicode_ci NOT NULL,
  `class_id` int(11) NOT NULL,
  `subject_id` int(11) NOT NULL,
  `uploader_id` int(11) NOT NULL,
  `time_end` longtext CHARACTER SET utf8mb3 COLLATE utf8mb3_unicode_ci NOT NULL,
  `section_id` int(11) NOT NULL,
  `uploader_type` longtext CHARACTER SET utf8mb3 COLLATE utf8mb3_unicode_ci NOT NULL,
  `file_name` longtext CHARACTER SET utf8mb3 COLLATE utf8mb3_unicode_ci NOT NULL,
  `date_end` varchar(600) CHARACTER SET utf8mb3 COLLATE utf8mb3_unicode_ci DEFAULT NULL,
  `type` int(11) NOT NULL,
  `user` varchar(200) CHARACTER SET utf8mb3 COLLATE utf8mb3_unicode_ci NOT NULL,
  `status` int(11) DEFAULT NULL,
  `year` varchar(20) CHARACTER SET utf8mb3 COLLATE utf8mb3_unicode_ci DEFAULT NULL,
  `filesize` varchar(20) CHARACTER SET utf8mb3 COLLATE utf8mb3_unicode_ci DEFAULT NULL,
  `wall_type` varchar(20) CHARACTER SET utf8mb3 COLLATE utf8mb3_unicode_ci DEFAULT NULL,
  `publish_date` varchar(20) CHARACTER SET utf8mb3 COLLATE utf8mb3_unicode_ci DEFAULT NULL,
  `upload_date` varchar(20) CHARACTER SET utf8mb3 COLLATE utf8mb3_unicode_ci DEFAULT NULL,
  `media_type` int(11) DEFAULT NULL,
  `exp` int(11) DEFAULT NULL,
  `sync_status` int(11) DEFAULT 0,
  `attachment_name` longtext DEFAULT NULL
) ENGINE=InnoDB DEFAULT CHARSET=latin1 COLLATE=latin1_swedish_ci;

--
-- Dumping data untuk tabel `homework`
--

INSERT INTO `homework` (`homework_id`, `homework_code`, `title`, `description`, `class_id`, `subject_id`, `uploader_id`, `time_end`, `section_id`, `uploader_type`, `file_name`, `date_end`, `type`, `user`, `status`, `year`, `filesize`, `wall_type`, `publish_date`, `upload_date`, `media_type`, `exp`, `sync_status`, `attachment_name`) VALUES
(2, '3db17d7e27', 'ejemplo', '&lt;p&gt;revisa la tarea&lt;/p&gt;\r\n', 2, 8, 1, '09:30', 2, 'admin', '', '03/05/2024', 2, 'admin', NULL, '2024', NULL, 'homework', '2024-03-21 14:55:40', '03/21 02:55PM', NULL, NULL, 0, NULL),
(7, '9f73f3244d', 'EJEMPLO', '&lt;p&gt;COMO CEPILLAR&lt;/p&gt;\r\n', 2, 9, 2, '09:30', 2, 'teacher', '', '04/13/2024', 1, 'admin', 1, '2024', NULL, 'homework', '2024-04-05 14:25:38', '04/05 02:25PM', 1, 10, 1, NULL),
(8, '00d0811f7e', 'ejemplo', '&lt;p&gt;tarea prueba&amp;nbsp;&lt;/p&gt;\r\n', 2, 15, 3, '09:30', 2, 'teacher', '', '04/08/2024', 2, 'teacher', 1, '2024', NULL, 'homework', '2024-04-08 17:40:49', '04/08 05:40PM', 1, 10, 1, NULL),
(9, '1b2032e816', 'prueba 2', '&lt;p&gt;prueba&amp;nbsp;&lt;/p&gt;\r\n', 2, 15, 3, '17:40', 2, 'teacher', '', '04/08/2024', 1, 'teacher', NULL, '2024', NULL, 'homework', '2024-04-08 17:43:28', '04/08 05:43PM', 2, 10, 1, NULL),
(10, '1fb78be033', 'PRUEBA', '&lt;p&gt;PRUEBA&lt;/p&gt;\r\n', 2, 16, 3, '09:30', 2, 'teacher', 'WhatsApp Image 2024-03-14 at 14.50.27.jpeg', '04/09/2024', 2, 'teacher', 1, '2024', NULL, 'homework', '2024-04-09 20:00:55', '04/09 08:00PM', 2, 10, 1, 'WhatsApp Image 2024-03-14 at 14.50.27.jpeg'),
(11, '762d9b6ed2', 'prueba', '&lt;p&gt;prueba&lt;/p&gt;\r\n', 2, 17, 2, '09:30', 2, 'teacher', 'WhatsApp Image 2024-03-14 at 14.50.27 (1).jpeg', '04/09/2024', 2, 'teacher', 1, '2024', NULL, 'homework', '2024-04-09 23:18:16', '04/09 11:18PM', 2, 10, 1, 'WhatsApp Image 2024-03-14 at 14.50.27 (1).jpeg'),
(13, '24d48badc0', 'prueba', '&lt;p&gt;pruebas&amp;nbsp;&lt;/p&gt;\r\n', 2, 2, 1, '09:30', 2, 'admin', '', '04/29/2024', 2, 'admin', 1, '2024', NULL, 'homework', '2024-04-29 12:13:07', '29/04/2024 12:13PM', 1, 100, 1, NULL),
(14, '7e96065fdb', 'TAREA SOBRE CORTE DE 0 GRADOS', '&lt;p&gt;1. HACER UN&amp;nbsp; RESUMEN&lt;/p&gt;\r\n\r\n&lt;p&gt;2. LEER DE LA PAGINA 2 A LA 50&lt;/p&gt;\r\n', 2, 17, 1, '09:30', 2, 'admin', 'SILABO DE CEPILLADO Y PLANCHADO.pdf', '05/02/2024', 2, 'admin', 1, '2024', NULL, 'homework', '2024-05-02 12:45:19', '02/05/2024 12:45PM', 1, 100, 1, 'SILABO DE CEPILLADO Y PLANCHADO.pdf'),
(15, '4b32768222', 'Tarea', '&lt;p&gt;Demo&lt;/p&gt;\r\n', 2, 17, 1, '09:30', 2, 'admin', '', '05/04/2024', 1, 'admin', NULL, '2024', NULL, 'homework', '2024-05-04 10:20:41', '04/05/2024 10:20AM', 2, 10, 1, NULL),
(17, '8e9d9d3e9a', 'pruebaa ', '&lt;p&gt;pruebaa&amp;nbsp;&lt;/p&gt;\r\n', 2, 17, 1, '09:30', 2, 'admin', '', '11/05/2024', 2, 'admin', 1, '2024', NULL, 'homework', '2024-05-11 12:30:06', '11/05/2024 12:30PM', 1, 100, 1, NULL);

-- --------------------------------------------------------

--
-- Struktur dari tabel `homework_files`
--

CREATE TABLE `homework_files` (
  `fhomework_file_id` int(11) NOT NULL,
  `homework_code` varchar(200) CHARACTER SET utf8mb3 COLLATE utf8mb3_unicode_ci DEFAULT NULL,
  `delivery_id` int(11) DEFAULT NULL,
  `student_id` int(11) DEFAULT NULL,
  `file` longtext CHARACTER SET utf8mb3 COLLATE utf8mb3_unicode_ci DEFAULT NULL,
  `edited_file_name` longtext CHARACTER SET utf8mb4 COLLATE utf8mb4_unicode_ci DEFAULT NULL,
  `edited` int(11) DEFAULT 0,
  `attachment_name` longtext DEFAULT NULL,
  `sync_status` int(11) DEFAULT 0,
  `mime` varchar(300) CHARACTER SET utf8mb4 COLLATE utf8mb4_unicode_ci DEFAULT NULL,
  `edited_name` longtext CHARACTER SET utf8mb4 COLLATE utf8mb4_unicode_ci DEFAULT NULL
) ENGINE=MyISAM DEFAULT CHARSET=latin1 COLLATE=latin1_swedish_ci;

--
-- Dumping data untuk tabel `homework_files`
--

INSERT INTO `homework_files` (`fhomework_file_id`, `homework_code`, `delivery_id`, `student_id`, `file`, `edited_file_name`, `edited`, `attachment_name`, `sync_status`, `mime`, `edited_name`) VALUES
(2, '76c8140d21', 2, 3, 'cRuqsxZJfv6G.pdf', 'edited-cRuqsxZJfv6G.pdf', 1, NULL, 0, 'application/pdf', NULL),
(3, '00d0811f7e', 3, 3, '1YXSKM-YOGifvD9Ajs_EM6z2FxGyy-nys', NULL, 0, 'COTIZ  MAMPARA SEORITA ELIZABETH.pdf', 1, 'application/pdf', NULL),
(4, '00d0811f7e', 3, 3, '18Y-SMGJVfLE3GAxv1cRHnL5nOkoGzouh', NULL, 0, 'COTIZ  MAMPARA SEORITA ELIZABETH.pdf', 0, 'application/pdf', NULL),
(14, '00d0811f7e', 3, 3, '1BnqqLB3-whT_KaKUBpFNYhclGTiUfPov', 'edited-Ukeqw9mSYdVx.pdf', 1, 'dummy.pdf', 0, 'application/pdf', 'Ukeqw9mSYdVx.pdf'),
(15, '1fb78be033', 5, 17, '1buzTlCDfKm8hrZYG3YcEUKo-8dYfE2it', NULL, 0, 'WhatsApp Image 2024-03-14 at 14.50.28 (3).jpeg', 1, 'image/jpeg', 'XNgTKAFs3ePZ.jpeg'),
(16, '78e69e4aa3', 6, 17, '1Y2TNY2BKOjpURuhqzUpIrGutU8FTNRxj', 'edited-0Il6rPZJgKVF.pdf', 1, 'SILABO DE CEPILLADO Y PLANCHADO.pdf', 1, 'application/pdf', '0Il6rPZJgKVF.pdf'),
(17, '7e96065fdb', 8, 3, '0', 'edited-DnKb3Lpg1Tic.pdf', 1, 'SILABO DE CORTE DE CABELLO.pdf', 1, 'application/pdf', 'DnKb3Lpg1Tic.pdf');

-- --------------------------------------------------------

--
-- Struktur dari tabel `horarios_examenes`
--

CREATE TABLE `horarios_examenes` (
  `horario_id` int(11) NOT NULL,
  `class_id` int(11) NOT NULL,
  `section_id` int(11) NOT NULL,
  `subject_id` int(11) NOT NULL,
  `time_start` int(11) NOT NULL,
  `time_end` int(11) NOT NULL,
  `time_start_min` varchar(11) CHARACTER SET utf8mb3 COLLATE utf8mb3_unicode_ci NOT NULL,
  `time_end_min` varchar(11) CHARACTER SET utf8mb3 COLLATE utf8mb3_unicode_ci NOT NULL,
  `day` longtext CHARACTER SET utf8mb3 COLLATE utf8mb3_unicode_ci NOT NULL,
  `year` longtext CHARACTER SET utf8mb3 COLLATE utf8mb3_unicode_ci NOT NULL,
  `fecha` longtext CHARACTER SET utf8mb3 COLLATE utf8mb3_unicode_ci DEFAULT NULL,
  `teacher_id` int(11) DEFAULT NULL,
  `amstart` varchar(20) CHARACTER SET utf8mb3 COLLATE utf8mb3_unicode_ci DEFAULT NULL,
  `amend` varchar(20) CHARACTER SET utf8mb3 COLLATE utf8mb3_unicode_ci DEFAULT NULL
) ENGINE=InnoDB DEFAULT CHARSET=latin1 COLLATE=latin1_swedish_ci;

-- --------------------------------------------------------

--
-- Struktur dari tabel `invoice`
--

CREATE TABLE `invoice` (
  `invoice_id` int(11) NOT NULL,
  `student_id` int(11) NOT NULL,
  `title` longtext NOT NULL,
  `description` longtext NOT NULL,
  `amount` int(11) NOT NULL,
  `amount_paid` longtext NOT NULL,
  `due` longtext NOT NULL,
  `creation_timestamp` varchar(20) NOT NULL,
  `payment_timestamp` longtext DEFAULT NULL,
  `payment_method` longtext DEFAULT NULL,
  `payment_details` longtext DEFAULT NULL,
  `status` longtext NOT NULL COMMENT 'paid or unpaid',
  `year` longtext DEFAULT NULL,
  `class_id` int(11) DEFAULT NULL
) ENGINE=MyISAM DEFAULT CHARSET=utf8mb3 COLLATE=utf8mb3_unicode_ci;

-- --------------------------------------------------------

--
-- Struktur dari tabel `language`
--

CREATE TABLE `language` (
  `phrase_id` int(11) NOT NULL,
  `phrase` longtext NOT NULL,
  `english` longtext NOT NULL,
  `spanish` longtext NOT NULL,
  `portuguese` longtext DEFAULT NULL,
  `hindi` longtext DEFAULT NULL,
  `french` longtext DEFAULT NULL,
  `serbian` longtext DEFAULT NULL,
  `arabic` longtext NOT NULL
) ENGINE=MyISAM DEFAULT CHARSET=utf8mb3 COLLATE=utf8mb3_unicode_ci;

--
-- Dumping data untuk tabel `language`
--

INSERT INTO `language` (`phrase_id`, `phrase`, `english`, `spanish`, `portuguese`, `hindi`, `french`, `serbian`, `arabic`) VALUES
(1, 'dashboard', 'Dashboard', 'Tablero', 'Painel de controle', '', 'Tableau de bord', ' ', ' '),
(2, 'parent', 'Parent', 'Padre', 'Pai', '-', 'Parent', '', ''),
(3, 'profile', 'Profile', 'Perfil', 'Perfil do usurio', '', 'Profil', '', ' '),
(4, 'logout', 'Logout', 'Cerrar sesin', 'Fechar Sesso', ' ', 'Connectez - Out', ' ', ''),
(5, 'messages', 'Messages', 'Mensajes', 'Postagens', '', 'Messages', '', ''),
(6, 'noticeboard', 'Noticeboard', 'Noticias y Eventos', 'Quadro de notcias', ' ', 'Tableau d\'affichage', ' ', ' '),
(7, 'teachers', 'Teachers', 'Profesores', 'Professores', ' ', 'Enseignants', '', ''),
(8, 'schedules', 'Schedules', 'Horarios', 'Horrios', '', 'Des horaires', '', ''),
(9, 'attendance', 'Attendance', 'Asistencia', 'Comparecimento', '', 'Prsence', '', ''),
(10, 'library', 'Library', 'Biblioteca', 'Biblioteca', '', 'Bibliothque', '', ''),
(11, 'marks', 'Marks', 'Calificaciones', 'Classificaes', '', 'Des notes', '', ''),
(12, 'classroom', 'Classroom', 'Salon', 'Sala de aula virtual', '', 'Salle de classe', '', ' '),
(13, 'payments', 'Payments', 'Pagos', 'Pagamentos', '', 'Paiements', '', ''),
(14, 'admins', 'Admins', 'Directores', 'Administradores', '', 'Administrateurs', '', ''),
(15, 'students', 'Students', 'Estudiantes', 'Estudantes', '', 'lves', '', ''),
(16, 'parents', 'Parents', 'Padres', 'Parentes', '-', 'Parents', '', ''),
(17, 'news', 'News', 'Noticias', 'Notcia', '', 'Nouvelles', '', ''),
(18, 'events', 'Events', 'Eventos', 'Eventos', '', 'vnements', '', ''),
(19, 'view_more', 'View more', 'Ver ms', 'Veja mais', ' ', 'Afficher plus', ' ', ' '),
(20, 'online_users', 'Online users', 'Usuarios en lnea', 'Usurios online', ' ', 'Utilisateurs en ligne', ' ', '  '),
(21, 'last_5_minutes', 'Last 5 minutes', 'ltimos 5 minutos', 'ltimos 5 minutos', ' 5 ', 'Dernires 5 minutes', ' 5 ', ' 5 '),
(22, 'polls', 'Polls', 'Encuestas', 'Enquetes', '', 'Les sondages', ' ', ' '),
(23, 'thank_you_polls', 'Thanks for your participation', 'Gracias por participar', 'Obrigado pela sua participao', '    ', 'Merci de votre participation', '   ', '  '),
(24, 'private_messages', 'Private messages', 'Mensajes Privados', 'Mensagens privadas', ' ', 'Messages privs', ' ', ' '),
(25, 'admin', 'Admin', 'Director', 'Administradores', '', 'Admin', '', ''),
(26, 'hi', 'Hi', 'Hola', 'Oi', '', 'salut', '', ''),
(27, 'message_home', 'Chat, Connect and Learn', 'Chatea, Conecta y Aprende', 'Bate-papo, Conecte e Aprenda', ' ,    ', 'Chat, connexion et apprentissage', '    ', '  '),
(28, 'write_message', 'Write your message', 'Escribir mensaje', 'Escreva sua mensagem', '  ', 'crivez votre message', ' ', ' '),
(29, 'send_file', 'Send a file', 'Enviar archivo', 'Enviar um arquivo', '  ', 'Envoyer un fichier', ' ', ' '),
(30, 'send', 'Send', 'Enviar', 'Enviar', '', 'Envoyer', '', ''),
(31, 'receiver', 'Receiver', 'Receptor', 'Receptor', '', 'Rcepteur', '', ''),
(32, 'view', 'View', 'Ver', 'Viso', '', 'Vue', '', ''),
(33, 'comment_success', 'Comment posted successfully', 'Comentario publicado', 'Comentrios publicados com sucesso', '    ', 'Commentaire publi avec succs', ' ', '   '),
(34, 'subject', 'Subject', 'Curso', 'Sujeito', '', 'Assujettir', '', ''),
(35, 'teacher', 'Teacher', 'Profesor', 'Professor', '', 'Prof', '', ''),
(36, 'send_message', 'Send message', 'Enviar mensaje', 'Enviar mensagem', ' ', 'Envoyer le message', ' ', ' '),
(37, 'class_routine', 'Class Routine', 'Horario de clases', 'Rotina de Classe', ' ', 'Routine de classe', ' ', ' '),
(38, 'exam_routine', 'Exam Routine', 'Horario de examenes', 'Rotina de exames', ' ', 'Routine d\'examen', ' ', ' '),
(39, 'attendance_report', 'Attendance report', 'Reporte de asistencia', 'Relatrio de presenas', ' ', 'Rapport de prsence', '  ', ' '),
(40, 'month', 'Month', 'Mes', 'Ms', '', 'Mois', ' ', ''),
(41, 'january', 'January', 'Enero', 'janeiro', '', 'janvier', '', ' '),
(42, 'february', 'February', 'Febrero', 'fevereiro', '', 'fvrier', '', ' '),
(43, 'march', 'March', 'Marzo', 'marcha', '', 'Mars', '', ''),
(44, 'april', 'April', 'Abril', 'abril', '', 'avril', '', ''),
(45, 'may', 'May', 'Mayo', 'mayo', '', 'Mai', '', ''),
(46, 'june', 'June', 'Junio', 'Junho', '', 'juin', 'jyh', ''),
(47, 'july', 'July', 'Julio', 'Julho', '', 'juillet', '', ''),
(48, 'august', 'August', 'Agosto', 'agosto', '', 'aot', '', ''),
(49, 'september', 'September', 'Septiembre', 'setembro', '', 'septembre', '', ''),
(50, 'october', 'October', 'Octubre', 'Outubro', '', 'octobre', '', ' '),
(51, 'november', 'November', 'Noviembre ', 'novembro', '', 'novembre', '', ' '),
(52, 'december', 'December', 'Diciembre', 'dezembro', '', 'dcembre', '', ''),
(53, 'student', 'Student', 'Estudiante', 'Aluna', '', 'tudiant', '', ' '),
(54, 'select', 'Select', 'Seleccionar', 'Selecione', ' ', 'Slectionner', '', ''),
(55, 'generate', 'Generate', 'Generar', 'Gerar', '', 'Gnrer', '', ''),
(56, 'type', 'Type', 'Tipo', 'Tipo', '', 'Type', '', ''),
(57, 'name', 'Name', 'Nombre', 'Nome', '', 'prnom', '', ''),
(58, 'author', 'Author', 'Autor', 'Autor', '', 'Auteur', '', ''),
(59, 'description', 'Description', 'Descripcin', 'Descrio', '', 'La description', '', ''),
(60, 'status', 'Status', 'Estado', 'Status', '', 'Statut', '', ''),
(61, 'price', 'Price', 'Precio', 'Preo', '', 'Prix', '', ''),
(62, 'download', 'Download', 'Descargar', 'Download', '', 'Tlcharger', '', ''),
(63, 'normal', 'Normal', 'Normal', 'Normal', '', 'Normal', '', ''),
(64, 'no_downloaded', 'No file to download', 'No disponible', 'Nenhum arquivo para baixar', '      ', 'Aucun fichier  tlcharger', ' ', '   '),
(65, 'virtual', 'Virtual', 'Virtual', 'Virtual', '', 'Virtuel', '', ''),
(66, 'roll', 'Roll ID', 'Roll ID', 'Roll ID', ' ', 'Roll ID', '', ' '),
(67, 'class', 'Class', 'Grado', 'Classe', '', 'Classe', '', ' '),
(68, 'section', 'Section', 'Seccin', 'Seo', '', 'Section', '', ''),
(69, 'mark', 'Mark', 'Nota', 'Marca', '', 'marque', '', ''),
(70, 'comment', 'Comment', 'Comentario', 'Comente', '', 'Commentaire', '', ''),
(71, 'view_all', 'View all', 'Ver todo', 'Ver tudo', '  ', 'Voir tout', ' ', ' '),
(72, 'online_exams', 'Online exams', 'Exmenes en lnea', 'Exames on-line', ' ', 'Examens en ligne', ' ', '  '),
(73, 'homework', 'Homework', 'Tarea', 'Dever de casa', '  ', 'Devoirs', ' ', ' '),
(74, 'study_material', 'Study material', 'Material de estudio', 'Material de estudo', ' ', 'Matriel d\'tude', ' ', ' '),
(75, 'syllabus', 'Syllabus', 'Contenidos de unidad', 'Programa de Estudos', '', 'Programme', ' ', ''),
(76, 'title', 'Title', 'Ttulo', 'Ttulo', '', 'Titre', '', ''),
(77, 'start_date', 'Start date', 'Fecha de inicio', 'Data de incio', '   ', 'Date de dbut', ' ', ' '),
(78, 'end_date', 'End date', 'Fecha lmite', 'Data final', ' ', 'Date de fin', ' ', ' '),
(79, 'results', 'Results', 'Resultados', 'Resultados', '', 'Rsultats', '', ''),
(80, 'view_results', 'View results', 'Ver resultados', 'Ver resultados', ' ', 'Voir les rsultats', ' ', ' '),
(81, 'no_data', 'No data available', 'Sin datos', 'No h dados disponveis', '    ', 'Pas de donnes disponibles', ' ', '  '),
(82, 'of', 'of', 'de', 'of', '', 'de', '', ''),
(83, 'delivery_date', 'Delivery date', 'Fecha de entrega', 'Data de entrega', '  ', 'Date de livraison', ' ', '   '),
(84, 'details', 'Details', 'Detalles', 'Detalhes', '', 'Dtails', '', ''),
(85, 'back', 'Back', 'Regresar', 'Back', '', 'Arrire', '', ' '),
(86, 'file', 'File', 'Archivo', 'Arquivo', '', 'Fichier', '', ''),
(87, 'no_delivered', 'Not delivered', 'No entregado', 'No entregue', '  ', 'Non livrs', ' ', '  '),
(88, 'information', 'Information', 'Estudiantes', 'Em formao', '', 'Information', '', ''),
(89, 'limit_date', 'Limit date', 'Fecha limite', 'Data-limite', ' ', 'Date limite', ' ', ' '),
(90, 'allowed_deliveries', 'Deliveries allowed up to', 'Se permiten entregas hasta', 'Entregas permitidas at', '   ', 'Les livraisons ont permis jusqu\'', '   ', '     '),
(91, 'unrated', 'Unrated', 'Sin calificar', 'Sem classificao', '', 'Non valu', '', ' '),
(92, 'teacher_comment', 'Teacher comment', 'Comentario del profesor', 'Comentrio do professor', ' ', 'Commentaire de l\'enseignant', ' ', ' '),
(93, 'date', 'Date', 'Fecha', 'Date', '', 'Rendez-vous amoureux', '', ''),
(94, 'upload_by', 'Uploaded by', 'Subido por', 'Enviado por', '  ', 'telecharg par', ' ', '  ...'),
(95, 'subject_marks', 'Subject marks', 'Calificaciones por curso', 'Marcas de assunto', '  ', 'Signes du sujet', '  ', ' '),
(96, 'activity', 'Activity', 'Actividad', 'Atividade', '', 'Activit', '', ''),
(97, 'amount', 'Amount', 'Monto', 'Montante', '', 'Montant', '', ''),
(98, 'invoice', 'Invoice', 'Factura', 'Fatura', '', 'Facture d\'achat', '', ''),
(99, 'make_payment', 'Make payment', 'Realizar pago', 'Faa o pagamento', ' ', 'Effectuer le paiement', ' ', ' '),
(100, 'pay_with_paypal', 'Pay with PayPal', 'Pagar con PayPal', 'Pagar com PayPal', '    ', 'Payer avec PayPal', '  ', '   '),
(101, 'view_invoice', 'View invoice', 'Ver factura', 'Ver fatura', ' ', 'Voir la facture', ' ', ' '),
(102, 'phone', 'Phone', 'Celular', 'telefone', '', 'Tlphone', '', ''),
(103, 'total', 'Total', 'Total', 'Total', '', 'Total', '', ''),
(104, 'login', 'Login', 'Acceder', 'Entrar', '  ', 'S\'identifier', ' ', ' '),
(105, 'username', 'Username', 'Usuario', 'Nome de usurio', ' ', 'Nom d\'utilisateur', ' ', ' '),
(106, 'password', 'Password', 'Contrasea', 'Senha', '', 'Mot de passe', '', ' '),
(107, 'register', 'Register', 'Registrarse', 'registo', '', 'registre', '', ''),
(108, 'lost_password', 'Lost password', 'Perdiste tu contrasea?', 'Senha perdida', '  ', 'Mot de passe perdu', '    ?', '  '),
(109, 'create_account', 'Create an account', 'Crear cuenta', 'Crie a sua conta aqui', ' ', 'Crer un compte', ' ', ' '),
(110, 'email', 'Email', 'Correo', 'O email', '', 'Email', '', ' '),
(111, 'address', 'Address', 'Direccin', 'Endereo', '', 'Adresse', '', ''),
(112, 'birthday', 'Birthday', 'Cumpleaos', 'Aniversrio', '', 'Anniversaire', '', ' '),
(113, 'gender', 'Gender', 'Gnero', 'Gnero', '', 'Le genre', '', ''),
(114, 'male', 'Male', 'Masculino', 'Masculino', '', 'Mle', '', ''),
(115, 'female', 'Female', 'Femenino', 'Fmea', '', 'Femelle', ' ', ''),
(116, 'profession', 'Profession', 'Profesin', 'Profisso', '', 'Mtier', '', ''),
(117, 'recover_your_password', 'Recover your password', 'Recupera tu contrasea', 'Recupere sua senha', '   ', 'Rcuprez votre mot de passe', '  ', '  '),
(118, 'enter_email', 'Enter your email', 'Ingresa tu correo', 'Insira seu email', '   ', 'Entrer votre Email', ' ', '  '),
(119, 'recover', 'Recover', 'Recuperar', 'Recuperar', '', 'Rcuprer', ' ', ''),
(120, 'invalid_data', 'Invalid information', 'Datos incorrectos, verifique y vuelva a intentar', 'Informao invlida', ' ', 'Informations invalides', ' ,     ', '  '),
(121, 'subjects', 'Subjects', 'Cursos', 'assuntos', '', 'Sujets', '', ''),
(122, 'permissions', 'Permissions', 'Permisos', 'Permisses', '', 'Autorisations', '', ''),
(123, 'teacher_report', 'Teacher reports', 'Reporte de profesores', 'Relatrios dos professores', '  ', 'Rapports des enseignants', ' ', ' '),
(124, 'private_message', 'Private messages', 'Mensajes privados', 'Mensagens privadas', ' ', 'Messages privs', ' ', ' '),
(125, 'your_marks', 'Your marks', 'Tus calificaciones', 'Suas marcas', ' ', 'Vos marques', ' ', ''),
(126, 'print', 'Print', 'Imprimir ', 'Impresso', '', 'Impression', '', ''),
(127, 'forum', 'Forum', 'Foro', 'Frum', '', 'Forum', '', ''),
(128, 'options', 'Options', 'Opciones', 'Opes', '', 'Options', '', ''),
(129, 'exam_finish', 'Finish exam', 'El examen ha finalizado', 'Termine o exame', '  ', 'Fin de l\'examen', '  ', ' '),
(130, 'exam_results', 'Exam results', 'Resultados del examen', 'Resultados dos exames', '  ', 'Rsultats d\'examen', ' ', ' '),
(131, 'question', 'Question', 'Pregunta', 'Questo', '', 'Question', '', ''),
(132, 'correct_answer', 'Correct answer', 'Respuesta correcta', 'Resposta correta', ' ', 'Bonne rponse', ' ', ' '),
(133, 'answer', 'Answer', 'Respuesta', 'Responda', '', 'Rpondre', '', ''),
(134, 'no_response', 'Unanswered', 'Sin responder', 'Sem resposta', '', 'Sans rponse', ' ', '   '),
(135, 'solved_in', 'Solved in', 'Resuelto en', 'Resolvido em', ' ', 'Rsolu dans', '', ' '),
(136, 'correct_answers', 'Correct answers', 'Respuestas correctas', 'Respostas corretas', ' ', 'Bonnes rponses', ' ', ' '),
(137, 'average', 'Average', 'Promedio', 'Mdia', '', 'Moyenne', '', ''),
(138, 'homework_details', 'Homework details', 'Detalles de la tarea', 'Detalhes do dever de casa', ' ', 'Dtail des devoirs', ' ', '  '),
(139, 'send_teacher_comment', 'Send a comment to the teacher', 'Enviar un comentario al profesor', 'Envie um comentrio ao professor', '    ', 'Envoyer un commentaire  l\'enseignant', '  ', '   '),
(140, 'premissions', 'ss', 'Permisos', '', '', '', '', ''),
(141, 'apply', 'Apply', 'Aplicar', 'Aplique', ' ', 'Appliquer', '', ''),
(142, 'reason', 'Reason', 'Motivo', 'Razo', '', 'Raison', '', ''),
(143, 'from', 'From', 'Desde', 'A partir de', '', 'De', '', ' '),
(144, 'until', 'Until', 'Hasta', 'At', ' ', 'Jusqu\'', ' ', ''),
(145, 'approved', 'Approved', 'Aprobado', 'Aprovado', ' ', 'Approuv', '', ''),
(146, 'rejected', 'Rejected', 'Rechazado', 'Rejeitado', '', 'Rejet', '', ''),
(147, 'create', 'Create', 'Crear', 'Crio', ' ', 'Crer', '', ''),
(148, 'code', 'Code', 'Cdigo', 'Cdigo', '', 'Code', '', ''),
(149, 'priority', 'Priority', 'Prioridad', 'Prioridade', '', 'Priorit', '', ''),
(150, 'high', 'High', 'Alta', 'Alto', '', 'Haute', '', ''),
(151, 'pending', 'Pending', 'Pendiente', 'Pendente', '', 'en attendant', ' ', ' '),
(152, 'create_teacher_report', 'Create teacher report', 'Nuevo reporte de profesor', 'Criar relatrio do professor', '  ', 'Crer un rapport d\'enseignant', '  ', '  '),
(153, 'report', 'Report', 'Reporte', 'Relatrio', '', 'rapport', '', ' '),
(154, 'low', 'Low', 'Baja', 'Baixo', '', 'Faible', '', ''),
(155, 'middle', 'Middle', 'Media', 'Meio', '', 'Milieu', '', ''),
(156, 'files', 'Files', 'Archivos', 'arquivos', '', 'Des dossiers', '', ''),
(157, 'view_report', 'View report', 'Ver reporte', 'Exibir relatrio', ' ', 'Voir le rapport', ' ', ' '),
(158, 'active', 'Active', 'Activo', 'Ativo', '', 'actif', '', ''),
(159, 'personal_information', 'Personal information', 'Informacin personal', 'Informao pessoal', ' ', 'Informations personnelles', ' ', ' '),
(160, 'update_password', 'Update password', 'Actualizar contrasea', 'Atualizar senha', '  ', 'Update password', ' ', '  '),
(161, 'photo', 'Profile Photo', 'Fotografa', 'Foto de perfil', ' ', 'Photo de profil', '', '  '),
(162, 'update', 'Update', 'Actualizar', 'Atualizar', '', 'Mettre  jour', '', ''),
(163, 'take_exam', 'Take exam', 'Tomar examen', 'Fazer exame', ' ', 'Passer un examen', ' ', ' '),
(164, 'total_questions', 'Total Questions', 'Preguntas totales', 'Perguntas totais', ' ', 'Total des questions', ' ', ' '),
(165, 'duration', 'Duration', 'Duracin', 'Durao', '', 'Dure', '', ' '),
(166, 'minutes', 'minutes', 'minutos', 'minutos', '', 'minutes', '', ''),
(167, 'average_required', 'Average required', 'Promedio requerido', 'Mdia requerida', ' ', 'Moyenne requise', ' ', ' '),
(168, 'answer_all_questions', 'Answer all the questions before sending your exam.', 'Asegrate de responder todas las preguntas antes de finalizar', 'Responda todas as perguntas antes de enviar seu exame', '         ', 'Rpondez  toutes les questions avant d\'envoyer votre examen.', '        ', '      .'),
(169, 'finish_message', 'When finished your results will be displayed automatically', 'Al finalizar se mostrarn tus resultados automticamente', 'Quando terminar, seus resultados sero exibidos automaticamente', '            ', 'Une fois les rsultats termins, vos rsultats s\'affichent automatiquement', ' ,     ', '     '),
(170, 'important', 'IMPORTANT', 'IMPORTANTE', 'IMPORTANTE', '', 'IMPORTANT', '', ''),
(171, 'important_message', 'At the end of the exam, be sure to click on the End exam button, which is located on the top left', 'Al finalizar el examen asegrate de hacer click en el botn Finaliza examen, que se encuentra en la parte superior izquierda', 'No final do exame, certifique-se de clicar no boto Executar final, que est localizado na parte superior esquerda', '   ,        ,      ', ' la fin de l\'examen, assurez-vous de cliquer sur le bouton Fin de l\'examen, situ en haut  gauche', '             ', '             '),
(172, 'start_exam', 'Start exam', 'Iniciar examen', 'Iniciar exame', ' ', 'Examen de dpart', ' ', ' '),
(173, 'online_exam', 'Online exam', 'Examen en lnea', 'Exame on-line', ' ', 'Examen en ligne', ' ', '  '),
(174, 'time_left', 'Time left', 'Tiempo restante', 'Tempo restante', ' ', 'Temps restant', ' ', ' '),
(175, 'finish_exam', 'Finish exam', 'Finalizar examen', 'Termine o exame', '  ', 'Fin de l\'examen', ' ', ' '),
(176, 'success', 'Success', 'Exito', 'Sucesso', '', 'Succs', '', ''),
(177, 'success_delivery', 'Has been delivered', 'Has entregado esta tarea correctamente', 'Foi entregue', '   ', 'A t livr', '    ', ' '),
(178, 'submitted_for_review', 'Submitted for review', 'Enviada para revisin', 'Enviado para reviso', '     ', 'Soumis pour examen', '  ', '  '),
(179, 'no_required', 'This task does not require you to submit a file, you can respond in the text box below.', 'Esta tarea no requiere que enves un archivo en lnea, puedes resolverla en el siguiente cuadro de texto, cuando finalices haz click en enviar', 'No exigido', ' ', 'Non requis', '          ,       ,      ', ' '),
(180, 'users', 'Users', 'Usuarios', 'Users', '', 'Utilisateurs', '', ''),
(181, 'notifications', 'Notifications', 'Notificaciones', 'Notificaes', '', 'Notifications', '', ''),
(182, 'behavior', 'Behavior', 'Disciplina', 'Comportamento', '', 'Comportement', '', ''),
(183, 'accounting', 'Accounting', 'Contabilidad', 'Contabilidade', '', 'Comptabilit', '', ''),
(184, 'teacher_files', 'Teacher files', 'Archivos para profesores', 'Arquivos de professores', ' ', 'Fichiers d\'enseignant', ' ', ' '),
(185, 'classrooms', 'Classrooms', 'Salones de clases', 'Salas de aula', '', 'Salles de classe', '', ' '),
(186, 'school_bus', 'School bus', 'Bus escolar', 'nibus escolar', ' ', 'Bus scolaire', ' ', ' '),
(187, 'system_settings', 'System Settings', 'Ajustes del sistema', 'Configuraes de sistema', ' ', 'Les paramtres du systme', ' ', ' '),
(188, 'academic_settings', 'Academic Settings', 'Ajustes acadmicos', 'Configuraes acadmicas', ' ', 'Paramtres acadmiques', ' ', ' '),
(189, 'add_student', 'Add student', 'Agregar estudiante', 'Adicionar aluno', ' ', 'Ajouter un tudiant', ' ', ' '),
(190, 'admissions', 'Admissions', 'Admisiones', 'Admisses', '', 'Admissions', '', ''),
(191, 'students_area', 'Students area', 'Area de estudiantes', 'rea de estudantes', ' ', 'Zone tudiante', ' ', 'Students area'),
(192, 'student_portal', 'Student portal', 'Portal de estudiantes', 'Portal do estudante', ' ', 'Portail tudiant', ' ', ' '),
(193, 'upload_marks', 'Upload marks', 'Subir calificaciones', 'Fazer upload de marcas', '   ', 'Tlcharger des marques', ' ', ' '),
(194, 'tabulation_sheet', 'Tabulation sheet', 'Hoja de tabulacin', 'Folha de tabulao', ' ', 'Feuille de tabulation', ' ', ' '),
(195, 'teacher_attendance', 'Teacher attendance', 'Asistencia de profesores', 'Assistncia dos professores', ' ', 'Participation des enseignantsRapport de prsence de l\'enseignant', ' ', ' '),
(196, 'teacher_attendance_report', 'Teacher attendance report', 'Reporte de asistencia de profesores', 'Relatrio de comparecimento de professores', '  ', 'Rapport de prsence de l\'enseignant', '   ', '  '),
(197, 'teacher_routine', 'Teacher routine', 'Horario de profesores', 'Rotina dos professores', ' ', 'La routine des enseignants', ' ', ' '),
(198, 'send_news', 'Send news', 'Enviar noticias', 'Enviar notcias', ' ', 'Envoyer des nouvelles', ' ', ' '),
(199, 'add_event', 'Add event', 'Agregar evento', 'Adicionar Evento', ' ', 'Ajouter un vnement', ' ', ' '),
(200, 'update_book', 'Update book', 'Actualizar libro', 'Atualizar livro', ' ', 'Mettre  jour le livre', ' ', ' '),
(201, 'student_permissions', 'Student permissions', 'Permisos de estudiantes', 'Permisses do aluno', ' ', 'Autorisations d\'lve', ' ', ' '),
(202, 'teacher_permissions', 'Teacher permissions', 'Permisos de profesores', 'Permisses do professor', ' ', 'Autorisations d\'enseignant', ' ', ' '),
(203, 'student_payments', 'Student payments', 'Pagos de estudiantes', 'Pagamentos de estudantes', ' ', 'Paiements aux tudiants', ' ', ' '),
(204, 'expense', 'Expense', 'Egresos', 'Despesa', '', 'Frais', '', ''),
(205, 'poll_details', 'Poll details', 'Detalles de la encuesta', 'Detalhes da pesquisa', ' ', 'Dtails du sondage', ' ', ' '),
(206, 'sms', 'SMS', 'SMS', 'SMS', '', 'SMS', 'CMC', ' '),
(207, 'email_settings', 'Email settings', 'Ajustes de correo', 'Configuraes de e-mail', ' ', 'Paramtres de messagerie', ' -', '  '),
(208, 'translate', 'Translate', 'Traduccin', 'Traduzir', ' ', 'Traduire', '', ''),
(209, 'database', 'Database', 'Base de datos', 'Base de dados', '', 'Base de donnes', ' ', ' '),
(210, 'manage_class', 'Manage classes', 'Grados', 'Gerenciar aulas', '  ', 'Grer les cours', ' ', ' '),
(211, 'sections', 'Sections', 'Secciones', 'Sees', '', 'Sections', '', ''),
(212, 'semesters', 'Semesters', 'Unidades', 'Semestres', '', 'Semestres', '', ' '),
(213, 'student_promotion', 'Student promotion', 'Promover estudiantes', 'Promoo estudantil', ' ', 'Promotion tudiante', ' ', ' '),
(214, 'event', 'Event', 'Evento', 'Evento', '', 'un vnement', '', ''),
(215, 'pending_users', 'Pending users', 'Usuarios pendientes', 'Usurios pendentes', ' ', 'Les utilisateurs en attente', ' ', '   '),
(216, 'new', 'New', 'Nuevo', 'Novo', '', 'Nouveau', '', ''),
(217, 'account_type', 'Account type', 'Tipo de cuenta', 'Tipo de conta', '  ', 'Type de compte', ' ', ' '),
(218, 'super_admin', 'Super admin', 'Propietario', 'Super admin', ' ', 'Super admin', ' ', ' '),
(219, 'delete', 'Delete', 'Eliminar', 'Excluir', '', 'Effacer', '', ''),
(220, 'add_new', 'Add new', 'Agregar nuevo', 'Adicionar novo', ' ', 'Ajouter un nouveau', ' ', ' '),
(221, 'upload', 'Upload', 'Subir', 'Envio', '', 'Tlcharger', '', ''),
(222, 'save', 'Save', 'Guardar', 'Salve', '', 'sauvegarder', '', ''),
(223, 'salary', 'Salary', 'Salario', 'Salrio', '', 'Un salaire', '', ''),
(224, 'add', 'Add', 'Agregar', 'Adicionar', '', 'Ajouter', '', ''),
(225, 'single_student', 'Single Student', 'Estudiante individual', 'nico estudante', ' ', 'tudiant unique', ' ', ' '),
(226, 'student_bulk', 'Student bulk', 'Mltiples estudiantes', 'Student bulk', ' ', 'lve en vrac', ' ', ' '),
(227, 'excel_import', 'Import from excel', 'Importar desde excel', 'Importar do excel', '   ', 'Importation depuis Excel', ' ', ' '),
(228, 'register_form', 'Register form', 'Formulario de registro', 'Formulrio de registro', ' ', 'Formulaire d\'inscription', ' ', ' '),
(229, 'add_more', 'Add more', 'Agregar ms', 'Adicione mais', ' ', 'Ajouter plus', ' ', ' '),
(230, 'download_model', 'Download model', 'Descargar modelo', 'Baixar modelo', ' ', 'Tlcharger le modle', ' ', ' '),
(231, 'import', 'Import', 'Importar ', 'Importar', '', 'Importer', '', ''),
(232, 'accept', 'Accept', 'Aceptar', 'Aceitar', ' ', 'Acceptez', '', ''),
(233, 'reject', 'Reject', 'Rechazar', 'Rejeitar', '', 'Rejeter', '', ''),
(234, 'new_password', 'New password', 'Nueva contrasela', 'Nova senha', ' ', 'Nouveau mot de passe', ' ', '  '),
(235, 'assigned_subjects', 'Assigned Subjects', 'Cursos asignados', 'Assuntos Assinados', ' ', 'Sujets assigns', ' ', ' '),
(236, 'assigned_students', 'Assigned Students', 'Estudiantes asignados', 'Alunos Atribudos', '   ', 'tudiants affects', ' ', ' '),
(237, 'all', 'All', 'Todos', 'Todos', '', 'Tout', '', ''),
(238, 'addres', 'Address', 'Direccin', 'Endereo', '', 'Adresse', '', ''),
(239, 'inactive', 'Inactive', 'Inactivo', 'Inativo', '', 'Inactif', '', ' '),
(240, 'semester', 'Semester', 'Unidad', 'Semestre', '', 'Semestre', '', ' '),
(241, 'update_activities', 'Update activities', 'Actualizar acividades', 'Atualizar atividades', '   ', 'Activits de mise  jour', ' ', ' '),
(242, 'student_attendance_report', 'Student Attendance Report', 'Reporte de asistencia estudiantes', 'Relatrio de presena de estudantes', '  ', 'Rapport de prsence des tudiants', '  ', '  '),
(243, 'present', 'Present', 'Presente', 'Presente', '', 'Prsent', '', ''),
(244, 'late', 'Late', 'Tarde', 'Atrasado', ' ', 'En retard', '', ''),
(245, 'absent', 'Absent', 'Ausente', 'Ausente', '', 'Absent', '', ''),
(246, 'add_class_routine', 'Add class routine', 'Agregar horario de clases', 'Adicionar rotina de classe', '  ', 'Ajouter une routine de classe', '  ', '  '),
(247, 'day', 'Day', 'Da', 'Dia', '', 'journe', '', ''),
(248, 'monday', 'Monday', 'Lunes', 'Segunda-feira', '', 'Lundi', '', ''),
(249, 'tuesday', 'Tuesday', 'Martes', 'tera', '', 'Mardi', '', ''),
(250, 'wednesday', 'Wednesday', 'Mircoles', 'Quarta-feira', '', 'Mercredi', '', ''),
(251, 'thursday', '', 'Jueves', 'Quinta-feira', '', 'Jeudi', '', ''),
(252, 'time_start', 'Time start', 'Hora de inicio', 'Incio do tempo', ' ', 'Dmarrage du temps', ' ', ' '),
(253, 'hour', 'Hour', 'Hora', 'Hora', '', 'Heure', '', ''),
(254, 'time_end', 'Time end', 'Hora final', 'Fim do tempo', ' ', 'Fin du temps', ' ', ' '),
(255, 'friday', '', 'Viernes', 'Sexta-feira', '', 'Vendredi', '', ' '),
(256, 'add_news', 'Add news', 'Agregar noticia', 'Adicione notcias', ' ', 'Ajouter des nouvelles', ' ', ' '),
(257, 'edit', 'Edit', 'Editar', 'Editar', ' ', 'modifier', '', ''),
(258, 'update_news', 'Update news', 'Actualizar noticia', 'Atualizar notcias', '  ', 'Actualiser les nouvelles', ' ', ' '),
(259, 'featured_image', 'Featured image', 'Imagen destacada', 'Imagem em destaque', ' ', 'L\'image slectionne', ' ', ' '),
(260, 'notice', 'Notice', 'Noticia', 'Aviso prvio', '', 'Remarquer', '', ''),
(261, 'add_book', 'Add book', 'Agregar libro', 'Adicionar livro', ' ', 'Ajouter un livre', ' ', ' '),
(262, 'available', 'Available', 'Disponible', 'acessvel', '', 'Disponible', '', ''),
(263, 'unavailable', 'Unavailable', 'No disponible', 'Indisponvel', '', 'Indisponible', '', ' '),
(264, 'book', 'Book', 'Libro', 'Livro', '', 'Livre', '', ''),
(265, 'image', 'Image', 'Imagen', 'Imagem', '', 'Image', '', ''),
(266, 'other', 'Other', 'Otros', 'De outros', '', 'Autre', '', ''),
(267, 'reports', 'Reports', 'Reportes', 'Relatrios', '', 'Rapports', '', ''),
(268, 'student_reports', 'Student reports', 'Reporte de estudiantes', 'Relatrios estudantis', ' ', 'Rapports d\'tudiants', ' ', ' '),
(269, 'create_report', 'Create report', 'Crear reporte', 'Criar relatrio', ' ', 'Creer un rapport', ' ', ' '),
(270, 'created_by', 'Created by', 'Creado por', 'Criado por', '   ', 'Cr par', '  ', '  '),
(271, 'teacher_reports', 'Teacher reports', 'Reporte de profesores', 'Relatrios dos professores', '  ', 'Rapports des enseignants', ' ', ' '),
(272, 'medium', 'Medium', 'Media', 'Mdio', '', 'Moyen', '', ''),
(273, 'upload_file', 'Upload file', 'Subir archivo', 'Subir arquivo', '  ', 'Tlverser un fichier', ' c', '  '),
(274, 'report_details', 'Report details', 'Detalles del reporte', 'Informar detalhes', '  ', 'Signaler des dtails', ' ', ' '),
(275, 'mark_solved', 'Mark as resolved', 'Marcar como resuelto', 'Marcar como resolvido', '     ', 'Marquer comme rsolu', '  ', '     '),
(276, 'user_report', 'Created by', 'Usuario que reporta', 'Reporting User', ' ', 'Reporting utilisateur', ' ', '  '),
(277, 'user', 'User', 'Usuario', 'Do utilizador', '', 'Utilisateur', '', ''),
(278, 'no_options', 'No options', 'No hay opciones', 'Sem opes', '  ', 'Aucune option', ' ', '  '),
(279, 'invoice_details', 'Invoice details', 'Detalles de la factura', 'Detalhes da factura', ' ', 'Dtails de la facture', ' ', ' '),
(280, 'payment_details', 'Payment details', 'Detalles del pago', 'Detalhes do pagamento', ' ', 'Dtails de paiement', '  ', ' '),
(281, 'completed', 'Completed', 'Completado', 'Concludo', '   ', 'Termin', '', ''),
(282, 'method', 'Method', 'Mtodo', 'Mtodo', '', 'mthode', '', ''),
(283, 'card', 'Card', 'Tarjeta', 'Carto', '', 'Carte', '', ''),
(284, 'cash', 'Cash', 'Efectivo', 'Dinheiro', '', 'En espces', '', ' '),
(285, 'check', 'Check', 'Cheque', 'Check', '', 'Vrifier', '', ' '),
(286, 'create_invoice', 'Create invoice', 'Crear factura', 'Criar recibo', ' ', 'Crer une facture', ' ', ' '),
(287, 'new_payment', 'New payment', 'Nuevo pago', 'Novo pagamento', ' ', 'Nouveau paiement', ' ', ' '),
(288, 'expenses', 'Expenses', 'Egresos', 'Despesas', '', 'Dpenses', '', ''),
(289, 'invoices', 'Invoices', 'Facturas', 'Faturas', '', 'Factures', '', ''),
(290, 'history', 'Payment history', 'Historial', 'Histrico de pagamento', ' ', 'Historique de paiement', '', ' '),
(291, 'add_class_room', 'Add classroom', 'Agregar salon de clases', 'Adicionar sala de aula', ' ', 'Ajouter une salle de classe', ' ', '  '),
(292, 'number', 'Number', 'Nmero', 'Nmero', '', 'Nombre', '', ''),
(293, 'route', 'Route', 'Ruta', 'Rota', '', 'Route', '', ''),
(294, 'bus_id', 'Bus ID', 'ID del bus', 'Bus ID', ' ', 'Identifiant du bus', ' ', ' '),
(295, 'driver', 'Driver name', 'Conductor', 'Nome do motorista', '  ', 'Nom du conducteur', '', ' '),
(296, 'driver_phone', 'Driver phone', 'Celular del conductor', 'Driver phone', ' ', 'Tlphone du pilote', ' ', ' '),
(297, 'transport_name', 'Transport name', 'Nombre del bus', 'Nome do transporte', '  ', 'Nom du transport', ' ', ' '),
(299, 'driver_name', 'Driver name', 'Nombre del conductor', 'Nome do motorista', '  ', 'Nom du conducteur', ' ', ' '),
(300, 'create_poll', 'Create poll', 'Crear encuesta', 'Create poll', ' ', 'Crer un sondage', ' ', '  '),
(301, 'more_options', 'More options', 'Ms opciones', 'Mais opes', ' ', 'Plus d\'options', ' ', ' '),
(302, 'system_name', 'System name', 'Nombre del sistema', 'Nome do sistema', '  ', 'Nom du systme', ' ', ' '),
(303, 'logo', 'Logotype', 'Logotipo', 'Logtipo', '', 'Logotype', '', ''),
(304, 'system_title', 'System title', 'Ttulo del sistema', 'Ttulo do sistema', ' ', 'Titre du systme', ' ', ' '),
(305, 'language', 'Language', 'Idioma', 'Lngua', '', 'La langue', '', ''),
(306, 'currency', 'Currency', 'Moneda', 'Moeda', '', 'Devise', '', ''),
(307, 'paypal_email', 'PayPal email', 'Correo de PayPal', 'PayPal email', '  ', 'Email Paypal', ' ', '  '),
(308, 'running_year', 'Running year', 'Ao en curso', 'Ano corrente', '   ', 'Anne courante', '', ' '),
(309, 'personalization', 'Personalization', 'Personalizacin', 'Personalizao', '', 'Personnalisation', '', '  '),
(310, 'theme', 'Theme', 'Tema', 'Tema', '', 'Thme', '', ''),
(311, 'sms_service', 'SMS Service', 'Servicio de SMS', 'SMS Service', ' ', 'Service SMS', ' ', '  '),
(312, 'disabled', 'Disabled', 'Desactivado', 'Disabled', '', 'dsactiv', '', ''),
(313, 'notify_send', 'What notifications do you want to send?', 'Qu notificaciones desea enviar?', 'Quais notificaes voc deseja enviar?', '      ?', 'Quelles notifications voulez-vous envoyer?', '   ?', '    '),
(314, 'for_parents', 'For parents', 'Para padres', 'Para os pais', ' -   ', 'Pour les parents', ' ', ''),
(315, 'absences', 'Absences', 'Ausencias', 'Ausncias', '', 'Absences', '', ''),
(316, 'students_reports', 'Student reports', 'Reportes acadmicos', 'Relatrios estudantis', ' ', 'Rapports d\'tudiants', ' ', ' '),
(317, 'new_invoice', 'New invoice', 'Nueva factura', 'Nova factura', ' ', 'Nouvelle facture', ' ', ' '),
(318, 'for_students', 'For students', 'Para estudiantes', 'Para estudantes', '  ', 'Pour les tudiants', ' ', ''),
(319, 'new_homework', 'New homework', 'Nueva tarea', 'Nova tarefa de casa', ' ', 'Nouveau travail', '  ', '  '),
(320, 'smtp_host', 'SMTP Hostname', 'Host SMTP', 'SMTP Host', ' ', 'SMTP Hostname', ' ', 'SMTP Hostname'),
(321, 'smtp_port', 'SMTP Port', 'Puerto SMTP', 'SMTP Port', ' ', 'SMTP Port', ' ', 'SMTP Port'),
(322, 'smtp_timeout', 'SMTP Timeout', 'Tiempo de espera', 'SMTP Timeout', ' ', 'SMTP Timeout', ' ', 'SMTP Timeout'),
(323, 'smtp_user', 'SMTP User', 'Usuario SMTP', 'SMTP User', ' ', 'SMTP User', ' ', 'SMTP User'),
(324, 'smtp_password', 'SMTP Password', 'Contrasea SMTP', 'SMTP Password', ' ', 'SMTP Password', ' ', 'SMTP Password'),
(325, 'charset', 'Charset', 'Tipo de caracter', 'Charset', 'harset', 'Charset', '', ''),
(326, 'mail_type', 'Mailtype', 'Tipo de correo', 'Mailtype', 'Mailtype', 'Mailtype', ' ', 'Mailtype'),
(327, 'email_templates', 'Email templates', 'Plantillas de correo', 'Modelos de e-mail', ' ', 'Modles d\'email', ' ', '  '),
(328, 'send_marks', 'Send marks', 'Enviar calificaciones', 'Enviar marcas', ' ', 'Envoyer des marques', ' ', ' '),
(329, 'bulk_email', 'Bulk email', 'Correos masivos', 'E-mail em massa', ' ', 'Courrier lectronique en vrac', ' ', '  '),
(330, 'languages', 'Languages', 'Idiomas', 'lnguas', '', 'Langues', '', ''),
(331, 'create_backup', 'Create system backup', 'Crear copia de seguridad', 'Criar backup do sistema', '  ', 'Crer une sauvegarde systme', '  ', '   '),
(332, 'restore_backup', 'Restore system backup', 'Restaurar copia de seguridad', 'Restaurar o backup do sistema', '   ', 'Restaurer la sauvegarde du systme', '  ', '   '),
(333, 'restore', 'Restore', 'Restaurar', 'Restaurar', '', 'Restaurer', '', ''),
(334, 'minimum_mark', 'Minimum mark to pass a subject', 'Nota mnima para aprobar un curso', 'Marca mnima para passar um assunto', '        ', 'Marque minimale pour transmettre un sujet', '     ', '    '),
(335, 'use_saturday', 'Use Saturday and Sunday at class routine?', 'Utilizar sbado y domingo en horarios?', 'Use sbado e domingo no classroutine?', '       ?', 'Utilisez le samedi et le dimanche  la routine de cours?', '    ?', '     '),
(336, 'yes', 'Yes', 'Si', 'sim', '', 'Oui', '', ' '),
(337, 'no', 'No ', 'No', 'No', '', 'Non', '', ''),
(338, 'classes', 'Classes', 'Grados', 'Aulas', '', 'Des classes', '', ''),
(339, 'start', 'Start', 'Iniciar', 'Comear', '', 'Dbut', '', ''),
(340, 'end', 'End', 'Fin', 'Fim', '', 'Fin', '', ''),
(341, 'runnig_year', 'Running year', 'Ao en curso', 'Ano corrente', '   ', 'Anne courante', '', ' '),
(342, 'year_to_promote', 'Year to promote', 'Ao a promover', 'Ano de promoo', '   ', 'Anne de promotion', '  ', ' '),
(343, 'promote', 'Promote', 'Promover', 'Promover', '  ', 'Promouvoir', '', ' \\  \\  \\  \\ '),
(344, 'promoted', 'Already promoted', 'Promovido', 'J promovido', '   ', 'Dj promu', '', '  '),
(345, 'promote_to', 'Promote to', 'Promover a', 'Promover para', '  ', 'Promouvoir', '', ' '),
(346, 'send_marks_sms', 'Send marks notification by SMS', 'Enviar notificacin de calificaciones por SMS', 'Enviar notificao de marca por SMS', '   ', 'Envoyer une note de notification par SMS', '     -', '      '),
(347, 'notification', 'Notification', 'Notificacin', 'Notificao', '', 'Notification', '', ''),
(348, 'send_sms', 'Send SMS', 'Enviar SMS', 'Enviar SMS', ' ', 'Envoyer un SMS', ' ', '   '),
(349, 'my_subjects', 'My subjects', 'Mis cursos', 'Meus assuntos', ' ', 'Mes sujets', ' ', ''),
(350, 'my_routine', 'My routine', 'Mi horario', 'Minha rotina', ' ', 'Ma routine', ' ', ' '),
(351, 'academic', 'Academic', 'Acadmico', 'Acadmico', '', 'Acadmique', '', ''),
(352, 'student_absences', 'Student absences', 'Ausencias de estudiantes', 'Ausncias estudantis', ' ', 'Les absences des tudiants', ' ', ' '),
(353, 'parent_new_invoice', 'New invoice (Parents)', 'Nueva factura (Padres)', 'Nova fatura (Pais)', '  ()', 'Nouvelle facture (Parents)', '  ()', '  ( )'),
(354, 'student_new_invoice', 'New invoice (Students)', 'Nueva factura (Estudiantes)', 'Nova factura (Estudantes)', '  ()', 'Nouvelle facture (tudiants)', '  ()', '  ()'),
(355, 'email_subject', 'Email subject', 'Asunto del correo', 'Assunto do email', ' ', 'Sujet du courriel', ' ', '  '),
(356, 'email_body', 'Email body', 'Contenido del correo', 'Corpo do email', ' ', 'Courrier lectronique', ' ', '  '),
(357, 'reciever', 'Receiver', 'Receptor', 'Receptor', '', 'Rcepteur', '', ''),
(358, 'view_marks', 'View marks', 'Ver calificaciones', 'Ver marcas', ' ', 'Afficher les marques', ' ', ' '),
(359, 'new_exam', 'New exam', 'Nuevo examen', 'Novo exame', ' ', 'Nouvel examen', ' ', ' '),
(360, 'start_hour', 'Start hour', 'Hora de inicio', 'Hora de incio', ' ', 'Heure de dbut', ' ', ' '),
(361, 'end_hour', 'End hour', 'Hora de finalizacin', 'Hora final', ' ', 'Heure de fin', ' ', ' '),
(362, 'exam_duration', 'Exam duration (in minutes)', 'Duracin del examen (en minutos)', 'Tempo de exame em minutos', '    ', 'Dure de l\'examen (en minutes)', '  ( )', '  ()'),
(363, 'exam_details', 'Exam details', 'Detalles del examen', 'Detalhes do Exame', ' ', 'Dtails de l\'examen', ' ', ' '),
(364, 'questions', 'Questions', 'Preguntas', 'Questes', '', 'Des questions', '', ''),
(365, 'exam_questions', 'Exam questions', 'Preguntas del examen', 'Perguntas do exame', ' ', 'Questions d\'examen', ' ', ' '),
(366, 'add_question', 'Add question', 'Agregar pregunta', 'Adicionar pergunta', ' ', 'Ajouter une question', ' ', ' '),
(367, 'option', 'Option', 'Opcin', 'Opo', '', 'Option', '', ''),
(368, 'exams_results', 'Exam results', 'Resultados del examen', 'Resultados dos exames', '  ', 'Rsultats d\'examen', ' ', ' '),
(369, 'update_exam', 'Update exam', 'Actualizar examen', 'Exame de atualizao', '  ', 'Examen de mise  jour', ' ', ' '),
(370, 'start_clock', 'Start hour', 'Hora de inicio', 'Hora de incio', ' ', 'Heure de dbut', ' ', ' '),
(371, 'end_clock', 'End hour', 'Hora de finalizacin', 'Hora final', ' ', 'Heure de fin', ' ', ' '),
(372, 'no_file', 'No file available', 'Sin archivo', 'Nenhum arquivo disponvel', '    ', 'Aucun fichier disponible', ' ', '   '),
(373, 'study_meterial', 'ss', 'Material de estudio', '', '', '', ' ', ''),
(374, 'add_homework', 'Add homework', 'Agregar tarea', 'Adicione lio de casa', ' ', 'Ajouter les devoirs', '  ', '  '),
(375, 'homework_type', 'Homework type', 'Tipo de tarea', 'Tipo de lio de casa', '  ', 'Type de devoir', ' ', '  '),
(376, 'online_text', 'Online text', 'Texto en lnea', 'Texto em linha', ' ', 'Texte en ligne', ' ', '  '),
(377, 'limit_hour', 'Limit hour', 'Hora lmite', 'Hora limite', ' ', 'Heure limite', ' ', ' '),
(378, 'deliveries', 'Deliveries', 'Entregas', 'Entregas', '', 'Livraisons', '', ''),
(379, 'total_students', 'Total students', 'Estudiantes totales', 'Total de alunos', ' ', 'Nombre total d\'tudiants', ' ', ' '),
(380, 'delivered', 'Delivered', 'Entregada', 'Entregue', ' ', 'Livr', '', ' '),
(381, 'undeliverable', 'Undeliverable', 'Sin entregar', 'No-entregvel', '- ', 'Non livrable', '', '  ');
INSERT INTO `language` (`phrase_id`, `phrase`, `english`, `spanish`, `portuguese`, `hindi`, `french`, `serbian`, `arabic`) VALUES
(382, 'student_comment', 'Student comment', 'Comentario del estudiante', 'Comentrio do aluno', ' ', 'Commentaire de l\'lve', ' ', ' '),
(383, 'delivery_status', 'Delivery status', 'Estado de la entrega', 'Status de entrega', '  ', 'Statut de livraison', ' ', ' '),
(384, 'file_response', 'File/Response', 'Archivo/Respuesta', 'Arquivo / Resposta', ' / ', 'Fichier / Rponse', '  ', ' / '),
(385, 'delayed_delivery', 'Delivery after time', 'Entrega tarde', 'Entrega aps o tempo', '   ', 'Livraison aprs le temps', ' ', '  '),
(386, 'update_homework', 'Update homework', 'Actualizar tarea', 'Atualize a lio de casa', '  ', 'Mettre  jour les devoirs', '  ', '  v'),
(387, 'delivery_type', 'Delivery type', 'Tipo de entrega', 'Tipo de entrega', '  ', 'Type de livraison', ' ', ' '),
(388, 'new_discussion', 'New discussion', 'Nueva discusin ', 'Nova discusso', ' ', 'Nouvelle discussion', ' ', ' '),
(389, 'publish', 'Publish', 'Publicar', 'Publicar', ' ', 'Publier', '', ''),
(390, 'update_forum', 'Update forum', 'Actualizar foro', 'Atualizar frum', '  ', 'Forum de mise  jour', ' ', ' '),
(391, 'uploaded_by', 'Uploaded by', 'Subido por', 'Enviado por', '  ', 'telecharg par', ' ', '  '),
(392, 'send_bulk_emails', 'Send bulk email', 'Enviar correos masivos', 'Enviar e-mail em massa', '  ', 'Envoyer un courrier lectronique en bloc', '  -', '   '),
(393, 'categories', 'Categories', 'Categoras', 'Categorias', '', 'Catgories', '', ''),
(394, 'new_expense', 'New expense', 'Nuevo egreso', 'Nova despesa', ' ', 'Nouvelle dpense', ' ', ' '),
(395, 'category', 'Category', 'Categora', 'Categoria', '', 'Catgorie', '', ''),
(396, 'new_category', 'New category', 'Nueva categoria', 'Nova categoria', ' ', 'Nouvelle catgorie', ' ', ' '),
(397, 'confirm_delete', 'Do you want to delete the information?', 'Seguro desea eliminar la informacin?', 'Deseja excluir as informaes?', '      ?', 'Voulez-vous supprimer les informations?', '     ?', '   '),
(398, 'confirm_approval', 'Surely you want to approve?', 'Confirma que desea aprobar?', 'Certamente voc quer aprovar?', '       ?', 'Vous voulez certainement approuver?', '    ?', '    '),
(399, 'confirm_reject', 'Insurance do you want to reject?', 'Confirma que desea rechazar?', 'Seguro voc quer rejeitar?', '      ?', 'Assurance voulez-vous rejeter?', '    ?', '    '),
(400, 'confirm_delete_student', 'Are you sure you want to remove the student?', 'Confirma que desea eliminar al estudiante?', 'Tem certeza de que deseja remover o aluno?', '       ?', 'tes-vous sr de vouloir supprimer l\'tudiant?', '     ?', '    '),
(401, 'confirm_solved', 'Are you sure you want to mark as resolved?', 'Seguro desea marcar como resuelto?', 'Tem certeza de que deseja marcar como resolvido?', '          ?', 'tes-vous sr de vouloir marquer comme rsolu?', '    ?', '        '),
(402, 'notification_center', 'Notification center', 'Centro de notificaciones', 'Centro de Notificao', ' ', 'Centre de notification', ' ', ' '),
(403, 'welcome_notifications', 'Welcome to the notification center', 'Bienvenido al centro de notificaciones', 'Bem-vindo ao centro de notificao', '     ', 'Bienvenue au centre de notification', '    ', '    '),
(404, 'what_send', 'What do you want to notify today?', 'Qu notificaciones desea enviar?', 'O que voc quer notificar hoje?', '     ?', 'Que souhaitez-vous notifier aujourd\'hui?', '   ?', '    '),
(405, 'send_email', 'Send email', 'Enviar correo', 'Enviar email', ' ', 'Envoyer un courrier lectronique', ' ', '  '),
(406, 'successfully_added', 'Successfully added information', 'Informacin agregada con xito', 'nformaes adicionadas com sucesso', '  ', 'Informations ajoutes avec succs', ' ', '   '),
(407, 'successfully_updated', 'Information updated successfully', 'Informacin actualizada con xito', 'Informaes atualizadas com sucesso', '    ', 'Informations mises  jour avec succs', ' ', '   '),
(408, 'successfully_deleted', 'Information deleted successfully', 'Informacin eliminada con xito', 'Informaes eliminadas com sucesso', '   ', 'Informations supprimes avec succs', ' ', '   '),
(409, 'sent_successfully', 'Information sent successfully', 'Informacin enviada con xito', 'Informaes enviadas com sucesso', '   ', 'Informations envoyes avec succs', ' ', '   '),
(410, 'successfully_uploaded', 'Information uploaded successfully', 'Informacin subida con xito', 'Informaes carregadas com sucesso', '    ', 'Informations tlcharges avec succs', ' ', '   '),
(411, 'reply_sent', 'Reply sent', 'Respuesta enviada', 'Resposta enviada', ' ', 'Rponse envoye', ' ', '  '),
(412, 'message_sent', 'Message sent', 'Mensaje enviado', 'Mensagem enviada', '  ', 'Message envoy', ' ', ' '),
(413, 'limit_questions', 'To add more questions configure the exam to accept more', 'Para agregar ms preguntas configura el examen para aceptar ms', 'Para adicionar mais perguntas configure o exame para aceitar mais', '              ', 'Pour ajouter d\'autres questions, configurez l\'examen pour accepter plus', '    ,      ', '        '),
(414, 'delivered_homework', 'Homework successfully delivered', 'Tarea entregada correctamente', 'Tarefa entregue corretamente.', '  ', 'Travail  domicile livr avec succs', '   ', '    '),
(415, 'paid', 'Paid', 'Pagado', 'Paid', ' ', 'Pay', '', ''),
(416, 'unpaid', 'Unpaid', 'Sin pagar', 'Unpaid', '  ', 'Non pay', '', ' '),
(417, 'social', 'Socials', 'Social', 'Social', '', 'Socials', '', ''),
(418, 'no_questions', 'No. Questions', 'No. de Preguntas', 'Pergunta Total', '  ', 'Question totale', ' ', ' '),
(419, 'on_time', 'On time', 'A tiempo', 'Na Hora', ' ', ' temps', ' ', '  '),
(420, 'view_response', 'View response', 'Ver respuesta', 'Ver resposta', ' ', 'Voir la rponse', ' ', ' '),
(421, 'success_password', 'Your password has been reset successfully. This is your new password:', 'Tu password ha sido reseteado exitosamente. ste es tu nuevo password:', 'Sua senha foi reiniciada com sucesso. Esta  a sua nova senha:', '            :', 'Votre mot de passe a t rinitialis avec succs. Ceci est votre nouveau mot de passe:', '    .     :', '     .     :'),
(422, 'message_group', 'Group Message', 'Mensaje en grupo', NULL, NULL, NULL, NULL, ''),
(423, 'groups', 'Groups', 'Grupos', NULL, NULL, NULL, NULL, ''),
(424, 'create_group', 'Create group', 'Crear un grupo', NULL, NULL, NULL, NULL, ''),
(425, 'select_group_or', 'Select group or', 'Seleccionar un grupo o', NULL, NULL, NULL, NULL, ''),
(426, 'group_members', 'Group members', 'Miembros del grupo', NULL, NULL, NULL, NULL, ''),
(427, 'user_type', 'User type', 'Tipo de profesor', NULL, NULL, NULL, NULL, ''),
(428, 'user_permissions', 'User permissions', 'Permisos del usuario', NULL, NULL, NULL, NULL, ''),
(429, 'add_language', 'Add language', 'Agregar idioma', NULL, NULL, NULL, NULL, ''),
(430, 'flag', 'Flag', 'Bandera', NULL, NULL, NULL, NULL, ''),
(431, 'grades', 'Grade leves', 'Niveles de grado', NULL, NULL, NULL, NULL, ''),
(432, 'mark_from', 'Mark from', 'Desde', NULL, NULL, NULL, NULL, ''),
(433, 'mark_to', 'Mark to', 'Hasta', NULL, NULL, NULL, NULL, ''),
(434, 'point', 'Point', 'Punto', NULL, NULL, NULL, NULL, ''),
(435, 'grade', 'Grade', 'Grado', NULL, NULL, NULL, NULL, ''),
(436, 'participants', 'Participants', 'Participantes', NULL, NULL, NULL, NULL, ''),
(437, 'google_err', 'This email address is already being used by another user, to be able to add it first it must be deactivated from the other account', 'Esta direccin de email ya esta siendo utilizada por otro usuario, para poder agregarla primero debe ser desactivada desde la otra cuenta', NULL, NULL, NULL, NULL, ''),
(438, 'google_true', 'Your Google account has been linked successfully', 'Tu cuenta de Google se ha vinculado con xito', NULL, NULL, NULL, NULL, ''),
(439, 'facebook_true', 'Your Facebook account has been linked successfully', 'Tu cuenta de Facebook se ha vinculado con xito', NULL, NULL, NULL, NULL, ''),
(440, 'facebook_err', 'This Facebook account is already being used by another user, to be able to add it first it must be deactivated from the other profile', 'Esta cuenta de Facebook ya esta siendo utilizada por otro usuario, para poder agregarla primero debe ser desactivada desde el otro perfil', NULL, NULL, NULL, NULL, ''),
(441, 'facebook_delete', 'Your Facebook account has been successfully unlinked', 'Tu cuenta de Facebook se ha desvinculado correctamente', NULL, NULL, NULL, NULL, ''),
(442, 'google_delete', 'Your Google account has been successfully unlinked', 'Tu cuenta de Facebook se ha desvinculado correctamente', NULL, NULL, NULL, NULL, ''),
(443, 'my_notifications', 'My Notifications', 'Mis notificaciones', NULL, NULL, NULL, NULL, ''),
(444, 'absence_approved', 'You have approved your leave of absence.', 'Ha aprobado tu permiso de ausencia.', NULL, NULL, NULL, NULL, ''),
(445, 'absence_rejected', 'You have rejected your leave of absence.', 'Ha rechazado tu permiso de ausencia.', NULL, NULL, NULL, NULL, ''),
(446, 'absence_approved_for', 'Has approved the leave of absence for', 'Ha aprobado el permiso de ausencia para', NULL, NULL, NULL, NULL, ''),
(447, 'absence_rejected_for', 'You have rejected the leave of absence to', 'Ha rechazado el permiso de ausencia para', NULL, NULL, NULL, NULL, ''),
(448, 'new_homework_notify', 'You have created a new homework with the title', 'Ha creado una nueva tarea con el ttulo', NULL, NULL, NULL, NULL, ''),
(449, 'homework_rated', 'has rated your homework', 'ha calificado tu tarea', NULL, NULL, NULL, NULL, ''),
(450, 'study_material_notify', 'You have uploaded study material to your portal', 'Ha subido material de estudio a tu portal', NULL, NULL, NULL, NULL, ''),
(451, 'online_exam_notify', 'added a new online exam with the title', 'agreg un nuevo examen en lnea con el ttulo', NULL, NULL, NULL, NULL, ''),
(452, 'news_notify', 'You have received a new news with title', 'Has recibido una nueva noticia con ttulo', NULL, NULL, NULL, NULL, ''),
(453, 'event_notify', 'A new event has been created with the title', 'Se ha creado un nuevo evento con el ttulo', NULL, NULL, NULL, NULL, ''),
(454, 'new_comment', 'Added a new comment on', 'Agreg un nuevo comentario en', NULL, NULL, NULL, NULL, ''),
(455, 'report_solved', 'It has been marked as solved', 'Se ha marcado como resuelto', NULL, NULL, NULL, NULL, ''),
(456, 'unit_content', 'has uploaded files in Unit Contents for', 'ha subido archivos en Contenidos de Unidad para', NULL, NULL, NULL, NULL, ''),
(457, 'book_added', 'has added a new book to the library for', 'ha agregado un nuevo libro a la biblioteca para', NULL, NULL, NULL, NULL, ''),
(458, 'file_uploaded', 'Uploaded a file for teachers with the title', 'Subi un archivo para profesores con el ttulo', NULL, NULL, NULL, NULL, ''),
(459, 'absence_request', 'has requested a new leave of absence to', 'ha solicitado un nuevo permiso de ausencia para', NULL, NULL, NULL, NULL, ''),
(460, 'reg_teacher', 'A new user has been registered as a teacher with the name', 'Se ha registrado un nuevo usuario como profesor con el nombre', NULL, NULL, NULL, NULL, ''),
(461, 'reg_student', 'A new user has been registered as a student with the name', 'Se ha registrado un nuevo usuario como estudiante con el nombre', NULL, NULL, NULL, NULL, ''),
(462, 'reg_parent', 'A new user has been registered as a parent with the name', 'Se ha registrado un nuevo usuario como padre con el nombre', NULL, NULL, NULL, NULL, ''),
(463, 'finish_exam_notify', 'has finished the exam', 'ha finalizado el examen', NULL, NULL, NULL, NULL, ''),
(464, 'teacher_report_notify', 'has created a new report for the teacher', 'ha creado un nuevo reporte para el profesor', NULL, NULL, NULL, NULL, ''),
(465, 'comment_forum', 'has posted a comment in the forum', 'ha publicado un comentario en el foro', NULL, NULL, NULL, NULL, ''),
(466, 'student_report_notify', 'has created a new report for the student', 'ha creado un nuevo reporte para el estudiante', NULL, NULL, NULL, NULL, ''),
(467, 'marks_notify', 'has updated the marks of', 'ha actualizado las calificaciones de', NULL, NULL, NULL, NULL, ''),
(468, 'absense_teacher', 'has requested a new leave of absence', 'ha solicitado un nuevo permiso de ausencia', NULL, NULL, NULL, NULL, ''),
(469, 'new_message_notify', 'has sent you a new message', 'te ha enviado un nuevo mensaje', NULL, NULL, NULL, NULL, ''),
(470, 'at', 'at', 'a las', NULL, NULL, NULL, NULL, ''),
(471, 'login_facebook', 'Login with Facebook', 'Acceder con Facebook', NULL, NULL, NULL, NULL, ''),
(472, 'login_google', 'Login with Google', 'Acceder con Google', NULL, NULL, NULL, NULL, ''),
(473, 'login_error', 'There is an error in the login, verify and try again', 'Hay un error en el inicio de sesin, verifica y vuelve a intentarlo nuevamente', NULL, NULL, NULL, NULL, ''),
(474, 'social_error', 'Sorry, you can not sign in with this account you must first link it to your user profile', 'Lo sentimos, no puedes iniciar sesin con esta cuenta primero debes vincularla a tu perfil de usuario', NULL, NULL, NULL, NULL, ''),
(475, 'calendar', 'Calendar', 'Calendario', NULL, NULL, NULL, NULL, ''),
(476, 'my_files', 'My files', 'Mis archivos', NULL, NULL, NULL, NULL, ''),
(477, 'system_reports', 'System reports', 'Reportes del Sistema', NULL, NULL, NULL, NULL, ''),
(478, 'settings', 'Settings', 'Ajustes', NULL, NULL, NULL, NULL, ''),
(479, 'minimize_menu', 'Minimize menu', 'Minimizar menu', NULL, NULL, NULL, NULL, ''),
(480, 'search_students', 'Search students', 'Buscar estudiantes', NULL, NULL, NULL, NULL, ''),
(481, 'you', 'You', 'Tu', NULL, NULL, NULL, NULL, ''),
(482, 'view_all_messages', 'View all messages', 'Ver todos los mensajes', NULL, NULL, NULL, NULL, ''),
(483, 'view_all_notifications', 'View all notifications', 'Ver todas las notificationes', NULL, NULL, NULL, NULL, ''),
(484, 'my_account', 'My Account', 'Mi cuenta', NULL, NULL, NULL, NULL, ''),
(485, 'my_profile', 'My profile', 'Mi perfil', NULL, NULL, NULL, NULL, ''),
(486, 'what_publish', 'What do you want to publish today?', 'qu deseas publicar hoy?', NULL, NULL, NULL, NULL, ''),
(487, 'upload_image', 'Upload image', 'Subir imagen', NULL, NULL, NULL, NULL, ''),
(488, 'poll', 'Poll', 'Encuesta', NULL, NULL, NULL, NULL, ''),
(489, 'go_to_details', 'Go to details', 'Ir a los detalles', NULL, NULL, NULL, NULL, ''),
(490, 'welcome_admin_dashboard', 'Welcome to your admin dashboard.', 'Bienvenido a tu tablero de administrador.', NULL, NULL, NULL, NULL, ''),
(491, 'no_today_events', 'There are no events today', 'No hay eventos para hoy', NULL, NULL, NULL, NULL, ''),
(492, 'this_month_is_birthday', 'This month is the birthday of', 'Este mes es el cumpleaos de', NULL, NULL, NULL, NULL, ''),
(493, 'view_all_birthdays', 'View all birthdays', 'Ver todos los cumpleaos', NULL, NULL, NULL, NULL, ''),
(494, 'absent_students', 'Absent', 'Estudiantes ausentes', NULL, NULL, NULL, NULL, ''),
(495, 'no_absent_students', 'No students absent', 'No hay estudiantes ausentes', NULL, NULL, NULL, NULL, ''),
(496, 'select_an_option', 'Select an option', 'Seleccionar una ocion', NULL, NULL, NULL, NULL, ''),
(497, 'chats', 'Chats', 'Chats', NULL, NULL, NULL, NULL, ''),
(498, 'write', 'Write', 'Escribir', NULL, NULL, NULL, NULL, ''),
(499, 'librarian', 'Librarian', 'Bibliotecaria', NULL, NULL, NULL, NULL, ''),
(500, 'accountant', 'Accountant', 'Contadora', NULL, NULL, NULL, NULL, ''),
(501, 'create_message', 'Create message', 'Crear mensaje', NULL, NULL, NULL, NULL, ''),
(502, 'shared_files', 'Shared files', 'Archivos compartidos', NULL, NULL, NULL, NULL, ''),
(503, 'without_shared_files', 'There are no shared files', 'Sin archivos compartidos', NULL, NULL, NULL, NULL, ''),
(504, 'shared_photos', 'Shared photos', 'Fotos compartidas', NULL, NULL, NULL, NULL, ''),
(505, 'without_shared_pictures', 'There are no shared photos', 'Sin fotos compartidas', NULL, NULL, NULL, NULL, ''),
(506, 'viewed', 'Seen', 'Visto', NULL, NULL, NULL, NULL, ''),
(507, 'your_notifications', 'Your notifications', 'Tus notifications', NULL, NULL, NULL, NULL, ''),
(508, 'member_since', 'Member since', 'Miembro desde', NULL, NULL, NULL, NULL, ''),
(509, 'identification', 'Personal document', 'Identificacin', NULL, NULL, NULL, NULL, ''),
(510, 'quick_links', 'Quick links', 'Enlaces rpidos', NULL, NULL, NULL, NULL, ''),
(511, 'update_information', 'Update information', 'Actualizar informacin', NULL, NULL, NULL, NULL, ''),
(512, 'your_linked_accounts', 'Your linked accounts', 'Tus cuentas vinculadas', NULL, NULL, NULL, NULL, ''),
(513, 'link', 'Link', 'Vincular', NULL, NULL, NULL, NULL, ''),
(514, 'update_profile', 'Update profile', 'Actualizar perfil', NULL, NULL, NULL, NULL, ''),
(515, 'first_name', 'First name', 'Nombre', NULL, NULL, NULL, NULL, ''),
(516, 'last_name', 'Last name', 'Apellido', NULL, NULL, NULL, NULL, ''),
(517, 'student_details', 'Student details', 'Detalles del estudiante', NULL, NULL, NULL, NULL, ''),
(518, 'parent_details', 'Parent details', 'Detalles del padre', NULL, NULL, NULL, NULL, ''),
(519, 'complementary_data', 'Complementary data', 'Informacin complementaria', NULL, NULL, NULL, NULL, ''),
(520, 'transport', 'School bus', 'Transporte', NULL, NULL, NULL, NULL, ''),
(521, 'next', 'Next', 'Siguiente', NULL, NULL, NULL, NULL, ''),
(522, 'new_parent_admission', 'Select an parent', 'Nuevo padre', NULL, NULL, NULL, NULL, ''),
(523, 'new_parent_admission_message', 'If you want to add a new parent, mark this option', 'Si dese agregar un nuevo padre marque esta opcin', NULL, NULL, NULL, NULL, ''),
(524, 'select_parent', 'Select parent', 'Seleccionar un padre', NULL, NULL, NULL, NULL, ''),
(525, 'home_phone', 'Home phone', 'Telefono de casa', NULL, NULL, NULL, NULL, ''),
(526, 'business_work', 'Workplace', 'Lugar de trabajo', NULL, NULL, NULL, NULL, ''),
(527, 'phone_work', 'Work phone', 'Telefono de trabajo', NULL, NULL, NULL, NULL, ''),
(528, 'conditions_or_diseases', 'Conditions or diseases', 'Condiciones o enfermedades', NULL, NULL, NULL, NULL, ''),
(529, 'allergies', 'Allergies', 'Alergas', NULL, NULL, NULL, NULL, ''),
(530, 'personal_doctor', 'Personal doctor', 'Doctor personal', NULL, NULL, NULL, NULL, ''),
(531, 'doctor_phone', 'Doctor phone', 'Telefono del doctor', NULL, NULL, NULL, NULL, ''),
(532, 'athorized_person', 'Authorized person', 'Persona autorizada', NULL, NULL, NULL, NULL, ''),
(533, 'phone_authorized_person', 'Authorized person phone', 'Telefono persona autorizada', NULL, NULL, NULL, NULL, ''),
(534, 'notes', 'Notes', 'Notas', NULL, NULL, NULL, NULL, ''),
(535, 'already_exist', 'Username already exist', 'El usuario ya existe', NULL, NULL, NULL, NULL, ''),
(536, 'accountants', 'Accountants', 'Contadoras', NULL, NULL, NULL, NULL, ''),
(537, 'librarians', 'Librarians', 'Bibliotecarias', NULL, NULL, NULL, NULL, ''),
(538, 'admin_permissions', 'Admin permissions', 'Permisos de administrador', NULL, NULL, NULL, NULL, ''),
(539, 'all_permissions', 'All permissions', 'Todos los permisos', NULL, NULL, NULL, NULL, ''),
(540, 'new_account', 'New account', 'Nueva cuenta', NULL, NULL, NULL, NULL, ''),
(541, 'search', 'Search', 'Buscar', NULL, NULL, NULL, NULL, ''),
(542, 'return', 'Return', 'Regresar', NULL, NULL, NULL, NULL, ''),
(543, 'upload_from_excel', 'Upload from excel', 'Subir desde excel', NULL, NULL, NULL, NULL, ''),
(544, 'export_students', 'Export students', 'Exportar estudiantes', NULL, NULL, NULL, NULL, ''),
(545, 'filter_by_class', 'Filter by class', 'Filtrar por grado', NULL, NULL, NULL, NULL, ''),
(546, 'export', 'Export', 'Exportar', NULL, NULL, NULL, NULL, ''),
(547, 'upload_students', 'Upload students', 'Subir estudiantes', NULL, NULL, NULL, NULL, ''),
(548, 'download_template', 'Download template', 'Descargar plantilla', NULL, NULL, NULL, NULL, ''),
(549, 'work_phone', 'Work phone', 'Telefono de trabajo', NULL, NULL, NULL, NULL, ''),
(550, 'authorized_person', 'Authorized person', 'Persona autorizada', NULL, NULL, NULL, NULL, ''),
(551, 'note', 'Notes', 'Notas', NULL, NULL, NULL, NULL, ''),
(552, 'authorized_person_phone', 'Authorized person phone', 'Telefono persona autorizada', NULL, NULL, NULL, NULL, ''),
(553, 'payments_history', 'Payments history', 'Historial de pagos', NULL, NULL, NULL, NULL, ''),
(554, 'view_details', 'View details', 'Ver detalles', NULL, NULL, NULL, NULL, ''),
(555, 'student_attendance', 'Students attendance', 'Asistencia de estudiante', NULL, NULL, NULL, NULL, ''),
(556, 'year', 'Year', 'Ao', NULL, NULL, NULL, NULL, ''),
(557, 'student_marks', 'Student marks', 'Calificaciones', NULL, NULL, NULL, NULL, ''),
(558, 'student_invoices', 'Student invoices', 'Pagos de estudiantes', NULL, NULL, NULL, NULL, ''),
(559, 'payments_and_invoices', 'Payments and invoices', 'Pagos y Facturas', NULL, NULL, NULL, NULL, ''),
(560, 'atendance', 'Attendance', 'Asistencia', NULL, NULL, NULL, NULL, ''),
(561, 'add_schedule', 'Add class routine', 'Agregar horario', NULL, NULL, NULL, NULL, ''),
(562, 'add_schedules', 'Add class routine', 'Agregar horarios', NULL, NULL, NULL, NULL, ''),
(563, 'course', 'Subject', 'Curso', NULL, NULL, NULL, NULL, ''),
(564, 'sunday', 'Sunday', 'Domingo', NULL, NULL, NULL, NULL, ''),
(565, 'saturday', 'Saturday', 'Sbado', NULL, NULL, NULL, NULL, ''),
(566, 'add_routine', 'Add class routine', 'Agregar horario', NULL, NULL, NULL, NULL, ''),
(567, 'time', 'Time', 'Tiempo', NULL, NULL, NULL, NULL, ''),
(568, 'new_class', 'New class', 'Nuevo grado', NULL, NULL, NULL, NULL, ''),
(569, 'create_new_class', 'Create new class', 'Crear nuevo grado', NULL, NULL, NULL, NULL, ''),
(570, 'new_subject', ' New subject', 'Nuevo curso', NULL, NULL, NULL, NULL, ''),
(571, 'create_new_subject', 'Create new subject', 'Crear nuevo curso', NULL, NULL, NULL, NULL, ''),
(572, 'icon', 'Subject icon', 'Icono', NULL, NULL, NULL, NULL, ''),
(573, 'color', 'Subject color', 'Color', NULL, NULL, NULL, NULL, ''),
(574, 'subject_dashboard', 'Subject dashboard ', 'Tablero de curso', NULL, NULL, NULL, NULL, ''),
(575, 'view_exam', 'View exam', 'Ver examen', NULL, NULL, NULL, NULL, ''),
(576, 'view_forum', 'View forum', 'Ver foro', NULL, NULL, NULL, NULL, ''),
(577, 'view_homework', 'View homework', 'Ver tarea', NULL, NULL, NULL, NULL, ''),
(578, 'subject_activity', 'Subject activity', 'Actividad del curso', NULL, NULL, NULL, NULL, ''),
(579, 'latest_news', 'Latest news', 'Ultimas noticias', NULL, NULL, NULL, NULL, ''),
(580, 'teacher_of_the_subject', 'Teacher of the subject', 'Profesor del curso', NULL, NULL, NULL, NULL, ''),
(581, 'confirm_publish', 'Sure you want to publish the information?', 'Seguro desea publicar la informacin?', NULL, NULL, NULL, NULL, ''),
(582, 'publish_exam', 'Publish exam', 'Publicar examen', NULL, NULL, NULL, NULL, ''),
(583, 'published', 'Published', 'Publicado', NULL, NULL, NULL, NULL, ''),
(584, 'confirm_expired', 'Sure you want to mark as expired?', 'Seguro desea marcar como expirado', NULL, NULL, NULL, NULL, ''),
(585, 'mark_as_expired', 'Mark as expired', 'Marcar como expirado', NULL, NULL, NULL, NULL, ''),
(586, 'expired', 'Expired', 'Expirado', NULL, NULL, NULL, NULL, ''),
(587, 'start_time', 'Start time', 'Hora de inicio', NULL, NULL, NULL, NULL, ''),
(588, 'end_time', 'End time', 'Hora limite', NULL, NULL, NULL, NULL, ''),
(589, 'minimum_percentage', 'Minimum percentage', 'Porcentaje minimo', NULL, NULL, NULL, NULL, ''),
(590, 'allow_homework_deliveries', 'Allow deliveries up to', 'Permitir entregas hasta', NULL, NULL, NULL, NULL, ''),
(591, 'no_published', 'Not published', 'No publicado', NULL, NULL, NULL, NULL, ''),
(592, 'show_students', 'Show to students', 'Mostrar a los estudiantes?', NULL, NULL, NULL, NULL, ''),
(593, 'show_message', 'If you want students to see this information, enable this option.', 'Si desea mostrar la informacin a los estudiantes marque esta opcin', NULL, NULL, NULL, NULL, ''),
(594, 'not_published', 'Not published', 'No publicado', NULL, NULL, NULL, NULL, ''),
(595, 'read_forum', 'Read forum', 'Leer foro', NULL, NULL, NULL, NULL, ''),
(596, 'new_topic', 'New topic', 'Nuevo tema', NULL, NULL, NULL, NULL, ''),
(597, 'topic', 'Topic', 'Tema', NULL, NULL, NULL, NULL, ''),
(598, 'reply', 'Reply', 'Responder', NULL, NULL, NULL, NULL, ''),
(599, 'upload_study_material', 'Upload study material', 'Subir material de estudio', NULL, NULL, NULL, NULL, ''),
(600, 'file_type', 'File type', 'Tipo de archivo', NULL, NULL, NULL, NULL, ''),
(601, 'book_request', 'Book request', 'Solicitudes de libros', NULL, NULL, NULL, NULL, ''),
(602, 'total_books', 'Total books', 'Libros totales', NULL, NULL, NULL, NULL, ''),
(603, 'total_copies', 'Total copies', 'Copias totales', NULL, NULL, NULL, NULL, ''),
(604, 'delivered_copies', 'Delivered copies', 'Copias entregadas', NULL, NULL, NULL, NULL, ''),
(605, 'available_message', ' If the book is available, enable this option', 'Si el libro esta disponible active esta opcion', NULL, NULL, NULL, NULL, ''),
(606, 'virtual_message', 'If it is a virtual book (PDF, Doc) enable this option', 'Si el libro es virtual (PDF, Doc) habilite esta opcin', NULL, NULL, NULL, NULL, ''),
(607, 'upload_book', 'Upload book', 'Subir libro', NULL, NULL, NULL, NULL, ''),
(608, 'requested_by', 'Requested by', 'Solicitado por', NULL, NULL, NULL, NULL, ''),
(609, 'starting_date', 'Starting date', 'Fecha de inicio', NULL, NULL, NULL, NULL, ''),
(610, 'ending_date', 'Ending date', 'Fecha limite ', NULL, NULL, NULL, NULL, ''),
(611, 'no_actions', 'No more actions', 'Sin acciones', NULL, NULL, NULL, NULL, ''),
(612, 'calendar_events', 'Calendar events', 'Calendario de eventos', NULL, NULL, NULL, NULL, ''),
(613, 'edit_event', 'Edit event', 'Editar evento', NULL, NULL, NULL, NULL, ''),
(614, 'general_reports', 'General reports', 'Reporte general', NULL, NULL, NULL, NULL, ''),
(615, 'final_marks', 'FInal marks', 'Calificaciones finales', NULL, NULL, NULL, NULL, ''),
(616, 'class_report', 'Class report', 'Reporte de grado', NULL, NULL, NULL, NULL, ''),
(617, 'get_report', 'Get report', 'Generar reporte', NULL, NULL, NULL, NULL, ''),
(618, 'system_email', 'System email', 'Correo del sistema', NULL, NULL, NULL, NULL, ''),
(619, 'system_phone', 'System phone', 'Telefono del sistema', NULL, NULL, NULL, NULL, ''),
(620, 'allow_user_register', 'Allow users to create accounts', 'Permitir registros', NULL, NULL, NULL, NULL, ''),
(621, 'user_register_message', 'Users can register from the frontend if you enable this option', 'Permitir a los usuarios crear cuentas', NULL, NULL, NULL, NULL, ''),
(622, 'timezone', 'Timezone', 'Zona horaria', NULL, NULL, NULL, NULL, ''),
(623, 'social_login', 'Social login', 'Inicio de sesin con social', NULL, NULL, NULL, NULL, ''),
(624, 'enable_social_login', 'Enable social login', 'Habilitar inicio de sesin social', NULL, NULL, NULL, NULL, ''),
(625, 'social_login_message', 'Users can use their Google account and Facebook to login', 'Permita a los usuarios acceder con su cuenta de facebook y google', NULL, NULL, NULL, NULL, ''),
(626, 'logo_color', 'Logo color', 'Logo color', NULL, NULL, NULL, NULL, ''),
(627, 'logo_white', 'Logo white', 'Colo blanco', NULL, NULL, NULL, NULL, ''),
(628, 'icon_white', 'Icon white', 'Icono blanco', NULL, NULL, NULL, NULL, ''),
(629, 'favicon', 'Favicon', 'Favicon', NULL, NULL, NULL, NULL, ''),
(630, 'background', 'Background', 'Backrgound', NULL, NULL, NULL, NULL, ''),
(631, 'home', 'Home', 'Inicio', NULL, NULL, NULL, NULL, ''),
(632, 'total_income', 'Total income', 'Ingresos totales', NULL, NULL, NULL, NULL, ''),
(633, 'total_expense', 'Total expense', 'Egresos totales', NULL, NULL, NULL, NULL, ''),
(634, 'pending_payments', 'Pending payments', 'Pagos pendientes', NULL, NULL, NULL, NULL, ''),
(635, 'completed_payments', 'Completed payments', 'Pagos confirmados', NULL, NULL, NULL, NULL, ''),
(636, 'recent_income', 'Recent income', 'Ingresos recientes', NULL, NULL, NULL, NULL, ''),
(637, 'recent_expense', 'Recent expense ', 'Egresos recientes', NULL, NULL, NULL, NULL, ''),
(638, 'single_invoice', 'Single invoice', 'Factura individual', NULL, NULL, NULL, NULL, ''),
(639, 'bulk_invoice', 'Bulk invoice', 'Facturas multiples', NULL, NULL, NULL, NULL, ''),
(640, 'add_category', 'Add category', 'Agregar categora', NULL, NULL, NULL, NULL, ''),
(641, 'add_expense', 'Add expense', 'Agregar egreso', NULL, NULL, NULL, NULL, ''),
(642, 'folder', 'Folder', 'Carpeta', NULL, NULL, NULL, NULL, ''),
(643, 'recents', 'Recents', 'Recientes', NULL, NULL, NULL, NULL, ''),
(644, 'folders', 'Folders', 'Carpetas', NULL, NULL, NULL, NULL, ''),
(645, 'your_files', 'Your files', 'Tus archivos', NULL, NULL, NULL, NULL, ''),
(646, 'upload_new_file', 'Upload new file', 'Subir nuevo', NULL, NULL, NULL, NULL, ''),
(647, 'drag_your_files_here', 'Drag your files here', 'Arrastra tus archivos aqu', NULL, NULL, NULL, NULL, ''),
(648, 'your_files_message', 'Upload your files to your account', 'Almacena tus archivos en tu cuenta', NULL, NULL, NULL, NULL, ''),
(649, 'new_folder', 'New folder', 'Nueva careta', NULL, NULL, NULL, NULL, ''),
(650, 'create_folder', 'Create folder', 'Crear carpeta', NULL, NULL, NULL, NULL, ''),
(651, 'recent_files', 'Recent files', 'Archivos recientes', NULL, NULL, NULL, NULL, ''),
(652, 'my_folders', 'My folders', 'Mis carpetas', NULL, NULL, NULL, NULL, ''),
(653, 'total_folders', 'Total folders', 'Carpetas totales', NULL, NULL, NULL, NULL, ''),
(654, 'total_files', 'Total files', 'Archivos totales', NULL, NULL, NULL, NULL, ''),
(655, 'upload_files', 'Upload files', 'Subir archivos', NULL, NULL, NULL, NULL, ''),
(656, 'notifications_center', 'Notifications center', 'Centro de notificaciones', NULL, NULL, NULL, NULL, ''),
(657, 'available_for_all_users', 'Available for all users', 'Disponible para todos los usuarios', NULL, NULL, NULL, NULL, ''),
(658, 'send_emails', 'Send emails', 'Enviar correos', NULL, NULL, NULL, NULL, ''),
(659, 'message', 'Message', 'Mensaje', NULL, NULL, NULL, NULL, ''),
(660, 'enable_teacher_reports', 'Enable teacher reports', 'Habilitar reporte de profesores', NULL, NULL, NULL, NULL, ''),
(661, 'enable_sundays_schedules', 'Enable saturday and sunday in the schedules', 'Habilitar sabado y domingo en horarios', NULL, NULL, NULL, NULL, ''),
(662, 'terms_conditions', 'Terms and Conditions', 'Trminos y Condiciones', NULL, NULL, NULL, NULL, ''),
(663, 'login_to_your_account', 'Login to your account.', 'Accede a tu cuenta', NULL, NULL, NULL, NULL, ''),
(664, 'forgot_my_password', 'Forgot my password.', 'Olvide mi contrasea', NULL, NULL, NULL, NULL, ''),
(665, 'or', 'or', 'o', NULL, NULL, NULL, NULL, ''),
(666, 'no_recent_activity', 'There is no recent activity', 'Sin actividad reciente', NULL, NULL, NULL, NULL, ''),
(667, 'no_subject_activity', 'No activity in the subject', 'No hay actividad en el curso', NULL, NULL, NULL, NULL, ''),
(668, 'teachers_reports', 'Teacher reports', 'Reporte de profesoresq', NULL, NULL, NULL, NULL, ''),
(669, 'add_report', 'Add report', 'Agregar reporte', NULL, NULL, NULL, NULL, ''),
(670, 'stduent', 'Student', 'Estudiante', NULL, NULL, NULL, NULL, ''),
(671, 'update_group', 'Update group', 'Actualizar grupo', NULL, NULL, NULL, NULL, ''),
(672, 'select_all', 'Select all', 'Seleccionar todos', NULL, NULL, NULL, NULL, ''),
(673, 'teacher_schedules', 'Teacher schedules', 'Horario de profesores', NULL, NULL, NULL, NULL, ''),
(674, 'teacher_subjects', 'Teacher subjects', 'Cursos de profesores', NULL, NULL, NULL, NULL, ''),
(675, 'personal_informaton', 'Personal information', 'Informacin personal', NULL, NULL, NULL, NULL, ''),
(676, 'parent_childs', 'Parent Childs', 'Estudiantes asociados', NULL, NULL, NULL, NULL, ''),
(677, 'stuents', 'Students', 'Estudiantes', NULL, NULL, NULL, NULL, ''),
(678, 'librarian_update', 'Librarian Update', 'Actualizar bibliotecaria', NULL, NULL, NULL, NULL, ''),
(679, 'birthdays', 'Birthdays', 'Cumpleaos', NULL, NULL, NULL, NULL, ''),
(680, 'print_invoice', 'Print invoice', 'Imprimir', NULL, NULL, NULL, NULL, ''),
(681, 'vote', 'Vote now', 'Votar', NULL, NULL, NULL, NULL, ''),
(682, 'welcome_teacher_dashboard', 'Welcome to your teacher dashboard.', 'Bienvenido a tu tablero de profesor.', NULL, NULL, NULL, NULL, ''),
(683, 'go_to_my_classes', 'Go to your classes.', 'Ir a mis clases', NULL, NULL, NULL, NULL, ''),
(684, 'create_new_folder', 'Create new folder', 'Crear nueva carpeta', NULL, NULL, NULL, NULL, ''),
(685, 'cerate_folder', 'Create folder', 'Crear carpeta', NULL, NULL, NULL, NULL, ''),
(686, 'available_for_students', 'Available for students', 'Disponible para estudiantes', NULL, NULL, NULL, NULL, ''),
(687, 'student_welcome_dashboard_message', ' Welcome to your student dashboard.', 'Bienvenido a tu tablero de estudiante.', NULL, NULL, NULL, NULL, ''),
(688, 'go_to_my_subjects', 'Go to your subjects', 'Ir a mis cursos', NULL, NULL, NULL, NULL, ''),
(689, 'complementary_information', 'Complementary data', 'Informacin adicional', NULL, NULL, NULL, NULL, ''),
(690, 'phone_doctor', 'Doctor phone', 'Telefono del doctor', NULL, NULL, NULL, NULL, ''),
(691, 'go_to_exams', 'Go to exams', 'Ir a examenes', NULL, NULL, NULL, NULL, ''),
(692, 'take_exam_message', 'You can take the exam in the established time', 'Solo puedes tomar el examen en horarios establecidos', NULL, NULL, NULL, NULL, ''),
(693, 'online_exam_results', 'Online exam results', 'Resultados', NULL, NULL, NULL, NULL, ''),
(694, 'no_reply', 'No reply', 'Sin responder', NULL, NULL, NULL, NULL, ''),
(695, 'view_all_marks', 'View all marks', 'Ver todas las calificaciones', NULL, NULL, NULL, NULL, ''),
(696, 'all_files', 'All files', 'Todos los archivos', NULL, NULL, NULL, NULL, ''),
(697, 'welcome_message_parent', 'Welcome to your parent dashboard.', 'Bienvenido a tu tablero de padre.', NULL, NULL, NULL, NULL, ''),
(698, 'go_to_academic', 'Go to academic', 'Ir a academico', NULL, NULL, NULL, NULL, ''),
(699, 'work_business', 'Workplace', 'Lugar de trabajo', NULL, NULL, NULL, NULL, ''),
(700, 'librarian_dashboard', 'Librarian dashboard', 'Tablero', NULL, NULL, NULL, NULL, ''),
(701, 'welcome_librarian_dashboard', 'Welcome to your librarian dashboard', 'Bienvenido a tu tablero de bibliotecario.', NULL, NULL, NULL, NULL, ''),
(702, 'go_to_library', 'Go to library', 'Ir a libreria', NULL, NULL, NULL, NULL, ''),
(703, 'accountant_dashboard', 'Accountant dashboard', 'Tablero', NULL, NULL, NULL, NULL, ''),
(704, 'vew_all_notifications', 'View all notifications', 'Ver todas las notificaciones', NULL, NULL, NULL, NULL, ''),
(705, 'welcome_accountant_dashboard', 'Welcome to you accountant dashboard.', 'Bienvenido a tu tablero de contador.', NULL, NULL, NULL, NULL, ''),
(706, 'go_to_payments', 'Go to payments', 'Ir a pagos', NULL, NULL, NULL, NULL, ''),
(707, 'your_email', 'Your email', 'Tu correo', NULL, NULL, NULL, NULL, ''),
(708, 'fist_name', 'First name', 'Nombre', NULL, NULL, NULL, NULL, ''),
(709, 'percentage_required', 'Percentage Required', 'Porcentaje requerido', NULL, NULL, NULL, NULL, ''),
(710, 'total_mark', 'Total mark', 'Calificacion total', NULL, NULL, NULL, NULL, ''),
(711, 'question_type', 'Question type', 'Tipo de pregunt', NULL, NULL, NULL, NULL, ''),
(712, 'multiple_choice', 'Multiple choice', 'Opcion multiple', NULL, NULL, NULL, NULL, ''),
(713, 'true_false', 'True  or False', 'Falso o Verdadero', NULL, NULL, NULL, NULL, ''),
(714, 'blank_spaces', 'Blank Spaces', 'Espacios en blanco', NULL, NULL, NULL, NULL, ''),
(715, 'select_question_type', 'Select question type', 'Seleccionar', NULL, NULL, NULL, NULL, ''),
(716, 'results_for', 'Results for', 'Resultados para', NULL, NULL, NULL, NULL, ''),
(717, 'mark_obtained', 'Mark obtained', 'Calificacion obtenida', NULL, NULL, NULL, NULL, ''),
(718, 'result', 'Result', 'Resultado', NULL, NULL, NULL, NULL, ''),
(719, 'answers', 'Answers', 'Respuestas', NULL, NULL, NULL, NULL, ''),
(720, 'fail', 'Failed', 'Fallo', NULL, NULL, NULL, NULL, ''),
(721, 'options_number', 'Number of options', 'Numero de opciones', NULL, NULL, NULL, NULL, ''),
(722, 'value_required', 'Value required', 'Requerido', NULL, NULL, NULL, NULL, ''),
(723, 'true', 'True', 'Verdadero', NULL, NULL, NULL, NULL, ''),
(724, 'false', 'False', 'Falso', NULL, NULL, NULL, NULL, ''),
(725, 'instructions', 'Instructions', 'Instrucciones', NULL, NULL, NULL, NULL, ''),
(726, 'instructions_message', 'It is required to complete the question of type of spaces. When you need to insert a line, you can simply enter \'_\' to get a blank space. You can check it in the preview below.', 'Se requiere para completar la pregunta de tipo de espacios. Cuando necesite insertar una lnea, simplemente puede ingresar \'_\' para obtener un espacio en blanco. Puedes comprobarlo en la vista previa abajo.', NULL, NULL, NULL, NULL, ''),
(727, 'preview', 'Preview', 'Previsualizacion', NULL, NULL, NULL, NULL, ''),
(728, 'correct_words', 'Correct words', 'Palabras correctas', NULL, NULL, NULL, NULL, ''),
(729, 'correct_words_message', 'Here enter the words that complement your question, please enter them in the same order and separated by commas.', 'Aqu ingrese las palabras que complementan su pregunta, por favor ingresarlas en el mismo orden y separadas por coma.', NULL, NULL, NULL, NULL, ''),
(730, 'report_success', 'It has been marked as solved', 'El reporte se ha marcado como resuelto', NULL, NULL, NULL, NULL, ''),
(731, 'manage_sections', '', 'Administrar secciones', NULL, NULL, NULL, NULL, ''),
(732, 'new_section', '', 'Nueva seccin', NULL, NULL, NULL, NULL, ''),
(733, 'new_event_notify', '', 'Se ha agregado un nuevo evento a tu calendario.', NULL, NULL, NULL, NULL, ''),
(734, 'new_poll_notify', '', 'Se ha agregado una nueva encuesta.', NULL, NULL, NULL, NULL, ''),
(735, 'suer_admin', '', 'Super admin', NULL, NULL, NULL, NULL, ''),
(736, 'grade_levels', '', 'Niveles de grado', NULL, NULL, NULL, NULL, ''),
(737, 'new_semester', '', 'Nuevo semestre', NULL, NULL, NULL, NULL, ''),
(738, 'absences_message', '', 'El estudiante no se encuentra presente el da de hoy', NULL, NULL, NULL, NULL, ''),
(739, 'students_reports_message', '', 'Se ha agregado un nuevo reporte', NULL, NULL, NULL, NULL, ''),
(740, 'new_invoice_message', '', 'Se ha agregado una nueva factura', NULL, NULL, NULL, NULL, ''),
(741, 'new_invoices', '', 'Nuevas facturas', NULL, NULL, NULL, NULL, ''),
(742, 'backup_restore', '', 'Copias de seguridad ', NULL, NULL, NULL, NULL, ''),
(743, 'generate_backup', '', 'Generar copia de seguridad', NULL, NULL, NULL, NULL, ''),
(744, 'import_backup', '', 'Restaurar copia de seguridad', NULL, NULL, NULL, NULL, ''),
(745, 'update_section', '', 'Actualizar seccn', NULL, NULL, NULL, NULL, ''),
(746, 'calassrooms', '', 'Salones de clases', NULL, NULL, NULL, NULL, ''),
(747, 'new_bus', '', 'Nuevo bus', NULL, NULL, NULL, NULL, ''),
(748, 'update_transport', '', 'Actualizar bus', NULL, NULL, NULL, NULL, ''),
(749, 'update_subject', '', 'Actualizar curso', NULL, NULL, NULL, NULL, ''),
(750, 'new_poll', '', 'Nueva encuest', NULL, NULL, NULL, NULL, ''),
(751, 'votes', '', 'Votos', NULL, NULL, NULL, NULL, ''),
(752, 'create_new_group', '', 'Crear nuevo grupo', NULL, NULL, NULL, NULL, ''),
(753, 'teachers_permissions', '', 'Permisos de profesores', NULL, NULL, NULL, NULL, ''),
(754, 'without_shared_picture', '', 'Sin fotografas compartidas', NULL, NULL, NULL, NULL, ''),
(755, 'dashoard', '', 'Dashboard', NULL, NULL, NULL, NULL, ''),
(756, 'suject_activity', '', 'Actividad del curso', NULL, NULL, NULL, NULL, ''),
(757, 'waiting_information', '', 'Esperando informacin', NULL, NULL, NULL, NULL, ''),
(758, 'select_an_question', '', 'Seleccionar una pregunta', NULL, NULL, NULL, NULL, ''),
(759, 'option_', '', 'Opcin', NULL, NULL, NULL, NULL, ''),
(760, 'instuctions', '', 'Instrucciones', NULL, NULL, NULL, NULL, ''),
(761, 'failed', '', 'Fallo', NULL, NULL, NULL, NULL, ''),
(762, 'exam_information', '', 'Informacin del examen', NULL, NULL, NULL, NULL, ''),
(763, 'minute', '', 'Minuto', NULL, NULL, NULL, NULL, ''),
(764, 'second', '', 'Segundo', NULL, NULL, NULL, NULL, ''),
(765, 'waiting_results', '', 'Esperando resultados', NULL, NULL, NULL, NULL, ''),
(766, 'youtube_video', '', '', NULL, NULL, NULL, NULL, ''),
(767, 'income', '', '', NULL, NULL, NULL, NULL, ''),
(768, 'new_notice_info', '', '', NULL, NULL, NULL, NULL, ''),
(769, 'live', '', '', NULL, NULL, NULL, NULL, ''),
(770, 'meet', '', '', NULL, NULL, NULL, NULL, ''),
(771, 'create_live', '', '', NULL, NULL, NULL, NULL, ''),
(772, 'optional', '', '', NULL, NULL, NULL, NULL, ''),
(773, 'lost_text', '', '', NULL, NULL, NULL, NULL, ''),
(774, 'multilpe_choice', '', '', NULL, NULL, NULL, NULL, ''),
(775, 'update_question', '', '', NULL, NULL, NULL, NULL, ''),
(776, 'no_options_can_be_blank', '', '', NULL, NULL, NULL, NULL, ''),
(777, 'enter_exam_password', '', '', NULL, NULL, NULL, NULL, ''),
(778, 'password_does_not_match', '', '', NULL, NULL, NULL, NULL, ''),
(779, 'pass', '', '', NULL, NULL, NULL, NULL, ''),
(780, 'Verdadero', 'Verdadero', '', NULL, NULL, NULL, NULL, ''),
(796, 'students_report', '', '', NULL, NULL, NULL, NULL, ''),
(797, 'update_semester', '', '', NULL, NULL, NULL, NULL, ''),
(798, 'marks_report', '', '', NULL, NULL, NULL, NULL, ''),
(799, 'student_card', '', '', NULL, NULL, NULL, NULL, ''),
(800, 'tabulation_report', '', '', NULL, NULL, NULL, NULL, ''),
(801, 'mens', '', '', NULL, NULL, NULL, NULL, ''),
(802, 'women', '', '', NULL, NULL, NULL, NULL, ''),
(803, 'signature', '', '', NULL, NULL, NULL, NULL, ''),
(804, 'accounting_report', '', '', NULL, NULL, NULL, NULL, ''),
(1125, 'go_to_timeline', '', '', NULL, NULL, NULL, NULL, ''),
(865, 'update_routine', '', '', NULL, NULL, NULL, NULL, ''),
(1087, 'this_week', '', '', NULL, NULL, NULL, NULL, ''),
(1086, 'school_timeline', '', '', NULL, NULL, NULL, NULL, ''),
(1055, 'go_to_my_timeline', '', '', NULL, NULL, NULL, NULL, ''),
(1050, 'added_new_forum_discussion', '', '', NULL, NULL, NULL, NULL, ''),
(1045, 'progress', '', '', NULL, NULL, NULL, NULL, ''),
(966, 'new_request', '', '', NULL, NULL, NULL, NULL, ''),
(967, 'request', '', '', NULL, NULL, NULL, NULL, ''),
(1017, 'date_format', '', '', NULL, NULL, NULL, NULL, ''),
(1016, 'group_information', '', '', NULL, NULL, NULL, NULL, ''),
(1015, 'actions', '', '', NULL, NULL, NULL, NULL, ''),
(1014, 'waiting_mark', '', '', NULL, NULL, NULL, NULL, ''),
(1003, 'send_marks_by_email', '', '', NULL, NULL, NULL, NULL, ''),
(1004, 'you_dont_have_notifications', '', '', NULL, NULL, NULL, NULL, ''),
(1005, 'download_adminssion_sheet', '', '', NULL, NULL, NULL, NULL, ''),
(1006, 'download_adminssion_sheet_message', '', '', NULL, NULL, NULL, NULL, ''),
(1007, 'interal', 'Internal', '', NULL, NULL, NULL, NULL, ''),
(1008, 'external', '', '', NULL, NULL, NULL, NULL, ''),
(1009, 'live_type', 'Live type', '', NULL, NULL, NULL, NULL, ''),
(1010, 'internal', '', '', NULL, NULL, NULL, NULL, ''),
(1011, 'site_url', 'Site URL', '', NULL, NULL, NULL, NULL, ''),
(1012, 'update_live', 'Update live', '', NULL, NULL, NULL, NULL, ''),
(1013, 'modules', '', '', NULL, NULL, NULL, NULL, ''),
(1239, 'no_available', '', '', NULL, NULL, NULL, NULL, ''),
(1293, 'see_files', '', '', NULL, NULL, NULL, NULL, ''),
(1311, 'calendar_language', '', '', NULL, NULL, NULL, NULL, ''),
(1314, 'download_file', '', '', NULL, NULL, NULL, NULL, ''),
(1315, 'download_student_sheet', '', '', NULL, NULL, NULL, NULL, ''),
(1318, 'new_student', '', '', NULL, NULL, NULL, NULL, ''),
(1319, 'enroll', '', '', NULL, NULL, NULL, NULL, ''),
(1320, 'date_of_birth', '', '', NULL, NULL, NULL, NULL, ''),
(1321, 'generated_by', '', '', NULL, NULL, NULL, NULL, ''),
(1328, 'student_live_attendance', '', '', NULL, NULL, NULL, NULL, ''),
(1399, 'school_location', '', '', NULL, NULL, NULL, NULL, ''),
(1584, 'enable_logs', '', '', NULL, NULL, NULL, NULL, ''),
(1585, 'for_development_purposes', '', '', NULL, NULL, NULL, NULL, ''),
(1602, 'about_the_subject', '', '', NULL, NULL, NULL, NULL, ''),
(1605, 'subject_stats', '', '', NULL, NULL, NULL, NULL, ''),
(1608, 'homeworks', '', '', NULL, NULL, NULL, NULL, ''),
(1609, 'forums', '', '', NULL, NULL, NULL, NULL, ''),
(1610, 'live_classes', '', '', NULL, NULL, NULL, NULL, ''),
(1663, 'student_marksheet', '', '', NULL, NULL, NULL, NULL, ''),
(1664, 'student_marksheet_are_there', '', '', NULL, NULL, NULL, NULL, ''),
(1671, 'exam', '', '', NULL, NULL, NULL, NULL, ''),
(1672, 'marks_sent', '', '', NULL, NULL, NULL, NULL, ''),
(1673, 'welcome', '', '', NULL, NULL, NULL, NULL, ''),
(1674, 'new_account_has_been_created_with_your_email_address_in', '', '', NULL, NULL, NULL, NULL, ''),
(1675, 'your_data_are_as_follows', '', '', NULL, NULL, NULL, NULL, ''),
(1676, 'your_account_require_approval', '', '', NULL, NULL, NULL, NULL, ''),
(1677, 'congratulations', '', '', NULL, NULL, NULL, NULL, ''),
(1678, 'your_account_has_been_approved_now_you_can_login', '', '', NULL, NULL, NULL, NULL, ''),
(1679, 'root_folder', '', '', NULL, NULL, NULL, NULL, ''),
(1741, 'password_reset', '', '', NULL, NULL, NULL, NULL, ''),
(1781, 'email_already_exist', '', '', NULL, NULL, NULL, NULL, ''),
(1786, 'blue', '', '', NULL, NULL, NULL, NULL, ''),
(1787, 'turquoise', '', '', NULL, NULL, NULL, NULL, ''),
(1788, 'green', '', '', NULL, NULL, NULL, NULL, ''),
(1789, 'yellow', '', '', NULL, NULL, NULL, NULL, ''),
(1790, 'orange', '', '', NULL, NULL, NULL, NULL, ''),
(1791, 'red', '', '', NULL, NULL, NULL, NULL, ''),
(1792, 'black', '', '', NULL, NULL, NULL, NULL, ''),
(1797, 'current_class', '', '', NULL, NULL, NULL, NULL, ''),
(1798, 'class_to_promote', '', '', NULL, NULL, NULL, NULL, ''),
(1799, 'current_section', '', '', NULL, NULL, NULL, NULL, ''),
(1800, 'to_section', '', '', NULL, NULL, NULL, NULL, ''),
(1801, 'successfully_promoted', '', '', NULL, NULL, NULL, NULL, ''),
(1924, 'users_have_a_birthday_this_month', '', '', NULL, NULL, NULL, NULL, ''),
(1963, 'create_your_first_group', '', '', NULL, NULL, NULL, NULL, ''),
(1968, 'chat groups', '', '', NULL, NULL, NULL, NULL, ''),
(1981, 'without_shared_photos', '', '', NULL, NULL, NULL, NULL, ''),
(1986, 'members_on_this_group', '', '', NULL, NULL, NULL, NULL, ''),
(2049, 'show_results', '', '', NULL, NULL, NULL, NULL, ''),
(2050, 'keep_hidden', '', '', NULL, NULL, NULL, NULL, ''),
(2051, 'show_when_exam_is_finished', '', '', NULL, NULL, NULL, NULL, ''),
(2052, '15_minutes_after_finished', '', '', NULL, NULL, NULL, NULL, ''),
(2053, '30_minutes_after_finished', '', '', NULL, NULL, NULL, NULL, ''),
(2058, 'edit_delivery', '', '', NULL, NULL, NULL, NULL, ''),
(2059, 'are_you_sure', '', '', NULL, NULL, NULL, NULL, ''),
(2062, 'your_comment', '', '', NULL, NULL, NULL, NULL, ''),
(2063, 'your_submitted_files', '', '', NULL, NULL, NULL, NULL, ''),
(2304, 'have_seen_this_post', '', '', NULL, NULL, NULL, NULL, ''),
(2405, 'your_chats_groups', '', '', NULL, NULL, NULL, NULL, ''),
(2454, 'chat_groups', '', '', NULL, NULL, NULL, NULL, ''),
(2537, 'manage_attendance', '', '', NULL, NULL, NULL, NULL, ''),
(2540, 'teachers_attendance', '', '', NULL, NULL, NULL, NULL, ''),
(2980, 'your_other_live_classes', '', '', NULL, NULL, NULL, NULL, ''),
(2981, 'solved', '', '', NULL, NULL, NULL, NULL, ''),
(2986, 'new_invoice_has_been_generated_for', '', '', NULL, NULL, NULL, NULL, ''),
(2987, 'update_invoice', '', '', NULL, NULL, NULL, NULL, ''),
(2988, 'descrition', '', '', NULL, NULL, NULL, NULL, ''),
(2989, 'update_category', '', '', NULL, NULL, NULL, NULL, ''),
(2990, 'udate', '', '', NULL, NULL, NULL, NULL, ''),
(2991, 'update_expense', '', '', NULL, NULL, NULL, NULL, ''),
(2992, 'update_grade_level', '', '', NULL, NULL, NULL, NULL, ''),
(2997, 'show_questions_randomly', '', '', NULL, NULL, NULL, NULL, ''),
(3020, 'ask_for_results', '', '', NULL, NULL, NULL, NULL, ''),
(3021, 'waiting_for_results', '', '', NULL, NULL, NULL, NULL, ''),
(3154, 'your_child', '', '', NULL, NULL, NULL, NULL, ''),
(3155, 'is_absent_today', '', '', NULL, NULL, NULL, NULL, ''),
(3188, 'users_seen_this_post', '', '', NULL, NULL, NULL, NULL, ''),
(3201, 'students_seen_this_post', '', '', NULL, NULL, NULL, NULL, ''),
(3613, 'approve', '', '', NULL, NULL, NULL, NULL, ''),
(3614, 'request_accepted_successfully', '', '', NULL, NULL, NULL, NULL, ''),
(3615, 'no_actions_available', '', '', NULL, NULL, NULL, NULL, ''),
(3689, 'smtp_settings', '', '', NULL, NULL, NULL, NULL, ''),
(3690, 'protocol', '', '', NULL, NULL, NULL, NULL, ''),
(3691, 'smtp_pass', '', '', NULL, NULL, NULL, NULL, ''),
(3692, 'today', '', '', NULL, NULL, NULL, NULL, ''),
(3693, 'week', '', '', NULL, NULL, NULL, NULL, ''),
(3694, 'list', '', '', NULL, NULL, NULL, NULL, ''),
(3695, 'extension_not_allowed', '', '', NULL, NULL, NULL, NULL, ''),
(3696, 'search_results', '', '', NULL, NULL, NULL, NULL, ''),
(3697, 'no_results_found', '', '', NULL, NULL, NULL, NULL, '');
INSERT INTO `language` (`phrase_id`, `phrase`, `english`, `spanish`, `portuguese`, `hindi`, `french`, `serbian`, `arabic`) VALUES
(3698, 'behavioral_report_has_been_created_for', '', '', NULL, NULL, NULL, NULL, ''),
(3699, 'accounting_settings', '', '', NULL, NULL, NULL, NULL, ''),
(3700, 'update_gateway', '', '', NULL, NULL, NULL, NULL, ''),
(3701, 'test_mode', '', '', NULL, NULL, NULL, NULL, ''),
(3702, 'enable_test_mode', '', '', NULL, NULL, NULL, NULL, ''),
(3703, 'test_secret_key', '', '', NULL, NULL, NULL, NULL, ''),
(3704, 'test_public_key', '', '', NULL, NULL, NULL, NULL, ''),
(3705, 'live_secret_key', '', '', NULL, NULL, NULL, NULL, ''),
(3706, 'live_public_key', '', '', NULL, NULL, NULL, NULL, ''),
(3707, 'enable_stripe', '', '', NULL, NULL, NULL, NULL, ''),
(3708, 'stripe_currency', '', '', NULL, NULL, NULL, NULL, ''),
(3709, 'sandbox_mode', '', '', NULL, NULL, NULL, NULL, ''),
(3710, 'enable_paypal', '', '', NULL, NULL, NULL, NULL, ''),
(3711, 'client_id_sandbox', '', '', NULL, NULL, NULL, NULL, ''),
(3712, 'client_id_production', '', '', NULL, NULL, NULL, NULL, ''),
(3713, 'enable_razorpay', '', '', NULL, NULL, NULL, NULL, ''),
(3714, 'test_key_id', '', '', NULL, NULL, NULL, NULL, ''),
(3715, 'test_key_secret', '', '', NULL, NULL, NULL, NULL, ''),
(3716, 'production_key_id', '', '', NULL, NULL, NULL, NULL, ''),
(3717, 'production_key_secret', '', '', NULL, NULL, NULL, NULL, ''),
(3718, 'enable_paystack', '', '', NULL, NULL, NULL, NULL, ''),
(3719, 'enable_flutterwave', '', '', NULL, NULL, NULL, NULL, ''),
(3720, 'test_encryption_key', '', '', NULL, NULL, NULL, NULL, ''),
(3721, 'live_encryption_key', '', '', NULL, NULL, NULL, NULL, ''),
(3722, 'test_credentials', '', '', NULL, NULL, NULL, NULL, ''),
(3723, 'live_credentials', '', '', NULL, NULL, NULL, NULL, ''),
(3724, 'enabled', '', '', NULL, NULL, NULL, NULL, ''),
(3725, 'enable_pesapal', '', '', NULL, NULL, NULL, NULL, ''),
(3726, 'test_pesapal_consumer_key', '', '', NULL, NULL, NULL, NULL, ''),
(3727, 'test_pesapal_consumer_secret', '', '', NULL, NULL, NULL, NULL, ''),
(3728, 'live_pesapal_consumer_key', '', '', NULL, NULL, NULL, NULL, ''),
(3729, 'live_pesapal_consumer_secret', '', '', NULL, NULL, NULL, NULL, ''),
(3730, 'enable_google_pay', '', '', NULL, NULL, NULL, NULL, ''),
(3731, 'api_version', '', '', NULL, NULL, NULL, NULL, ''),
(3732, 'allowed_cards', '', '', NULL, NULL, NULL, NULL, ''),
(3733, 'separated_by_comma', '', '', NULL, NULL, NULL, NULL, ''),
(3734, 'merchant_id', '', '', NULL, NULL, NULL, NULL, ''),
(3735, 'marchant_name', '', '', NULL, NULL, NULL, NULL, ''),
(3736, 'gateway', '', '', NULL, NULL, NULL, NULL, ''),
(3737, 'gatewaymerchantid', '', '', NULL, NULL, NULL, NULL, ''),
(3738, 'find_here', '', '', NULL, NULL, NULL, NULL, ''),
(3739, 'pay_now', '', '', NULL, NULL, NULL, NULL, ''),
(3740, 'pay_with_stripe', '', '', NULL, NULL, NULL, NULL, ''),
(3741, 'pay_with_razorpay', '', '', NULL, NULL, NULL, NULL, ''),
(3742, 'pay_with_paystack', '', '', NULL, NULL, NULL, NULL, ''),
(3743, 'pay_with_flutterwave', '', '', NULL, NULL, NULL, NULL, ''),
(3744, 'pay_with_pesapal', '', '', NULL, NULL, NULL, NULL, ''),
(3745, 'pay_with', '', '', NULL, NULL, NULL, NULL, ''),
(3746, 'without_options', '', '', NULL, NULL, NULL, NULL, ''),
(3747, 'sandbox_email', '', '', NULL, NULL, NULL, NULL, ''),
(3748, 'production_email', '', '', NULL, NULL, NULL, NULL, ''),
(3749, 'thanks_for_your_payment', '', '', NULL, NULL, NULL, NULL, ''),
(3750, 'credit_/_debit_card', '', '', NULL, NULL, NULL, NULL, ''),
(3751, 'pay', '', '', NULL, NULL, NULL, NULL, ''),
(3752, 'user_name', '', '', NULL, NULL, NULL, NULL, ''),
(3753, 'payment_of', '', '', NULL, NULL, NULL, NULL, ''),
(3754, 'payment', '', '', NULL, NULL, NULL, NULL, ''),
(3755, 'please_wait', '', '', NULL, NULL, NULL, NULL, ''),
(3756, 'payment_failed', '', '', NULL, NULL, NULL, NULL, ''),
(3757, 'frontend', '', '', NULL, NULL, NULL, NULL, ''),
(3758, 'about_us', '', '', NULL, NULL, NULL, NULL, ''),
(3759, 'gallery', '', '', NULL, NULL, NULL, NULL, ''),
(3760, 'home_page', '', '', NULL, NULL, NULL, NULL, ''),
(3761, 'home_widget', '', '', NULL, NULL, NULL, NULL, ''),
(3762, 'subtitle', '', '', NULL, NULL, NULL, NULL, ''),
(3763, 'text-button-1', '', '', NULL, NULL, NULL, NULL, ''),
(3764, 'text_button_1', '', '', NULL, NULL, NULL, NULL, ''),
(3765, 'redirect_button_1', '', '', NULL, NULL, NULL, NULL, ''),
(3766, 'if_left_blank_it_will_hide', '', '', NULL, NULL, NULL, NULL, ''),
(3767, 'text_button_2', '', '', NULL, NULL, NULL, NULL, ''),
(3768, 'redirect_button_2', '', '', NULL, NULL, NULL, NULL, ''),
(3769, 'why_us_widget', '', '', NULL, NULL, NULL, NULL, ''),
(3770, 'bottom_title', '', '', NULL, NULL, NULL, NULL, ''),
(3771, 'bottom_subtitle', '', '', NULL, NULL, NULL, NULL, ''),
(3772, 'principal_widget', '', '', NULL, NULL, NULL, NULL, ''),
(3773, 'intro_text', '', '', NULL, NULL, NULL, NULL, ''),
(3774, 'text_button', '', '', NULL, NULL, NULL, NULL, ''),
(3775, 'redirect_button', '', '', NULL, NULL, NULL, NULL, ''),
(3776, 'second_widget', '', '', NULL, NULL, NULL, NULL, ''),
(3777, 'widget_title', '', '', NULL, NULL, NULL, NULL, ''),
(3778, 'widget_subtitle', '', '', NULL, NULL, NULL, NULL, ''),
(3779, 'footer', '', '', NULL, NULL, NULL, NULL, ''),
(3780, 'footer_text', '', '', NULL, NULL, NULL, NULL, ''),
(3781, 'footer_logo_white', '', '', NULL, NULL, NULL, NULL, ''),
(3782, 'images', '', '', NULL, NULL, NULL, NULL, ''),
(3783, 'upload_images', '', '', NULL, NULL, NULL, NULL, ''),
(3784, 'drag_your_images_here', '', '', NULL, NULL, NULL, NULL, ''),
(3785, 'upload_to_your_gallery', '', '', NULL, NULL, NULL, NULL, ''),
(3786, 'gallery_images', '', '', NULL, NULL, NULL, NULL, ''),
(3787, 'id', '', '', NULL, NULL, NULL, NULL, ''),
(3788, 'uploaded_images', '', '', NULL, NULL, NULL, NULL, ''),
(3789, 'upload_your_images', '', '', NULL, NULL, NULL, NULL, ''),
(3790, 'show_in_frontend', '', '', NULL, NULL, NULL, NULL, ''),
(3791, 'our_recent_news', '', '', NULL, NULL, NULL, NULL, ''),
(3792, 'by', '', '', NULL, NULL, NULL, NULL, ''),
(3793, 'view_all_news', '', '', NULL, NULL, NULL, NULL, ''),
(3794, 'our_school_news', '', '', NULL, NULL, NULL, NULL, ''),
(3795, 'back_to_news', '', '', NULL, NULL, NULL, NULL, ''),
(3796, 'terms_and_conditions', '', '', NULL, NULL, NULL, NULL, ''),
(3797, 'our_school_teachers', '', '', NULL, NULL, NULL, NULL, ''),
(3798, 'our_school_gallery', '', '', NULL, NULL, NULL, NULL, ''),
(3799, 'get_in_touch', '', '', NULL, NULL, NULL, NULL, ''),
(3800, 'contact_information', '', '', NULL, NULL, NULL, NULL, ''),
(3801, 'facebook', '', '', NULL, NULL, NULL, NULL, ''),
(3802, 'twitter', '', '', NULL, NULL, NULL, NULL, ''),
(3803, 'instagram', '', '', NULL, NULL, NULL, NULL, ''),
(3804, 'website', '', '', NULL, NULL, NULL, NULL, ''),
(3805, 'please_fill_all_fileds_in_the_form_for_contact_us', '', '', NULL, NULL, NULL, NULL, ''),
(3806, 'your_name', '', '', NULL, NULL, NULL, NULL, ''),
(3807, 'your_phone', '', '', NULL, NULL, NULL, NULL, ''),
(3808, 'your_message', '', '', NULL, NULL, NULL, NULL, ''),
(3809, 'find_us_on_the_map', '', '', NULL, NULL, NULL, NULL, ''),
(3810, 'contact', '', '', NULL, NULL, NULL, NULL, ''),
(3811, 'all_rights_reserved', '', '', NULL, NULL, NULL, NULL, ''),
(3812, 'copyright', '', '', NULL, NULL, NULL, NULL, ''),
(3813, 'youtube', '', '', NULL, NULL, NULL, NULL, ''),
(3814, 'resources', '', '', NULL, NULL, NULL, NULL, ''),
(3815, 'contact_us', '', '', NULL, NULL, NULL, NULL, ''),
(3816, 'sign_in', '', '', NULL, NULL, NULL, NULL, ''),
(3817, 'sign_up', '', '', NULL, NULL, NULL, NULL, ''),
(3818, 'recaptcha', '', '', NULL, NULL, NULL, NULL, ''),
(3819, 'recaptcha_settings', '', '', NULL, NULL, NULL, NULL, ''),
(3820, 'site_key', '', '', NULL, NULL, NULL, NULL, ''),
(3821, 'secret_key', '', '', NULL, NULL, NULL, NULL, ''),
(3822, 'the_captcha_is_required', '', '', NULL, NULL, NULL, NULL, ''),
(3823, 'map', '', '', NULL, NULL, NULL, NULL, ''),
(3824, 'google_maps', '', '', NULL, NULL, NULL, NULL, ''),
(3825, 'new_contact_message', '', '', NULL, NULL, NULL, NULL, ''),
(3826, 'message_details', '', '', NULL, NULL, NULL, NULL, ''),
(3827, 'enable_frontend', '', '', NULL, NULL, NULL, NULL, ''),
(3828, 'generate_id_card', '', '', NULL, NULL, NULL, NULL, ''),
(3829, 'verification_code', '', '', NULL, NULL, NULL, NULL, ''),
(3830, 'generated_in', '', '', NULL, NULL, NULL, NULL, ''),
(3831, 'whiteboards', '', '', NULL, NULL, NULL, NULL, ''),
(3832, 'new_whiteboard', '', '', NULL, NULL, NULL, NULL, ''),
(3833, 'view_board', '', '', NULL, NULL, NULL, NULL, ''),
(3834, 'delete_board', '', '', NULL, NULL, NULL, NULL, ''),
(3835, 'view_whiteboard', '', '', NULL, NULL, NULL, NULL, ''),
(3836, 'issue_certificate', '', '', NULL, NULL, NULL, NULL, ''),
(3837, 'certificates', '', '', NULL, NULL, NULL, NULL, ''),
(3838, 'certificates_settings', '', '', NULL, NULL, NULL, NULL, ''),
(3839, 'teacher_signature', '', '', NULL, NULL, NULL, NULL, ''),
(3840, 'teacher_must_be_upload_her_signature_on_teacher_profile', '', '', NULL, NULL, NULL, NULL, ''),
(3841, 'ceo_name', '', '', NULL, NULL, NULL, NULL, ''),
(3842, 'ceo_signature', '', '', NULL, NULL, NULL, NULL, ''),
(3843, 'text_certificate', '', '', NULL, NULL, NULL, NULL, ''),
(3844, 'location', '', '', NULL, NULL, NULL, NULL, ''),
(3845, 'certificate_style', '', '', NULL, NULL, NULL, NULL, ''),
(3846, 'vimeo_video', '', '', NULL, NULL, NULL, NULL, ''),
(3847, 'brush_size', '', '', NULL, NULL, NULL, NULL, ''),
(3848, 'font_size', '', '', NULL, NULL, NULL, NULL, ''),
(3849, 'clear_document', '', '', NULL, NULL, NULL, NULL, ''),
(3850, 'before_break', '', '', NULL, NULL, NULL, NULL, ''),
(3851, 'final_time', '', '', NULL, NULL, NULL, NULL, ''),
(3852, 'class_duration', '', '', NULL, NULL, NULL, NULL, ''),
(3853, 'after_break', '', '', NULL, NULL, NULL, NULL, ''),
(3854, 'the content has changed dont forget to save the changes', '', '', NULL, NULL, NULL, NULL, ''),
(3855, 'content_deleted', '', '', NULL, NULL, NULL, NULL, ''),
(3856, 'drag the subjects to the table (you can clone subjects using shift)', '', '', NULL, NULL, NULL, NULL, ''),
(3857, 'drag_here_to_delete', '', '', NULL, NULL, NULL, NULL, ''),
(3858, 'apply_all_week', '', '', NULL, NULL, NULL, NULL, ''),
(3859, 'break', '', '', NULL, NULL, NULL, NULL, ''),
(3860, 'apply_changes', '', '', NULL, NULL, NULL, NULL, ''),
(3861, 'please_verify_recaptcha', '', '', NULL, NULL, NULL, NULL, ''),
(3862, 'organize your schedules easily and quickly.', '', '', NULL, NULL, NULL, NULL, ''),
(3863, 'annotate', '', '', NULL, NULL, NULL, NULL, ''),
(3864, 'view_file_corrections', '', '', NULL, NULL, NULL, NULL, ''),
(3865, 'view_edited', '', '', NULL, NULL, NULL, NULL, ''),
(3866, 'make_your_attendance', '', '', NULL, NULL, NULL, NULL, ''),
(3867, 'scan_qr_to_make_your_daily_attendance', '', '', NULL, NULL, NULL, NULL, ''),
(3868, 'points_exp', '', '', NULL, NULL, NULL, NULL, ''),
(3869, 'if_is_enabled_in_rules', '', '', NULL, NULL, NULL, NULL, ''),
(3870, 'gamification', '', '', NULL, NULL, NULL, NULL, ''),
(3871, 'resume', '', '', NULL, NULL, NULL, NULL, ''),
(3872, 'levels', '', '', NULL, NULL, NULL, NULL, ''),
(3873, 'rules', '', '', NULL, NULL, NULL, NULL, ''),
(3874, 'level', '', '', NULL, NULL, NULL, NULL, ''),
(3875, 'gamification_levels', '', '', NULL, NULL, NULL, NULL, ''),
(3876, 'require', '', '', NULL, NULL, NULL, NULL, ''),
(3877, 'gamification_rules', '', '', NULL, NULL, NULL, NULL, ''),
(3878, 'exp_per_forum_reply', '', '', NULL, NULL, NULL, NULL, ''),
(3879, 'exp_per_homework_submited', '', '', NULL, NULL, NULL, NULL, ''),
(3880, 'exp_per_online_exam_submited', '', '', NULL, NULL, NULL, NULL, ''),
(3881, 'exp_per_live_class_joined', '', '', NULL, NULL, NULL, NULL, ''),
(3882, 'gamification_settings', '', '', NULL, NULL, NULL, NULL, ''),
(3883, 'enable_gamification', '', '', NULL, NULL, NULL, NULL, ''),
(3884, 'number_of_levels', '', '', NULL, NULL, NULL, NULL, ''),
(3885, 'addon_title', '', '', NULL, NULL, NULL, NULL, ''),
(3886, 'addon_short_description', '', '', NULL, NULL, NULL, NULL, ''),
(3887, 'update_level', '', '', NULL, NULL, NULL, NULL, ''),
(3888, 'online_courses', '', '', NULL, NULL, NULL, NULL, ''),
(3889, 'new_online_course', '', '', NULL, NULL, NULL, NULL, ''),
(3890, 'total_courses', '', '', NULL, NULL, NULL, NULL, ''),
(3891, 'active_courses', '', '', NULL, NULL, NULL, NULL, ''),
(3892, 'inactive_courses', '', '', NULL, NULL, NULL, NULL, ''),
(3893, 'lesson_and_section', '', '', NULL, NULL, NULL, NULL, ''),
(3894, 'outcomes', '', '', NULL, NULL, NULL, NULL, ''),
(3895, 'upload_video', '', '', NULL, NULL, NULL, NULL, ''),
(3896, 'course_thumbnail', '', '', NULL, NULL, NULL, NULL, ''),
(3897, 'local_video', '', '', NULL, NULL, NULL, NULL, ''),
(3898, 'html5_video', '', '', NULL, NULL, NULL, NULL, ''),
(3899, 'zoom_meeting_id', '', '', NULL, NULL, NULL, NULL, ''),
(3900, 'zoom_meeting_password', '', '', NULL, NULL, NULL, NULL, ''),
(3901, 'zoom_api', '', '', NULL, NULL, NULL, NULL, ''),
(3902, 'team_conferences', '', '', NULL, NULL, NULL, NULL, ''),
(3903, 'create_team_conference', '', '', NULL, NULL, NULL, NULL, ''),
(3904, 'successfully_created', '', '', NULL, NULL, NULL, NULL, ''),
(3905, 'entry', '', '', NULL, NULL, NULL, NULL, ''),
(3906, 'choose_admins', '', '', NULL, NULL, NULL, NULL, ''),
(3907, 'choose_teachers', '', '', NULL, NULL, NULL, NULL, ''),
(3908, 'team_admin_live', '', '', NULL, NULL, NULL, NULL, ''),
(3909, 'choose_admins_for_session_live', '', '', NULL, NULL, NULL, NULL, ''),
(3910, 'team_live', '', '', NULL, NULL, NULL, NULL, ''),
(3911, 'missing_files_to_sync', '', '', NULL, NULL, NULL, NULL, ''),
(3912, 'synchronized_files', '', '', NULL, NULL, NULL, NULL, ''),
(3913, 'google_drive', '', '', NULL, NULL, NULL, NULL, ''),
(3914, 'google_client_id', '', '', NULL, NULL, NULL, NULL, ''),
(3915, 'google_client_secret', '', '', NULL, NULL, NULL, NULL, ''),
(3916, 'authorized_redirect_uri', '', '', NULL, NULL, NULL, NULL, ''),
(3917, 'drive_settings', '', '', NULL, NULL, NULL, NULL, ''),
(3918, 'keep_old_files_after_sync', '', '', NULL, NULL, NULL, NULL, ''),
(3919, 'it_only_applies_to_old_files_the_new_ones_will_be_deleted_automatically.', '', '', NULL, NULL, NULL, NULL, ''),
(3920, 'success_update', '', '', NULL, NULL, NULL, NULL, ''),
(3921, 'authorize_google_drive', '', '', NULL, NULL, NULL, NULL, ''),
(3922, 'sync_drive', '', '', NULL, NULL, NULL, NULL, ''),
(3923, 'unlink_google_drive', '', '', NULL, NULL, NULL, NULL, ''),
(3924, 'if_you_unlink_the_account_all_the_files_will_be_deleted_and_you_will_not_be_able_to_recover_them', '', '', NULL, NULL, NULL, NULL, ''),
(3925, 'files_will_still_be_in_your_drive_account', '', '', NULL, NULL, NULL, NULL, ''),
(3926, 'create_homework', '', '', NULL, NULL, NULL, NULL, ''),
(3927, 'stop', '', '', NULL, NULL, NULL, NULL, ''),
(3928, 'media_type', '', '', NULL, NULL, NULL, NULL, ''),
(3929, 'video_record', '', '', NULL, NULL, NULL, NULL, ''),
(3930, 'audio_record', '', '', NULL, NULL, NULL, NULL, ''),
(3931, 'start_camera', '', '', NULL, NULL, NULL, NULL, ''),
(3932, 'record', '', '', NULL, NULL, NULL, NULL, ''),
(3933, 'play', '', '', NULL, NULL, NULL, NULL, ''),
(3934, 'restart', '', '', NULL, NULL, NULL, NULL, ''),
(3935, 'video_preview', '', '', NULL, NULL, NULL, NULL, ''),
(3936, 'audio_controls', '', '', NULL, NULL, NULL, NULL, ''),
(3937, 'again', '', '', NULL, NULL, NULL, NULL, ''),
(3938, 'audio_preview', '', '', NULL, NULL, NULL, NULL, ''),
(3939, 'uploading_media_file_please wait', '', '', NULL, NULL, NULL, NULL, ''),
(3940, 'submit_your_answer_as_video', '', '', NULL, NULL, NULL, NULL, ''),
(3941, 'submit_your_answer_as_audio', '', '', NULL, NULL, NULL, NULL, ''),
(3942, 'your_submit', '', '', NULL, NULL, NULL, NULL, ''),
(3943, 'verification', '', '', NULL, NULL, NULL, NULL, ''),
(3944, 'students_verification', '', '', NULL, NULL, NULL, NULL, ''),
(3945, 'parent_phone', '', '', NULL, NULL, NULL, NULL, ''),
(3946, 'my_online_courses', '', '', NULL, NULL, NULL, NULL, ''),
(3947, 'download_certificate', '', '', NULL, NULL, NULL, NULL, ''),
(3948, 'search_student', '', '', NULL, NULL, NULL, NULL, ''),
(3949, 'create_new_activity', '', '', NULL, NULL, NULL, NULL, ''),
(3950, 'update_activity', '', '', NULL, NULL, NULL, NULL, ''),
(3951, 'save_changes', '', '', NULL, NULL, NULL, NULL, '');

-- --------------------------------------------------------

--
-- Struktur dari tabel `lesson_online`
--

CREATE TABLE `lesson_online` (
  `lesson_online_id` int(11) NOT NULL,
  `name` varchar(500) DEFAULT NULL,
  `section_online_id` int(11) DEFAULT NULL,
  `type` varchar(200) DEFAULT NULL,
  `url` varchar(300) DEFAULT NULL,
  `duration` varchar(25) DEFAULT NULL,
  `name_video` varchar(500) DEFAULT NULL,
  `image_video` varchar(300) DEFAULT NULL,
  `type_video` varchar(150) DEFAULT NULL,
  `summary` longtext DEFAULT NULL,
  `attachment` longtext DEFAULT NULL
) ENGINE=MyISAM DEFAULT CHARSET=latin1 COLLATE=latin1_swedish_ci;

-- --------------------------------------------------------

--
-- Struktur dari tabel `librarian`
--

CREATE TABLE `librarian` (
  `librarian_id` int(11) NOT NULL,
  `first_name` varchar(300) CHARACTER SET utf8mb3 COLLATE utf8mb3_unicode_ci NOT NULL,
  `email` varchar(300) CHARACTER SET utf8mb3 COLLATE utf8mb3_unicode_ci DEFAULT NULL,
  `password` varchar(300) CHARACTER SET utf8mb3 COLLATE utf8mb3_unicode_ci NOT NULL,
  `phone` varchar(300) CHARACTER SET utf8mb3 COLLATE utf8mb3_unicode_ci DEFAULT NULL,
  `address` varchar(300) CHARACTER SET utf8mb3 COLLATE utf8mb3_unicode_ci DEFAULT NULL,
  `username` varchar(300) CHARACTER SET utf8mb3 COLLATE utf8mb3_unicode_ci NOT NULL,
  `fb_token` longtext CHARACTER SET utf8mb3 COLLATE utf8mb3_unicode_ci DEFAULT NULL,
  `fb_id` longtext CHARACTER SET utf8mb3 COLLATE utf8mb3_unicode_ci DEFAULT NULL,
  `fb_photo` longtext CHARACTER SET utf8mb3 COLLATE utf8mb3_unicode_ci DEFAULT NULL,
  `fb_name` longtext CHARACTER SET utf8mb3 COLLATE utf8mb3_unicode_ci DEFAULT NULL,
  `g_oauth` longtext CHARACTER SET utf8mb3 COLLATE utf8mb3_unicode_ci DEFAULT NULL,
  `g_fname` longtext CHARACTER SET utf8mb3 COLLATE utf8mb3_unicode_ci DEFAULT NULL,
  `femail` longtext CHARACTER SET utf8mb3 COLLATE utf8mb3_unicode_ci DEFAULT NULL,
  `g_lname` longtext CHARACTER SET utf8mb3 COLLATE utf8mb3_unicode_ci DEFAULT NULL,
  `g_picture` longtext CHARACTER SET utf8mb3 COLLATE utf8mb3_unicode_ci DEFAULT NULL,
  `link` longtext CHARACTER SET utf8mb3 COLLATE utf8mb3_unicode_ci DEFAULT NULL,
  `g_email` longtext CHARACTER SET utf8mb3 COLLATE utf8mb3_unicode_ci DEFAULT NULL,
  `image` longtext CHARACTER SET utf8mb3 COLLATE utf8mb3_unicode_ci DEFAULT NULL,
  `last_name` varchar(200) CHARACTER SET utf8mb3 COLLATE utf8mb3_unicode_ci DEFAULT NULL,
  `gender` varchar(200) CHARACTER SET utf8mb3 COLLATE utf8mb3_unicode_ci DEFAULT NULL,
  `idcard` varchar(200) CHARACTER SET utf8mb3 COLLATE utf8mb3_unicode_ci DEFAULT NULL,
  `since` varchar(20) CHARACTER SET utf8mb3 COLLATE utf8mb3_unicode_ci DEFAULT NULL,
  `birthday` varchar(20) CHARACTER SET utf8mb3 COLLATE utf8mb3_unicode_ci DEFAULT NULL
) ENGINE=MyISAM DEFAULT CHARSET=latin1 COLLATE=latin1_swedish_ci;

-- --------------------------------------------------------

--
-- Struktur dari tabel `live`
--

CREATE TABLE `live` (
  `live_id` int(11) NOT NULL,
  `title` varchar(600) CHARACTER SET utf8mb3 COLLATE utf8mb3_unicode_ci DEFAULT NULL,
  `description` longtext CHARACTER SET utf8mb3 COLLATE utf8mb3_unicode_ci DEFAULT NULL,
  `date` varchar(200) CHARACTER SET utf8mb3 COLLATE utf8mb3_unicode_ci DEFAULT NULL,
  `class_id` int(11) DEFAULT NULL,
  `section_id` int(11) DEFAULT NULL,
  `subject_id` int(11) DEFAULT NULL,
  `time` varchar(200) CHARACTER SET utf8mb3 COLLATE utf8mb3_unicode_ci DEFAULT NULL,
  `user_type` varchar(200) CHARACTER SET utf8mb3 COLLATE utf8mb3_unicode_ci DEFAULT NULL,
  `user_id` int(11) DEFAULT NULL,
  `year` varchar(200) CHARACTER SET utf8mb3 COLLATE utf8mb3_unicode_ci DEFAULT NULL,
  `wall_type` varchar(200) CHARACTER SET utf8mb3 COLLATE utf8mb3_unicode_ci DEFAULT NULL,
  `publish_date` varchar(300) CHARACTER SET utf8mb3 COLLATE utf8mb3_unicode_ci DEFAULT NULL,
  `upload_date` varchar(300) CHARACTER SET utf8mb3 COLLATE utf8mb3_unicode_ci DEFAULT NULL,
  `room` longtext CHARACTER SET utf8mb3 COLLATE utf8mb3_unicode_ci DEFAULT NULL,
  `siteUrl` longtext CHARACTER SET utf8mb3 COLLATE utf8mb3_unicode_ci DEFAULT NULL,
  `liveType` int(11) DEFAULT NULL,
  `exp` varchar(10) DEFAULT NULL
) ENGINE=MyISAM DEFAULT CHARSET=latin1 COLLATE=latin1_swedish_ci;

--
-- Dumping data untuk tabel `live`
--

INSERT INTO `live` (`live_id`, `title`, `description`, `date`, `class_id`, `section_id`, `subject_id`, `time`, `user_type`, `user_id`, `year`, `wall_type`, `publish_date`, `upload_date`, `room`, `siteUrl`, `liveType`, `exp`) VALUES
(2, 'Ejemplo', 'Demo', '03/22/2024', 2, 2, 9, '18:25', 'admin', 1, '2024', 'live', '2024-03-22 21:43:21', '03/22 09:43PM', '8f2e2b46c9cfc24ea0aa64cd08bc090a2f6ac16b7d', NULL, 1, '10'),
(3, 'Ejemplo 2', 'Demo', '03/22/2024', 2, 2, 9, '18:25', 'admin', 1, '2024', 'live', '2024-03-22 21:44:54', '03/22 09:44PM', '9da5af1643a9fb2a3abe693a2ed0ed67083a6afea9', 'https://meet.google.com', 2, '15');

-- --------------------------------------------------------

--
-- Struktur dari tabel `live_status`
--

CREATE TABLE `live_status` (
  `id` int(11) NOT NULL,
  `date` varchar(300) CHARACTER SET utf8mb3 COLLATE utf8mb3_unicode_ci DEFAULT NULL,
  `student_id` int(11) DEFAULT NULL,
  `live_id` int(11) DEFAULT NULL
) ENGINE=MyISAM DEFAULT CHARSET=latin1 COLLATE=latin1_swedish_ci;

--
-- Dumping data untuk tabel `live_status`
--

INSERT INTO `live_status` (`id`, `date`, `student_id`, `live_id`) VALUES
(1, '29/04/2024 12:37 PM', 3, 3),
(2, '29/04/2024 12:46 PM', 3, 4);

-- --------------------------------------------------------

--
-- Struktur dari tabel `mark`
--

CREATE TABLE `mark` (
  `mark_id` int(11) NOT NULL,
  `student_id` int(11) NOT NULL,
  `subject_id` int(11) NOT NULL,
  `class_id` int(11) NOT NULL,
  `section_id` int(11) NOT NULL,
  `exam_id` int(11) NOT NULL,
  `mark_obtained` varchar(200) CHARACTER SET utf8mb3 COLLATE utf8mb3_unicode_ci DEFAULT NULL,
  `comment` longtext CHARACTER SET utf8mb3 COLLATE utf8mb3_unicode_ci DEFAULT NULL,
  `year` longtext CHARACTER SET utf8mb3 COLLATE utf8mb3_unicode_ci NOT NULL,
  `final` varchar(200) CHARACTER SET utf8mb3 COLLATE utf8mb3_unicode_ci DEFAULT NULL
) ENGINE=InnoDB DEFAULT CHARSET=utf8mb4 COLLATE=utf8mb4_unicode_ci;

--
-- Dumping data untuk tabel `mark`
--

INSERT INTO `mark` (`mark_id`, `student_id`, `subject_id`, `class_id`, `section_id`, `exam_id`, `mark_obtained`, `comment`, `year`, `final`) VALUES
(1, 3, 17, 2, 2, 12, '0', '', '2024', '0.00'),
(2, 4, 17, 2, 2, 12, '32', 'Example', '2024', '8.00'),
(3, 5, 17, 2, 2, 12, '0', 'sdfsdfdsf', '2024', '0.00'),
(4, 6, 17, 2, 2, 12, '0', '', '2024', '0.00'),
(5, 7, 17, 2, 2, 12, '15', '', '2024', '3.75'),
(6, 8, 17, 2, 2, 12, '0', '', '2024', '0.00'),
(7, 9, 17, 2, 2, 12, '0', '', '2024', '0.00'),
(8, 10, 17, 2, 2, 12, '0', 'asdsadsad', '2024', '0.00'),
(9, 11, 17, 2, 2, 12, '10', '', '2024', '2.50'),
(10, 12, 17, 2, 2, 12, '0', '', '2024', '0.00'),
(11, 13, 17, 2, 2, 12, '0', '', '2024', '0.00'),
(12, 14, 17, 2, 2, 12, '0', '', '2024', '0.00'),
(13, 15, 17, 2, 2, 12, '27', 'Demo', '2024', '6.75'),
(14, 16, 17, 2, 2, 12, '0', 'adfsdfds', '2024', '0.00'),
(15, 17, 17, 2, 2, 12, '0', '', '2024', '0.00'),
(16, 18, 17, 2, 2, 12, '0', '', '2024', '0.00'),
(17, 15, 4, 2, 2, 18, NULL, NULL, '2024', NULL),
(18, 4, 4, 2, 2, 18, NULL, NULL, '2024', NULL),
(19, 5, 4, 2, 2, 18, NULL, NULL, '2024', NULL),
(20, 12, 4, 2, 2, 18, NULL, NULL, '2024', NULL),
(21, 14, 4, 2, 2, 18, NULL, NULL, '2024', NULL),
(22, 10, 4, 2, 2, 18, NULL, NULL, '2024', NULL),
(23, 3, 4, 2, 2, 18, NULL, NULL, '2024', NULL),
(24, 18, 4, 2, 2, 18, NULL, NULL, '2024', NULL),
(25, 8, 4, 2, 2, 18, NULL, NULL, '2024', NULL),
(26, 16, 4, 2, 2, 18, NULL, NULL, '2024', NULL),
(27, 11, 4, 2, 2, 18, NULL, NULL, '2024', NULL),
(28, 17, 4, 2, 2, 18, NULL, NULL, '2024', NULL),
(29, 9, 4, 2, 2, 18, NULL, NULL, '2024', NULL),
(30, 7, 4, 2, 2, 18, NULL, NULL, '2024', NULL),
(31, 6, 4, 2, 2, 18, NULL, NULL, '2024', NULL),
(32, 13, 4, 2, 2, 18, NULL, NULL, '2024', NULL),
(33, 15, 17, 2, 2, 0, NULL, NULL, '2024', NULL),
(34, 4, 17, 2, 2, 0, NULL, NULL, '2024', NULL),
(35, 5, 17, 2, 2, 0, NULL, NULL, '2024', NULL),
(36, 12, 17, 2, 2, 0, NULL, NULL, '2024', NULL),
(37, 14, 17, 2, 2, 0, NULL, NULL, '2024', NULL),
(38, 10, 17, 2, 2, 0, NULL, NULL, '2024', NULL),
(39, 3, 17, 2, 2, 0, NULL, NULL, '2024', NULL),
(40, 18, 17, 2, 2, 0, NULL, NULL, '2024', NULL),
(41, 8, 17, 2, 2, 0, NULL, NULL, '2024', NULL),
(42, 16, 17, 2, 2, 0, NULL, NULL, '2024', NULL),
(43, 11, 17, 2, 2, 0, NULL, NULL, '2024', NULL),
(44, 17, 17, 2, 2, 0, NULL, NULL, '2024', NULL),
(45, 9, 17, 2, 2, 0, NULL, NULL, '2024', NULL),
(46, 7, 17, 2, 2, 0, NULL, NULL, '2024', NULL),
(47, 6, 17, 2, 2, 0, NULL, NULL, '2024', NULL),
(48, 13, 17, 2, 2, 0, NULL, NULL, '2024', NULL),
(49, 15, 2, 2, 2, 8, '0', '', '2024', '0.00'),
(50, 4, 2, 2, 2, 8, '0', '', '2024', '0.00'),
(51, 5, 2, 2, 2, 8, '0', '', '2024', '0.00'),
(52, 12, 2, 2, 2, 8, '0', '', '2024', '0.00'),
(53, 14, 2, 2, 2, 8, '0', '', '2024', '0.00'),
(54, 10, 2, 2, 2, 8, '0', '', '2024', '0.00'),
(55, 3, 2, 2, 2, 8, '300', '', '2024', '100.00'),
(56, 18, 2, 2, 2, 8, '0', '', '2024', '0.00'),
(57, 8, 2, 2, 2, 8, '0', '', '2024', '0.00'),
(58, 16, 2, 2, 2, 8, '0', '', '2024', '0.00'),
(59, 11, 2, 2, 2, 8, '0', '', '2024', '0.00'),
(60, 17, 2, 2, 2, 8, '0', '', '2024', '0.00'),
(61, 9, 2, 2, 2, 8, '0', '', '2024', '0.00'),
(62, 7, 2, 2, 2, 8, '0', '', '2024', '0.00'),
(63, 6, 2, 2, 2, 8, '0', '', '2024', '0.00'),
(64, 13, 2, 2, 2, 8, '0', '', '2024', '0.00'),
(65, 15, 2, 2, 2, 9, '0', NULL, '2024', '0.00'),
(66, 4, 2, 2, 2, 9, '0', NULL, '2024', '0.00'),
(67, 5, 2, 2, 2, 9, '0', NULL, '2024', '0.00'),
(68, 12, 2, 2, 2, 9, '0', NULL, '2024', '0.00'),
(69, 14, 2, 2, 2, 9, '0', NULL, '2024', '0.00'),
(70, 10, 2, 2, 2, 9, '0', NULL, '2024', '0.00'),
(71, 3, 2, 2, 2, 9, '0', NULL, '2024', '0.00'),
(72, 18, 2, 2, 2, 9, '0', NULL, '2024', '0.00'),
(73, 8, 2, 2, 2, 9, '0', NULL, '2024', '0.00'),
(74, 16, 2, 2, 2, 9, '0', NULL, '2024', '0.00'),
(75, 11, 2, 2, 2, 9, '0', NULL, '2024', '0.00'),
(76, 17, 2, 2, 2, 9, '0', NULL, '2024', '0.00'),
(77, 9, 2, 2, 2, 9, '0', NULL, '2024', '0.00'),
(78, 7, 2, 2, 2, 9, '0', NULL, '2024', '0.00'),
(79, 6, 2, 2, 2, 9, '0', NULL, '2024', '0.00'),
(80, 13, 2, 2, 2, 9, '0', NULL, '2024', '0.00'),
(81, 15, 2, 2, 2, 13, NULL, NULL, '2024', NULL),
(82, 4, 2, 2, 2, 13, NULL, NULL, '2024', NULL),
(83, 5, 2, 2, 2, 13, NULL, NULL, '2024', NULL),
(84, 12, 2, 2, 2, 13, NULL, NULL, '2024', NULL),
(85, 14, 2, 2, 2, 13, NULL, NULL, '2024', NULL),
(86, 10, 2, 2, 2, 13, NULL, NULL, '2024', NULL),
(87, 3, 2, 2, 2, 13, NULL, NULL, '2024', NULL),
(88, 18, 2, 2, 2, 13, NULL, NULL, '2024', NULL),
(89, 8, 2, 2, 2, 13, NULL, NULL, '2024', NULL),
(90, 16, 2, 2, 2, 13, NULL, NULL, '2024', NULL),
(91, 11, 2, 2, 2, 13, NULL, NULL, '2024', NULL),
(92, 17, 2, 2, 2, 13, NULL, NULL, '2024', NULL),
(93, 9, 2, 2, 2, 13, NULL, NULL, '2024', NULL),
(94, 7, 2, 2, 2, 13, NULL, NULL, '2024', NULL),
(95, 6, 2, 2, 2, 13, NULL, NULL, '2024', NULL),
(96, 13, 2, 2, 2, 13, NULL, NULL, '2024', NULL),
(97, 15, 17, 2, 2, 21, NULL, NULL, '2024', NULL),
(98, 4, 17, 2, 2, 21, NULL, NULL, '2024', NULL),
(99, 5, 17, 2, 2, 21, NULL, NULL, '2024', NULL),
(100, 12, 17, 2, 2, 21, NULL, NULL, '2024', NULL),
(101, 14, 17, 2, 2, 21, NULL, NULL, '2024', NULL),
(102, 10, 17, 2, 2, 21, NULL, NULL, '2024', NULL),
(103, 3, 17, 2, 2, 21, NULL, NULL, '2024', NULL),
(104, 18, 17, 2, 2, 21, NULL, NULL, '2024', NULL),
(105, 8, 17, 2, 2, 21, NULL, NULL, '2024', NULL),
(106, 16, 17, 2, 2, 21, NULL, NULL, '2024', NULL),
(107, 11, 17, 2, 2, 21, NULL, NULL, '2024', NULL),
(108, 17, 17, 2, 2, 21, NULL, NULL, '2024', NULL),
(109, 9, 17, 2, 2, 21, NULL, NULL, '2024', NULL),
(110, 7, 17, 2, 2, 21, NULL, NULL, '2024', NULL),
(111, 6, 17, 2, 2, 21, NULL, NULL, '2024', NULL),
(112, 13, 17, 2, 2, 21, NULL, NULL, '2024', NULL);

-- --------------------------------------------------------

--
-- Struktur dari tabel `mark_activity`
--

CREATE TABLE `mark_activity` (
  `mark_activity_id` int(11) NOT NULL,
  `name` text CHARACTER SET latin1 COLLATE latin1_swedish_ci NOT NULL,
  `promedio` varchar(200) CHARACTER SET latin1 COLLATE latin1_swedish_ci DEFAULT '0',
  `subject_id` int(11) DEFAULT 0,
  `class_id` int(11) DEFAULT 0,
  `section_id` int(11) DEFAULT 0,
  `year` varchar(20) CHARACTER SET latin1 COLLATE latin1_swedish_ci DEFAULT '0',
  `exam_id` int(11) DEFAULT 0
) ENGINE=MyISAM DEFAULT CHARSET=utf8mb4 COLLATE=utf8mb4_unicode_ci;

--
-- Dumping data untuk tabel `mark_activity`
--

INSERT INTO `mark_activity` (`mark_activity_id`, `name`, `promedio`, `subject_id`, `class_id`, `section_id`, `year`, `exam_id`) VALUES
(1, 'Corte 0', '0', 17, 2, 2, '2024', 12),
(2, 'Lavado Cabello 2', '0', 17, 2, 2, '2024', 12),
(4, 'Mascarilla Quimica Seco 1', '0', 17, 2, 2, '2024', 12),
(7, 'PRACT 1 PRUEBA', '0', 2, 2, 2, '2024', 8),
(8, 'PRUEBA 2', '0', 2, 2, 2, '2024', 8),
(9, 'PRUEBA 3', '0', 2, 2, 2, '2024', 8),
(10, 'CORTE 90', '0', 2, 2, 2, '2024', 9),
(11, 'CORTE 50', '0', 2, 2, 2, '2024', 9),
(12, 'prueba ', '0', 17, 2, 2, '2024', 12);

-- --------------------------------------------------------

--
-- Struktur dari tabel `mensaje_reporte`
--

CREATE TABLE `mensaje_reporte` (
  `news_message_id` int(11) NOT NULL,
  `message` longtext NOT NULL,
  `news_id` int(11) NOT NULL,
  `date` longtext NOT NULL,
  `user_type` longtext NOT NULL,
  `user_id` int(11) NOT NULL
) ENGINE=InnoDB DEFAULT CHARSET=utf8mb3 COLLATE=utf8mb3_unicode_ci;

-- --------------------------------------------------------

--
-- Struktur dari tabel `message`
--

CREATE TABLE `message` (
  `message_id` int(11) NOT NULL,
  `message_thread_code` longtext CHARACTER SET utf8mb3 COLLATE utf8mb3_unicode_ci NOT NULL,
  `message` longtext CHARACTER SET utf8mb3 COLLATE utf8mb3_unicode_ci NOT NULL,
  `sender` longtext CHARACTER SET utf8mb3 COLLATE utf8mb3_unicode_ci NOT NULL,
  `timestamp` longtext CHARACTER SET utf8mb3 COLLATE utf8mb3_unicode_ci NOT NULL,
  `read_status` int(11) NOT NULL DEFAULT 0 COMMENT '0 unread 1 read',
  `file_name` longtext CHARACTER SET utf8mb3 COLLATE utf8mb3_unicode_ci DEFAULT NULL,
  `reciever` varchar(200) CHARACTER SET utf8mb3 COLLATE utf8mb3_unicode_ci DEFAULT NULL,
  `file_type` varchar(200) CHARACTER SET utf8mb3 COLLATE utf8mb3_unicode_ci DEFAULT NULL
) ENGINE=MyISAM DEFAULT CHARSET=latin1 COLLATE=latin1_swedish_ci;

--
-- Dumping data untuk tabel `message`
--

INSERT INTO `message` (`message_id`, `message_thread_code`, `message`, `sender`, `timestamp`, `read_status`, `file_name`, `reciever`, `file_type`) VALUES
(2, 'ffb38ba9e8e69ca', 'hola', 'admin-1', '03/21 04:35PM', 1, '', 'teacher-2', '');

-- --------------------------------------------------------

--
-- Struktur dari tabel `message_thread`
--

CREATE TABLE `message_thread` (
  `message_thread_id` int(11) NOT NULL,
  `message_thread_code` longtext NOT NULL,
  `sender` longtext NOT NULL,
  `reciever` longtext NOT NULL,
  `last_message_timestamp` longtext DEFAULT NULL
) ENGINE=InnoDB DEFAULT CHARSET=utf8mb3 COLLATE=utf8mb3_unicode_ci;

--
-- Dumping data untuk tabel `message_thread`
--

INSERT INTO `message_thread` (`message_thread_id`, `message_thread_code`, `sender`, `reciever`, `last_message_timestamp`) VALUES
(2, 'ffb38ba9e8e69ca', 'admin-1', 'teacher-2', '2024-03-21 16:35:28');

-- --------------------------------------------------------

--
-- Struktur dari tabel `news`
--

CREATE TABLE `news` (
  `news_id` int(11) NOT NULL,
  `news_code` longtext NOT NULL,
  `description` longtext NOT NULL,
  `date` varchar(70) NOT NULL,
  `type` varchar(10) NOT NULL,
  `date2` varchar(200) DEFAULT NULL,
  `publish_date` varchar(20) DEFAULT NULL,
  `admin_id` int(11) DEFAULT NULL,
  `embed` longtext DEFAULT NULL,
  `class_id` int(11) NOT NULL DEFAULT 0,
  `section_id` int(11) NOT NULL DEFAULT 0,
  `subject_id` int(11) NOT NULL DEFAULT 0,
  `is_public` int(11) DEFAULT 0 COMMENT '\r\n',
  `user` varchar(10) DEFAULT NULL
) ENGINE=MyISAM DEFAULT CHARSET=utf8mb3 COLLATE=utf8mb3_unicode_ci;

--
-- Dumping data untuk tabel `news`
--

INSERT INTO `news` (`news_id`, `news_code`, `description`, `date`, `type`, `date2`, `publish_date`, `admin_id`, `embed`, `class_id`, `section_id`, `subject_id`, `is_public`, `user`) VALUES
(10, 'bd76615c50', 'PRUEBA\r\n', '04/05', 'news', '04/05', '2024-04-05 14:54:36', 1, NULL, 0, 0, 0, 1, 'admin');

-- --------------------------------------------------------

--
-- Struktur dari tabel `nota_capacidad`
--

CREATE TABLE `nota_capacidad` (
  `nota_capacidad_id` bigint(20) NOT NULL,
  `nota` varchar(20) CHARACTER SET latin1 COLLATE latin1_swedish_ci DEFAULT '0',
  `mark_activity_id` int(11) DEFAULT NULL,
  `student_id` int(11) DEFAULT NULL
) ENGINE=MyISAM DEFAULT CHARSET=utf8mb4 COLLATE=utf8mb4_unicode_ci;

--
-- Dumping data untuk tabel `nota_capacidad`
--

INSERT INTO `nota_capacidad` (`nota_capacidad_id`, `nota`, `mark_activity_id`, `student_id`) VALUES
(1, '0', 1, 3),
(2, '12', 1, 4),
(3, '0', 1, 5),
(4, '0', 1, 6),
(5, '15', 1, 7),
(6, '0', 1, 8),
(7, '0', 1, 9),
(8, '0', 1, 10),
(9, '0', 1, 11),
(10, '0', 1, 12),
(11, '0', 1, 13),
(12, '0', 1, 14),
(13, '15', 1, 15),
(14, '0', 1, 16),
(15, '0', 1, 17),
(16, '0', 1, 18),
(17, '0', 2, 3),
(18, '20', 2, 4),
(19, '0', 2, 5),
(20, '0', 2, 6),
(21, '0', 2, 7),
(22, '0', 2, 8),
(23, '0', 2, 9),
(24, '0', 2, 10),
(25, '10', 2, 11),
(26, '0', 2, 12),
(27, '0', 2, 13),
(28, '0', 2, 14),
(29, '12', 2, 15),
(30, '0', 2, 16),
(31, '0', 2, 17),
(32, '0', 2, 18),
(64, '0', 4, 18),
(63, '0', 4, 17),
(62, '0', 4, 16),
(61, '0', 4, 15),
(60, '0', 4, 14),
(59, '0', 4, 13),
(58, '0', 4, 12),
(57, '0', 4, 11),
(56, '0', 4, 10),
(55, '0', 4, 9),
(54, '0', 4, 8),
(53, '0', 4, 7),
(52, '0', 4, 6),
(51, '0', 4, 5),
(50, '0', 4, 4),
(49, '0', 4, 3),
(112, '0', 7, 18),
(111, '0', 7, 17),
(110, '0', 7, 16),
(109, '', 7, 15),
(108, '0', 7, 14),
(107, '0', 7, 13),
(106, '0', 7, 12),
(105, '0', 7, 11),
(104, '0', 7, 10),
(103, '0', 7, 9),
(102, '0', 7, 8),
(101, '0', 7, 7),
(100, '0', 7, 6),
(99, '0', 7, 5),
(98, '0', 7, 4),
(97, '150', 7, 3),
(113, '150', 8, 3),
(114, '0', 8, 4),
(115, '0', 8, 5),
(116, '0', 8, 6),
(117, '0', 8, 7),
(118, '0', 8, 8),
(119, '0', 8, 9),
(120, '0', 8, 10),
(121, '0', 8, 11),
(122, '0', 8, 12),
(123, '0', 8, 13),
(124, '0', 8, 14),
(125, '', 8, 15),
(126, '0', 8, 16),
(127, '0', 8, 17),
(128, '0', 8, 18),
(129, '150', 9, 3),
(130, '0', 9, 4),
(131, '0', 9, 5),
(132, '0', 9, 6),
(133, '0', 9, 7),
(134, '0', 9, 8),
(135, '0', 9, 9),
(136, '0', 9, 10),
(137, '0', 9, 11),
(138, '0', 9, 12),
(139, '0', 9, 13),
(140, '0', 9, 14),
(141, '', 9, 15),
(142, '0', 9, 16),
(143, '0', 9, 17),
(144, '0', 9, 18),
(145, '0', 10, 3),
(146, '0', 10, 4),
(147, '0', 10, 5),
(148, '0', 10, 6),
(149, '0', 10, 7),
(150, '0', 10, 8),
(151, '0', 10, 9),
(152, '0', 10, 10),
(153, '0', 10, 11),
(154, '0', 10, 12),
(155, '0', 10, 13),
(156, '0', 10, 14),
(157, '0', 10, 15),
(158, '0', 10, 16),
(159, '0', 10, 17),
(160, '0', 10, 18),
(161, '0', 11, 3),
(162, '0', 11, 4),
(163, '0', 11, 5),
(164, '0', 11, 6),
(165, '0', 11, 7),
(166, '0', 11, 8),
(167, '0', 11, 9),
(168, '0', 11, 10),
(169, '0', 11, 11),
(170, '0', 11, 12),
(171, '0', 11, 13),
(172, '0', 11, 14),
(173, '0', 11, 15),
(174, '0', 11, 16),
(175, '0', 11, 17),
(176, '0', 11, 18),
(177, '0', 12, 3),
(178, '0', 12, 4),
(179, '0', 12, 5),
(180, '0', 12, 6),
(181, '0', 12, 7),
(182, '0', 12, 8),
(183, '0', 12, 9),
(184, '0', 12, 10),
(185, '0', 12, 11),
(186, '0', 12, 12),
(187, '0', 12, 13),
(188, '0', 12, 14),
(189, '0', 12, 15),
(190, '0', 12, 16),
(191, '0', 12, 17),
(192, '0', 12, 18);

-- --------------------------------------------------------

--
-- Struktur dari tabel `notice_message`
--

CREATE TABLE `notice_message` (
  `notice_message_id` int(11) NOT NULL,
  `message` longtext CHARACTER SET utf8mb3 COLLATE utf8mb3_unicode_ci NOT NULL,
  `notice_id` int(11) NOT NULL,
  `date` longtext CHARACTER SET utf8mb3 COLLATE utf8mb3_unicode_ci NOT NULL,
  `user_type` longtext CHARACTER SET utf8mb3 COLLATE utf8mb3_unicode_ci NOT NULL,
  `user_id` int(11) NOT NULL,
  `message_file_name` longtext CHARACTER SET utf8mb3 COLLATE utf8mb3_unicode_ci NOT NULL
) ENGINE=InnoDB DEFAULT CHARSET=latin1 COLLATE=latin1_swedish_ci;

-- --------------------------------------------------------

--
-- Struktur dari tabel `notification`
--

CREATE TABLE `notification` (
  `id` int(11) NOT NULL,
  `user_id` int(11) DEFAULT NULL,
  `user_type` varchar(200) CHARACTER SET utf8mb3 COLLATE utf8mb3_unicode_ci DEFAULT NULL,
  `date` varchar(200) CHARACTER SET utf8mb3 COLLATE utf8mb3_unicode_ci DEFAULT NULL,
  `time` varchar(200) CHARACTER SET utf8mb3 COLLATE utf8mb3_unicode_ci DEFAULT NULL,
  `status` int(11) DEFAULT 0,
  `notify` varchar(500) CHARACTER SET utf8mb3 COLLATE utf8mb3_unicode_ci DEFAULT NULL,
  `original_id` int(11) DEFAULT NULL,
  `original_type` varchar(200) CHARACTER SET utf8mb3 COLLATE utf8mb3_unicode_ci DEFAULT NULL,
  `url` longtext CHARACTER SET utf8mb3 COLLATE utf8mb3_unicode_ci DEFAULT NULL,
  `type` varchar(200) CHARACTER SET utf8mb3 COLLATE utf8mb3_unicode_ci DEFAULT NULL,
  `class_id` int(11) DEFAULT 0,
  `subject_id` int(11) DEFAULT 0,
  `year` varchar(20) CHARACTER SET utf8mb3 COLLATE utf8mb3_unicode_ci DEFAULT NULL,
  `section_id` int(11) DEFAULT NULL
) ENGINE=InnoDB DEFAULT CHARSET=latin1 COLLATE=latin1_swedish_ci;

--
-- Dumping data untuk tabel `notification`
--

INSERT INTO `notification` (`id`, `user_id`, `user_type`, `date`, `time`, `status`, `notify`, `original_id`, `original_type`, `url`, `type`, `class_id`, `subject_id`, `year`, `section_id`) VALUES
(1, 2, 'student', '03/21', '02:57 PM', 0, '<strong>Mr. Admin</strong> Ha creado una nueva tarea con el ttulo <b>ejemplo</b>', 1, 'admin', 'student/homeworkroom/3db17d7e27', 'homework', 2, 8, '2024', 2),
(2, 3, 'student', '03/21', '02:57 PM', 0, '<strong>Mr. Admin</strong> Ha creado una nueva tarea con el ttulo <b>ejemplo</b>', 1, 'admin', 'student/homeworkroom/3db17d7e27', 'homework', 2, 8, '2024', 2),
(3, 4, 'student', '03/21', '02:57 PM', 0, '<strong>Mr. Admin</strong> Ha creado una nueva tarea con el ttulo <b>ejemplo</b>', 1, 'admin', 'student/homeworkroom/3db17d7e27', 'homework', 2, 8, '2024', 2),
(4, 5, 'student', '03/21', '02:57 PM', 0, '<strong>Mr. Admin</strong> Ha creado una nueva tarea con el ttulo <b>ejemplo</b>', 1, 'admin', 'student/homeworkroom/3db17d7e27', 'homework', 2, 8, '2024', 2),
(5, 6, 'student', '03/21', '02:57 PM', 0, '<strong>Mr. Admin</strong> Ha creado una nueva tarea con el ttulo <b>ejemplo</b>', 1, 'admin', 'student/homeworkroom/3db17d7e27', 'homework', 2, 8, '2024', 2),
(6, 7, 'student', '03/21', '02:57 PM', 0, '<strong>Mr. Admin</strong> Ha creado una nueva tarea con el ttulo <b>ejemplo</b>', 1, 'admin', 'student/homeworkroom/3db17d7e27', 'homework', 2, 8, '2024', 2),
(7, 8, 'student', '03/21', '02:57 PM', 0, '<strong>Mr. Admin</strong> Ha creado una nueva tarea con el ttulo <b>ejemplo</b>', 1, 'admin', 'student/homeworkroom/3db17d7e27', 'homework', 2, 8, '2024', 2),
(8, 9, 'student', '03/21', '02:57 PM', 0, '<strong>Mr. Admin</strong> Ha creado una nueva tarea con el ttulo <b>ejemplo</b>', 1, 'admin', 'student/homeworkroom/3db17d7e27', 'homework', 2, 8, '2024', 2),
(9, 10, 'student', '03/21', '02:57 PM', 0, '<strong>Mr. Admin</strong> Ha creado una nueva tarea con el ttulo <b>ejemplo</b>', 1, 'admin', 'student/homeworkroom/3db17d7e27', 'homework', 2, 8, '2024', 2),
(10, 11, 'student', '03/21', '02:57 PM', 0, '<strong>Mr. Admin</strong> Ha creado una nueva tarea con el ttulo <b>ejemplo</b>', 1, 'admin', 'student/homeworkroom/3db17d7e27', 'homework', 2, 8, '2024', 2),
(11, 12, 'student', '03/21', '02:57 PM', 0, '<strong>Mr. Admin</strong> Ha creado una nueva tarea con el ttulo <b>ejemplo</b>', 1, 'admin', 'student/homeworkroom/3db17d7e27', 'homework', 2, 8, '2024', 2),
(12, 2, 'student', '03/21', '03:04 PM', 0, 'New Notice Info', 0, 'admin', 'student/panel', 'news', 0, 0, '2024', NULL),
(13, 3, 'student', '03/21', '03:04 PM', 0, 'New Notice Info', 0, 'admin', 'student/panel', 'news', 0, 0, '2024', NULL),
(14, 4, 'student', '03/21', '03:04 PM', 0, 'New Notice Info', 0, 'admin', 'student/panel', 'news', 0, 0, '2024', NULL),
(15, 5, 'student', '03/21', '03:04 PM', 0, 'New Notice Info', 0, 'admin', 'student/panel', 'news', 0, 0, '2024', NULL),
(16, 6, 'student', '03/21', '03:04 PM', 0, 'New Notice Info', 0, 'admin', 'student/panel', 'news', 0, 0, '2024', NULL),
(17, 7, 'student', '03/21', '03:04 PM', 0, 'New Notice Info', 0, 'admin', 'student/panel', 'news', 0, 0, '2024', NULL),
(18, 8, 'student', '03/21', '03:04 PM', 0, 'New Notice Info', 0, 'admin', 'student/panel', 'news', 0, 0, '2024', NULL),
(19, 9, 'student', '03/21', '03:04 PM', 0, 'New Notice Info', 0, 'admin', 'student/panel', 'news', 0, 0, '2024', NULL),
(20, 10, 'student', '03/21', '03:04 PM', 0, 'New Notice Info', 0, 'admin', 'student/panel', 'news', 0, 0, '2024', NULL),
(21, 11, 'student', '03/21', '03:04 PM', 0, 'New Notice Info', 0, 'admin', 'student/panel', 'news', 0, 0, '2024', NULL),
(22, 12, 'student', '03/21', '03:04 PM', 0, 'New Notice Info', 0, 'admin', 'student/panel', 'news', 0, 0, '2024', NULL),
(23, 13, 'student', '03/21', '03:04 PM', 0, 'New Notice Info', 0, 'admin', 'student/panel', 'news', 0, 0, '2024', NULL),
(24, 2, 'teacher', '03/21', '03:04 PM', 0, 'New Notice Info', 0, 'admin', 'teacher/panel', 'news', 0, 0, '2024', NULL),
(25, 3, 'teacher', '03/21', '03:04 PM', 0, 'New Notice Info', 0, 'admin', 'teacher/panel', 'news', 0, 0, '2024', NULL),
(26, 4, 'teacher', '03/21', '03:04 PM', 0, 'New Notice Info', 0, 'admin', 'teacher/panel', 'news', 0, 0, '2024', NULL),
(27, 5, 'teacher', '03/21', '03:04 PM', 0, 'New Notice Info', 0, 'admin', 'teacher/panel', 'news', 0, 0, '2024', NULL),
(28, 6, 'teacher', '03/21', '03:04 PM', 0, 'New Notice Info', 0, 'admin', 'teacher/panel', 'news', 0, 0, '2024', NULL),
(29, 7, 'teacher', '03/21', '03:04 PM', 0, 'New Notice Info', 0, 'admin', 'teacher/panel', 'news', 0, 0, '2024', NULL),
(30, 2, 'teacher', '03/21', '04:35 PM', 0, '<strong>Mr. Admin</strong> te ha enviado un nuevo mensaje', 1, 'admin', 'teacher/message/message_read/ffb38ba9e8e69ca/', 'message', 0, 0, '2024', NULL),
(31, 3, 'student', '03/21', '08:48 PM', 0, 'New Notice Info', 0, 'admin', 'student/panel', 'news', 0, 0, '2024', NULL),
(32, 4, 'student', '03/21', '08:48 PM', 0, 'New Notice Info', 0, 'admin', 'student/panel', 'news', 0, 0, '2024', NULL),
(33, 5, 'student', '03/21', '08:48 PM', 0, 'New Notice Info', 0, 'admin', 'student/panel', 'news', 0, 0, '2024', NULL),
(34, 6, 'student', '03/21', '08:48 PM', 0, 'New Notice Info', 0, 'admin', 'student/panel', 'news', 0, 0, '2024', NULL),
(35, 7, 'student', '03/21', '08:48 PM', 0, 'New Notice Info', 0, 'admin', 'student/panel', 'news', 0, 0, '2024', NULL),
(36, 8, 'student', '03/21', '08:48 PM', 0, 'New Notice Info', 0, 'admin', 'student/panel', 'news', 0, 0, '2024', NULL),
(37, 9, 'student', '03/21', '08:48 PM', 0, 'New Notice Info', 0, 'admin', 'student/panel', 'news', 0, 0, '2024', NULL),
(38, 10, 'student', '03/21', '08:48 PM', 0, 'New Notice Info', 0, 'admin', 'student/panel', 'news', 0, 0, '2024', NULL),
(39, 11, 'student', '03/21', '08:48 PM', 0, 'New Notice Info', 0, 'admin', 'student/panel', 'news', 0, 0, '2024', NULL),
(40, 12, 'student', '03/21', '08:48 PM', 0, 'New Notice Info', 0, 'admin', 'student/panel', 'news', 0, 0, '2024', NULL),
(41, 13, 'student', '03/21', '08:48 PM', 0, 'New Notice Info', 0, 'admin', 'student/panel', 'news', 0, 0, '2024', NULL),
(42, 14, 'student', '03/21', '08:48 PM', 0, 'New Notice Info', 0, 'admin', 'student/panel', 'news', 0, 0, '2024', NULL),
(43, 15, 'student', '03/21', '08:48 PM', 0, 'New Notice Info', 0, 'admin', 'student/panel', 'news', 0, 0, '2024', NULL),
(44, 16, 'student', '03/21', '08:48 PM', 0, 'New Notice Info', 0, 'admin', 'student/panel', 'news', 0, 0, '2024', NULL),
(45, 17, 'student', '03/21', '08:48 PM', 0, 'New Notice Info', 0, 'admin', 'student/panel', 'news', 0, 0, '2024', NULL),
(46, 18, 'student', '03/21', '08:48 PM', 0, 'New Notice Info', 0, 'admin', 'student/panel', 'news', 0, 0, '2024', NULL),
(47, 19, 'student', '03/21', '08:48 PM', 0, 'New Notice Info', 0, 'admin', 'student/panel', 'news', 0, 0, '2024', NULL),
(48, 20, 'student', '03/21', '08:48 PM', 0, 'New Notice Info', 0, 'admin', 'student/panel', 'news', 0, 0, '2024', NULL),
(49, 21, 'student', '03/21', '08:48 PM', 0, 'New Notice Info', 0, 'admin', 'student/panel', 'news', 0, 0, '2024', NULL),
(50, 22, 'student', '03/21', '08:48 PM', 0, 'New Notice Info', 0, 'admin', 'student/panel', 'news', 0, 0, '2024', NULL),
(51, 23, 'student', '03/21', '08:48 PM', 0, 'New Notice Info', 0, 'admin', 'student/panel', 'news', 0, 0, '2024', NULL),
(52, 24, 'student', '03/21', '08:48 PM', 0, 'New Notice Info', 0, 'admin', 'student/panel', 'news', 0, 0, '2024', NULL),
(53, 25, 'student', '03/21', '08:48 PM', 0, 'New Notice Info', 0, 'admin', 'student/panel', 'news', 0, 0, '2024', NULL),
(54, 26, 'student', '03/21', '08:48 PM', 0, 'New Notice Info', 0, 'admin', 'student/panel', 'news', 0, 0, '2024', NULL),
(55, 27, 'student', '03/21', '08:48 PM', 0, 'New Notice Info', 0, 'admin', 'student/panel', 'news', 0, 0, '2024', NULL),
(56, 28, 'student', '03/21', '08:48 PM', 0, 'New Notice Info', 0, 'admin', 'student/panel', 'news', 0, 0, '2024', NULL),
(57, 29, 'student', '03/21', '08:48 PM', 0, 'New Notice Info', 0, 'admin', 'student/panel', 'news', 0, 0, '2024', NULL),
(58, 30, 'student', '03/21', '08:48 PM', 0, 'New Notice Info', 0, 'admin', 'student/panel', 'news', 0, 0, '2024', NULL),
(59, 31, 'student', '03/21', '08:48 PM', 0, 'New Notice Info', 0, 'admin', 'student/panel', 'news', 0, 0, '2024', NULL),
(60, 32, 'student', '03/21', '08:48 PM', 0, 'New Notice Info', 0, 'admin', 'student/panel', 'news', 0, 0, '2024', NULL),
(61, 33, 'student', '03/21', '08:48 PM', 0, 'New Notice Info', 0, 'admin', 'student/panel', 'news', 0, 0, '2024', NULL),
(62, 34, 'student', '03/21', '08:48 PM', 0, 'New Notice Info', 0, 'admin', 'student/panel', 'news', 0, 0, '2024', NULL),
(63, 35, 'student', '03/21', '08:48 PM', 0, 'New Notice Info', 0, 'admin', 'student/panel', 'news', 0, 0, '2024', NULL),
(64, 2, 'teacher', '03/21', '08:48 PM', 0, 'New Notice Info', 0, 'admin', 'teacher/panel', 'news', 0, 0, '2024', NULL),
(65, 3, 'teacher', '03/21', '08:48 PM', 0, 'New Notice Info', 0, 'admin', 'teacher/panel', 'news', 0, 0, '2024', NULL),
(66, 4, 'teacher', '03/21', '08:48 PM', 0, 'New Notice Info', 0, 'admin', 'teacher/panel', 'news', 0, 0, '2024', NULL),
(67, 5, 'teacher', '03/21', '08:48 PM', 0, 'New Notice Info', 0, 'admin', 'teacher/panel', 'news', 0, 0, '2024', NULL),
(68, 6, 'teacher', '03/21', '08:48 PM', 0, 'New Notice Info', 0, 'admin', 'teacher/panel', 'news', 0, 0, '2024', NULL),
(69, 7, 'teacher', '03/21', '08:48 PM', 0, 'New Notice Info', 0, 'admin', 'teacher/panel', 'news', 0, 0, '2024', NULL),
(70, 3, 'student', '03/21', '08:50 PM', 0, 'New Notice Info', 0, 'admin', 'student/panel', 'news', 0, 0, '2024', NULL),
(71, 4, 'student', '03/21', '08:50 PM', 0, 'New Notice Info', 0, 'admin', 'student/panel', 'news', 0, 0, '2024', NULL),
(72, 5, 'student', '03/21', '08:50 PM', 0, 'New Notice Info', 0, 'admin', 'student/panel', 'news', 0, 0, '2024', NULL),
(73, 6, 'student', '03/21', '08:50 PM', 0, 'New Notice Info', 0, 'admin', 'student/panel', 'news', 0, 0, '2024', NULL),
(74, 7, 'student', '03/21', '08:50 PM', 0, 'New Notice Info', 0, 'admin', 'student/panel', 'news', 0, 0, '2024', NULL),
(75, 8, 'student', '03/21', '08:50 PM', 0, 'New Notice Info', 0, 'admin', 'student/panel', 'news', 0, 0, '2024', NULL),
(76, 9, 'student', '03/21', '08:50 PM', 0, 'New Notice Info', 0, 'admin', 'student/panel', 'news', 0, 0, '2024', NULL),
(77, 10, 'student', '03/21', '08:50 PM', 0, 'New Notice Info', 0, 'admin', 'student/panel', 'news', 0, 0, '2024', NULL),
(78, 11, 'student', '03/21', '08:50 PM', 0, 'New Notice Info', 0, 'admin', 'student/panel', 'news', 0, 0, '2024', NULL),
(79, 12, 'student', '03/21', '08:50 PM', 0, 'New Notice Info', 0, 'admin', 'student/panel', 'news', 0, 0, '2024', NULL),
(80, 13, 'student', '03/21', '08:50 PM', 0, 'New Notice Info', 0, 'admin', 'student/panel', 'news', 0, 0, '2024', NULL),
(81, 14, 'student', '03/21', '08:50 PM', 0, 'New Notice Info', 0, 'admin', 'student/panel', 'news', 0, 0, '2024', NULL),
(82, 15, 'student', '03/21', '08:50 PM', 0, 'New Notice Info', 0, 'admin', 'student/panel', 'news', 0, 0, '2024', NULL),
(83, 16, 'student', '03/21', '08:50 PM', 0, 'New Notice Info', 0, 'admin', 'student/panel', 'news', 0, 0, '2024', NULL),
(84, 17, 'student', '03/21', '08:50 PM', 0, 'New Notice Info', 0, 'admin', 'student/panel', 'news', 0, 0, '2024', NULL),
(85, 18, 'student', '03/21', '08:50 PM', 0, 'New Notice Info', 0, 'admin', 'student/panel', 'news', 0, 0, '2024', NULL),
(86, 19, 'student', '03/21', '08:50 PM', 0, 'New Notice Info', 0, 'admin', 'student/panel', 'news', 0, 0, '2024', NULL),
(87, 20, 'student', '03/21', '08:50 PM', 0, 'New Notice Info', 0, 'admin', 'student/panel', 'news', 0, 0, '2024', NULL),
(88, 21, 'student', '03/21', '08:50 PM', 0, 'New Notice Info', 0, 'admin', 'student/panel', 'news', 0, 0, '2024', NULL),
(89, 22, 'student', '03/21', '08:50 PM', 0, 'New Notice Info', 0, 'admin', 'student/panel', 'news', 0, 0, '2024', NULL),
(90, 23, 'student', '03/21', '08:50 PM', 0, 'New Notice Info', 0, 'admin', 'student/panel', 'news', 0, 0, '2024', NULL),
(91, 24, 'student', '03/21', '08:50 PM', 0, 'New Notice Info', 0, 'admin', 'student/panel', 'news', 0, 0, '2024', NULL),
(92, 25, 'student', '03/21', '08:50 PM', 0, 'New Notice Info', 0, 'admin', 'student/panel', 'news', 0, 0, '2024', NULL),
(93, 26, 'student', '03/21', '08:50 PM', 0, 'New Notice Info', 0, 'admin', 'student/panel', 'news', 0, 0, '2024', NULL),
(94, 27, 'student', '03/21', '08:50 PM', 0, 'New Notice Info', 0, 'admin', 'student/panel', 'news', 0, 0, '2024', NULL),
(95, 28, 'student', '03/21', '08:50 PM', 0, 'New Notice Info', 0, 'admin', 'student/panel', 'news', 0, 0, '2024', NULL),
(96, 29, 'student', '03/21', '08:50 PM', 0, 'New Notice Info', 0, 'admin', 'student/panel', 'news', 0, 0, '2024', NULL),
(97, 30, 'student', '03/21', '08:50 PM', 0, 'New Notice Info', 0, 'admin', 'student/panel', 'news', 0, 0, '2024', NULL),
(98, 31, 'student', '03/21', '08:50 PM', 0, 'New Notice Info', 0, 'admin', 'student/panel', 'news', 0, 0, '2024', NULL),
(99, 32, 'student', '03/21', '08:50 PM', 0, 'New Notice Info', 0, 'admin', 'student/panel', 'news', 0, 0, '2024', NULL),
(100, 33, 'student', '03/21', '08:50 PM', 0, 'New Notice Info', 0, 'admin', 'student/panel', 'news', 0, 0, '2024', NULL),
(101, 34, 'student', '03/21', '08:50 PM', 0, 'New Notice Info', 0, 'admin', 'student/panel', 'news', 0, 0, '2024', NULL),
(102, 35, 'student', '03/21', '08:50 PM', 0, 'New Notice Info', 0, 'admin', 'student/panel', 'news', 0, 0, '2024', NULL),
(103, 2, 'teacher', '03/21', '08:50 PM', 0, 'New Notice Info', 0, 'admin', 'teacher/panel', 'news', 0, 0, '2024', NULL),
(104, 3, 'teacher', '03/21', '08:50 PM', 0, 'New Notice Info', 0, 'admin', 'teacher/panel', 'news', 0, 0, '2024', NULL),
(105, 4, 'teacher', '03/21', '08:50 PM', 0, 'New Notice Info', 0, 'admin', 'teacher/panel', 'news', 0, 0, '2024', NULL),
(106, 5, 'teacher', '03/21', '08:50 PM', 0, 'New Notice Info', 0, 'admin', 'teacher/panel', 'news', 0, 0, '2024', NULL),
(107, 6, 'teacher', '03/21', '08:50 PM', 0, 'New Notice Info', 0, 'admin', 'teacher/panel', 'news', 0, 0, '2024', NULL),
(108, 7, 'teacher', '03/21', '08:50 PM', 0, 'New Notice Info', 0, 'admin', 'teacher/panel', 'news', 0, 0, '2024', NULL),
(109, 3, 'student', '03/21', '08:50 PM', 0, 'New Notice Info', 0, 'admin', 'student/panel', 'news', 0, 0, '2024', NULL),
(110, 4, 'student', '03/21', '08:50 PM', 0, 'New Notice Info', 0, 'admin', 'student/panel', 'news', 0, 0, '2024', NULL),
(111, 5, 'student', '03/21', '08:50 PM', 0, 'New Notice Info', 0, 'admin', 'student/panel', 'news', 0, 0, '2024', NULL),
(112, 6, 'student', '03/21', '08:50 PM', 0, 'New Notice Info', 0, 'admin', 'student/panel', 'news', 0, 0, '2024', NULL),
(113, 7, 'student', '03/21', '08:50 PM', 0, 'New Notice Info', 0, 'admin', 'student/panel', 'news', 0, 0, '2024', NULL),
(114, 8, 'student', '03/21', '08:50 PM', 0, 'New Notice Info', 0, 'admin', 'student/panel', 'news', 0, 0, '2024', NULL),
(115, 9, 'student', '03/21', '08:50 PM', 0, 'New Notice Info', 0, 'admin', 'student/panel', 'news', 0, 0, '2024', NULL),
(116, 10, 'student', '03/21', '08:50 PM', 0, 'New Notice Info', 0, 'admin', 'student/panel', 'news', 0, 0, '2024', NULL),
(117, 11, 'student', '03/21', '08:50 PM', 0, 'New Notice Info', 0, 'admin', 'student/panel', 'news', 0, 0, '2024', NULL),
(118, 12, 'student', '03/21', '08:50 PM', 0, 'New Notice Info', 0, 'admin', 'student/panel', 'news', 0, 0, '2024', NULL),
(119, 13, 'student', '03/21', '08:50 PM', 0, 'New Notice Info', 0, 'admin', 'student/panel', 'news', 0, 0, '2024', NULL),
(120, 14, 'student', '03/21', '08:50 PM', 0, 'New Notice Info', 0, 'admin', 'student/panel', 'news', 0, 0, '2024', NULL),
(121, 15, 'student', '03/21', '08:50 PM', 0, 'New Notice Info', 0, 'admin', 'student/panel', 'news', 0, 0, '2024', NULL),
(122, 16, 'student', '03/21', '08:50 PM', 0, 'New Notice Info', 0, 'admin', 'student/panel', 'news', 0, 0, '2024', NULL),
(123, 17, 'student', '03/21', '08:50 PM', 0, 'New Notice Info', 0, 'admin', 'student/panel', 'news', 0, 0, '2024', NULL),
(124, 18, 'student', '03/21', '08:50 PM', 0, 'New Notice Info', 0, 'admin', 'student/panel', 'news', 0, 0, '2024', NULL),
(125, 19, 'student', '03/21', '08:50 PM', 0, 'New Notice Info', 0, 'admin', 'student/panel', 'news', 0, 0, '2024', NULL),
(126, 20, 'student', '03/21', '08:50 PM', 0, 'New Notice Info', 0, 'admin', 'student/panel', 'news', 0, 0, '2024', NULL),
(127, 21, 'student', '03/21', '08:50 PM', 0, 'New Notice Info', 0, 'admin', 'student/panel', 'news', 0, 0, '2024', NULL),
(128, 22, 'student', '03/21', '08:50 PM', 0, 'New Notice Info', 0, 'admin', 'student/panel', 'news', 0, 0, '2024', NULL),
(129, 23, 'student', '03/21', '08:50 PM', 0, 'New Notice Info', 0, 'admin', 'student/panel', 'news', 0, 0, '2024', NULL),
(130, 24, 'student', '03/21', '08:50 PM', 0, 'New Notice Info', 0, 'admin', 'student/panel', 'news', 0, 0, '2024', NULL),
(131, 25, 'student', '03/21', '08:50 PM', 0, 'New Notice Info', 0, 'admin', 'student/panel', 'news', 0, 0, '2024', NULL),
(132, 26, 'student', '03/21', '08:50 PM', 0, 'New Notice Info', 0, 'admin', 'student/panel', 'news', 0, 0, '2024', NULL),
(133, 27, 'student', '03/21', '08:50 PM', 0, 'New Notice Info', 0, 'admin', 'student/panel', 'news', 0, 0, '2024', NULL),
(134, 28, 'student', '03/21', '08:50 PM', 0, 'New Notice Info', 0, 'admin', 'student/panel', 'news', 0, 0, '2024', NULL),
(135, 29, 'student', '03/21', '08:50 PM', 0, 'New Notice Info', 0, 'admin', 'student/panel', 'news', 0, 0, '2024', NULL),
(136, 30, 'student', '03/21', '08:50 PM', 0, 'New Notice Info', 0, 'admin', 'student/panel', 'news', 0, 0, '2024', NULL),
(137, 31, 'student', '03/21', '08:50 PM', 0, 'New Notice Info', 0, 'admin', 'student/panel', 'news', 0, 0, '2024', NULL),
(138, 32, 'student', '03/21', '08:50 PM', 0, 'New Notice Info', 0, 'admin', 'student/panel', 'news', 0, 0, '2024', NULL),
(139, 33, 'student', '03/21', '08:50 PM', 0, 'New Notice Info', 0, 'admin', 'student/panel', 'news', 0, 0, '2024', NULL),
(140, 34, 'student', '03/21', '08:50 PM', 0, 'New Notice Info', 0, 'admin', 'student/panel', 'news', 0, 0, '2024', NULL),
(141, 35, 'student', '03/21', '08:50 PM', 0, 'New Notice Info', 0, 'admin', 'student/panel', 'news', 0, 0, '2024', NULL),
(142, 2, 'teacher', '03/21', '08:50 PM', 0, 'New Notice Info', 0, 'admin', 'teacher/panel', 'news', 0, 0, '2024', NULL),
(143, 3, 'teacher', '03/21', '08:50 PM', 0, 'New Notice Info', 0, 'admin', 'teacher/panel', 'news', 0, 0, '2024', NULL),
(144, 4, 'teacher', '03/21', '08:50 PM', 0, 'New Notice Info', 0, 'admin', 'teacher/panel', 'news', 0, 0, '2024', NULL),
(145, 5, 'teacher', '03/21', '08:50 PM', 0, 'New Notice Info', 0, 'admin', 'teacher/panel', 'news', 0, 0, '2024', NULL),
(146, 6, 'teacher', '03/21', '08:50 PM', 0, 'New Notice Info', 0, 'admin', 'teacher/panel', 'news', 0, 0, '2024', NULL),
(147, 7, 'teacher', '03/21', '08:50 PM', 0, 'New Notice Info', 0, 'admin', 'teacher/panel', 'news', 0, 0, '2024', NULL),
(148, 3, 'student', '03/22', '12:22 PM', 0, 'New Notice Info', 0, 'admin', 'student/panel', 'news', 0, 0, '2024', NULL),
(149, 4, 'student', '03/22', '12:22 PM', 0, 'New Notice Info', 0, 'admin', 'student/panel', 'news', 0, 0, '2024', NULL),
(150, 5, 'student', '03/22', '12:22 PM', 0, 'New Notice Info', 0, 'admin', 'student/panel', 'news', 0, 0, '2024', NULL),
(151, 6, 'student', '03/22', '12:22 PM', 0, 'New Notice Info', 0, 'admin', 'student/panel', 'news', 0, 0, '2024', NULL),
(152, 7, 'student', '03/22', '12:22 PM', 0, 'New Notice Info', 0, 'admin', 'student/panel', 'news', 0, 0, '2024', NULL),
(153, 8, 'student', '03/22', '12:22 PM', 0, 'New Notice Info', 0, 'admin', 'student/panel', 'news', 0, 0, '2024', NULL),
(154, 9, 'student', '03/22', '12:22 PM', 0, 'New Notice Info', 0, 'admin', 'student/panel', 'news', 0, 0, '2024', NULL),
(155, 10, 'student', '03/22', '12:22 PM', 0, 'New Notice Info', 0, 'admin', 'student/panel', 'news', 0, 0, '2024', NULL),
(156, 11, 'student', '03/22', '12:22 PM', 0, 'New Notice Info', 0, 'admin', 'student/panel', 'news', 0, 0, '2024', NULL),
(157, 12, 'student', '03/22', '12:22 PM', 0, 'New Notice Info', 0, 'admin', 'student/panel', 'news', 0, 0, '2024', NULL),
(158, 13, 'student', '03/22', '12:22 PM', 0, 'New Notice Info', 0, 'admin', 'student/panel', 'news', 0, 0, '2024', NULL),
(159, 14, 'student', '03/22', '12:22 PM', 0, 'New Notice Info', 0, 'admin', 'student/panel', 'news', 0, 0, '2024', NULL),
(160, 15, 'student', '03/22', '12:22 PM', 0, 'New Notice Info', 0, 'admin', 'student/panel', 'news', 0, 0, '2024', NULL),
(161, 16, 'student', '03/22', '12:22 PM', 0, 'New Notice Info', 0, 'admin', 'student/panel', 'news', 0, 0, '2024', NULL),
(162, 17, 'student', '03/22', '12:22 PM', 0, 'New Notice Info', 0, 'admin', 'student/panel', 'news', 0, 0, '2024', NULL),
(163, 18, 'student', '03/22', '12:22 PM', 0, 'New Notice Info', 0, 'admin', 'student/panel', 'news', 0, 0, '2024', NULL),
(164, 19, 'student', '03/22', '12:22 PM', 0, 'New Notice Info', 0, 'admin', 'student/panel', 'news', 0, 0, '2024', NULL),
(165, 20, 'student', '03/22', '12:22 PM', 0, 'New Notice Info', 0, 'admin', 'student/panel', 'news', 0, 0, '2024', NULL),
(166, 21, 'student', '03/22', '12:22 PM', 0, 'New Notice Info', 0, 'admin', 'student/panel', 'news', 0, 0, '2024', NULL),
(167, 22, 'student', '03/22', '12:22 PM', 0, 'New Notice Info', 0, 'admin', 'student/panel', 'news', 0, 0, '2024', NULL),
(168, 23, 'student', '03/22', '12:22 PM', 0, 'New Notice Info', 0, 'admin', 'student/panel', 'news', 0, 0, '2024', NULL),
(169, 24, 'student', '03/22', '12:22 PM', 0, 'New Notice Info', 0, 'admin', 'student/panel', 'news', 0, 0, '2024', NULL),
(170, 25, 'student', '03/22', '12:22 PM', 0, 'New Notice Info', 0, 'admin', 'student/panel', 'news', 0, 0, '2024', NULL),
(171, 26, 'student', '03/22', '12:22 PM', 0, 'New Notice Info', 0, 'admin', 'student/panel', 'news', 0, 0, '2024', NULL),
(172, 27, 'student', '03/22', '12:22 PM', 0, 'New Notice Info', 0, 'admin', 'student/panel', 'news', 0, 0, '2024', NULL),
(173, 28, 'student', '03/22', '12:22 PM', 0, 'New Notice Info', 0, 'admin', 'student/panel', 'news', 0, 0, '2024', NULL),
(174, 29, 'student', '03/22', '12:22 PM', 0, 'New Notice Info', 0, 'admin', 'student/panel', 'news', 0, 0, '2024', NULL),
(175, 30, 'student', '03/22', '12:22 PM', 0, 'New Notice Info', 0, 'admin', 'student/panel', 'news', 0, 0, '2024', NULL),
(176, 31, 'student', '03/22', '12:22 PM', 0, 'New Notice Info', 0, 'admin', 'student/panel', 'news', 0, 0, '2024', NULL),
(177, 32, 'student', '03/22', '12:22 PM', 0, 'New Notice Info', 0, 'admin', 'student/panel', 'news', 0, 0, '2024', NULL),
(178, 33, 'student', '03/22', '12:22 PM', 0, 'New Notice Info', 0, 'admin', 'student/panel', 'news', 0, 0, '2024', NULL),
(179, 34, 'student', '03/22', '12:22 PM', 0, 'New Notice Info', 0, 'admin', 'student/panel', 'news', 0, 0, '2024', NULL),
(180, 35, 'student', '03/22', '12:22 PM', 0, 'New Notice Info', 0, 'admin', 'student/panel', 'news', 0, 0, '2024', NULL),
(181, 2, 'teacher', '03/22', '12:22 PM', 0, 'New Notice Info', 0, 'admin', 'teacher/panel', 'news', 0, 0, '2024', NULL),
(182, 3, 'teacher', '03/22', '12:22 PM', 0, 'New Notice Info', 0, 'admin', 'teacher/panel', 'news', 0, 0, '2024', NULL),
(183, 4, 'teacher', '03/22', '12:22 PM', 0, 'New Notice Info', 0, 'admin', 'teacher/panel', 'news', 0, 0, '2024', NULL),
(184, 5, 'teacher', '03/22', '12:22 PM', 0, 'New Notice Info', 0, 'admin', 'teacher/panel', 'news', 0, 0, '2024', NULL),
(185, 6, 'teacher', '03/22', '12:22 PM', 0, 'New Notice Info', 0, 'admin', 'teacher/panel', 'news', 0, 0, '2024', NULL),
(186, 7, 'teacher', '03/22', '12:22 PM', 0, 'New Notice Info', 0, 'admin', 'teacher/panel', 'news', 0, 0, '2024', NULL),
(187, 3, 'student', '03/22', '12:25 PM', 0, 'New Notice Info', 0, 'admin', 'student/panel', 'news', 0, 0, '2024', NULL),
(188, 4, 'student', '03/22', '12:25 PM', 0, 'New Notice Info', 0, 'admin', 'student/panel', 'news', 0, 0, '2024', NULL),
(189, 5, 'student', '03/22', '12:25 PM', 0, 'New Notice Info', 0, 'admin', 'student/panel', 'news', 0, 0, '2024', NULL),
(190, 6, 'student', '03/22', '12:25 PM', 0, 'New Notice Info', 0, 'admin', 'student/panel', 'news', 0, 0, '2024', NULL),
(191, 7, 'student', '03/22', '12:25 PM', 0, 'New Notice Info', 0, 'admin', 'student/panel', 'news', 0, 0, '2024', NULL),
(192, 8, 'student', '03/22', '12:25 PM', 0, 'New Notice Info', 0, 'admin', 'student/panel', 'news', 0, 0, '2024', NULL),
(193, 9, 'student', '03/22', '12:25 PM', 0, 'New Notice Info', 0, 'admin', 'student/panel', 'news', 0, 0, '2024', NULL),
(194, 10, 'student', '03/22', '12:25 PM', 0, 'New Notice Info', 0, 'admin', 'student/panel', 'news', 0, 0, '2024', NULL),
(195, 11, 'student', '03/22', '12:25 PM', 0, 'New Notice Info', 0, 'admin', 'student/panel', 'news', 0, 0, '2024', NULL),
(196, 12, 'student', '03/22', '12:25 PM', 0, 'New Notice Info', 0, 'admin', 'student/panel', 'news', 0, 0, '2024', NULL),
(197, 13, 'student', '03/22', '12:25 PM', 0, 'New Notice Info', 0, 'admin', 'student/panel', 'news', 0, 0, '2024', NULL),
(198, 14, 'student', '03/22', '12:25 PM', 0, 'New Notice Info', 0, 'admin', 'student/panel', 'news', 0, 0, '2024', NULL),
(199, 15, 'student', '03/22', '12:25 PM', 0, 'New Notice Info', 0, 'admin', 'student/panel', 'news', 0, 0, '2024', NULL),
(200, 16, 'student', '03/22', '12:25 PM', 0, 'New Notice Info', 0, 'admin', 'student/panel', 'news', 0, 0, '2024', NULL),
(201, 17, 'student', '03/22', '12:25 PM', 0, 'New Notice Info', 0, 'admin', 'student/panel', 'news', 0, 0, '2024', NULL),
(202, 18, 'student', '03/22', '12:25 PM', 0, 'New Notice Info', 0, 'admin', 'student/panel', 'news', 0, 0, '2024', NULL),
(203, 19, 'student', '03/22', '12:25 PM', 0, 'New Notice Info', 0, 'admin', 'student/panel', 'news', 0, 0, '2024', NULL),
(204, 20, 'student', '03/22', '12:25 PM', 0, 'New Notice Info', 0, 'admin', 'student/panel', 'news', 0, 0, '2024', NULL),
(205, 21, 'student', '03/22', '12:25 PM', 0, 'New Notice Info', 0, 'admin', 'student/panel', 'news', 0, 0, '2024', NULL),
(206, 22, 'student', '03/22', '12:25 PM', 0, 'New Notice Info', 0, 'admin', 'student/panel', 'news', 0, 0, '2024', NULL),
(207, 23, 'student', '03/22', '12:25 PM', 0, 'New Notice Info', 0, 'admin', 'student/panel', 'news', 0, 0, '2024', NULL),
(208, 24, 'student', '03/22', '12:25 PM', 0, 'New Notice Info', 0, 'admin', 'student/panel', 'news', 0, 0, '2024', NULL),
(209, 25, 'student', '03/22', '12:25 PM', 0, 'New Notice Info', 0, 'admin', 'student/panel', 'news', 0, 0, '2024', NULL),
(210, 26, 'student', '03/22', '12:25 PM', 0, 'New Notice Info', 0, 'admin', 'student/panel', 'news', 0, 0, '2024', NULL),
(211, 27, 'student', '03/22', '12:25 PM', 0, 'New Notice Info', 0, 'admin', 'student/panel', 'news', 0, 0, '2024', NULL),
(212, 28, 'student', '03/22', '12:25 PM', 0, 'New Notice Info', 0, 'admin', 'student/panel', 'news', 0, 0, '2024', NULL),
(213, 29, 'student', '03/22', '12:25 PM', 0, 'New Notice Info', 0, 'admin', 'student/panel', 'news', 0, 0, '2024', NULL),
(214, 30, 'student', '03/22', '12:25 PM', 0, 'New Notice Info', 0, 'admin', 'student/panel', 'news', 0, 0, '2024', NULL),
(215, 31, 'student', '03/22', '12:25 PM', 0, 'New Notice Info', 0, 'admin', 'student/panel', 'news', 0, 0, '2024', NULL),
(216, 32, 'student', '03/22', '12:25 PM', 0, 'New Notice Info', 0, 'admin', 'student/panel', 'news', 0, 0, '2024', NULL),
(217, 33, 'student', '03/22', '12:25 PM', 0, 'New Notice Info', 0, 'admin', 'student/panel', 'news', 0, 0, '2024', NULL),
(218, 34, 'student', '03/22', '12:25 PM', 0, 'New Notice Info', 0, 'admin', 'student/panel', 'news', 0, 0, '2024', NULL),
(219, 35, 'student', '03/22', '12:25 PM', 0, 'New Notice Info', 0, 'admin', 'student/panel', 'news', 0, 0, '2024', NULL),
(220, 2, 'teacher', '03/22', '12:25 PM', 0, 'New Notice Info', 0, 'admin', 'teacher/panel', 'news', 0, 0, '2024', NULL),
(221, 3, 'teacher', '03/22', '12:25 PM', 0, 'New Notice Info', 0, 'admin', 'teacher/panel', 'news', 0, 0, '2024', NULL),
(222, 4, 'teacher', '03/22', '12:25 PM', 0, 'New Notice Info', 0, 'admin', 'teacher/panel', 'news', 0, 0, '2024', NULL),
(223, 5, 'teacher', '03/22', '12:25 PM', 0, 'New Notice Info', 0, 'admin', 'teacher/panel', 'news', 0, 0, '2024', NULL),
(224, 6, 'teacher', '03/22', '12:25 PM', 0, 'New Notice Info', 0, 'admin', 'teacher/panel', 'news', 0, 0, '2024', NULL),
(225, 7, 'teacher', '03/22', '12:25 PM', 0, 'New Notice Info', 0, 'admin', 'teacher/panel', 'news', 0, 0, '2024', NULL),
(226, 3, 'student', '03/22', '12:29 PM', 0, 'New Notice Info', 0, 'admin', 'student/panel', 'news', 0, 0, '2024', NULL),
(227, 4, 'student', '03/22', '12:29 PM', 0, 'New Notice Info', 0, 'admin', 'student/panel', 'news', 0, 0, '2024', NULL),
(228, 5, 'student', '03/22', '12:29 PM', 0, 'New Notice Info', 0, 'admin', 'student/panel', 'news', 0, 0, '2024', NULL),
(229, 6, 'student', '03/22', '12:29 PM', 0, 'New Notice Info', 0, 'admin', 'student/panel', 'news', 0, 0, '2024', NULL),
(230, 7, 'student', '03/22', '12:29 PM', 0, 'New Notice Info', 0, 'admin', 'student/panel', 'news', 0, 0, '2024', NULL),
(231, 8, 'student', '03/22', '12:29 PM', 0, 'New Notice Info', 0, 'admin', 'student/panel', 'news', 0, 0, '2024', NULL),
(232, 9, 'student', '03/22', '12:29 PM', 0, 'New Notice Info', 0, 'admin', 'student/panel', 'news', 0, 0, '2024', NULL),
(233, 10, 'student', '03/22', '12:29 PM', 0, 'New Notice Info', 0, 'admin', 'student/panel', 'news', 0, 0, '2024', NULL),
(234, 11, 'student', '03/22', '12:29 PM', 0, 'New Notice Info', 0, 'admin', 'student/panel', 'news', 0, 0, '2024', NULL),
(235, 12, 'student', '03/22', '12:29 PM', 0, 'New Notice Info', 0, 'admin', 'student/panel', 'news', 0, 0, '2024', NULL),
(236, 13, 'student', '03/22', '12:29 PM', 0, 'New Notice Info', 0, 'admin', 'student/panel', 'news', 0, 0, '2024', NULL),
(237, 14, 'student', '03/22', '12:29 PM', 0, 'New Notice Info', 0, 'admin', 'student/panel', 'news', 0, 0, '2024', NULL),
(238, 15, 'student', '03/22', '12:29 PM', 0, 'New Notice Info', 0, 'admin', 'student/panel', 'news', 0, 0, '2024', NULL),
(239, 16, 'student', '03/22', '12:29 PM', 0, 'New Notice Info', 0, 'admin', 'student/panel', 'news', 0, 0, '2024', NULL),
(240, 17, 'student', '03/22', '12:29 PM', 0, 'New Notice Info', 0, 'admin', 'student/panel', 'news', 0, 0, '2024', NULL),
(241, 18, 'student', '03/22', '12:29 PM', 0, 'New Notice Info', 0, 'admin', 'student/panel', 'news', 0, 0, '2024', NULL),
(242, 19, 'student', '03/22', '12:29 PM', 0, 'New Notice Info', 0, 'admin', 'student/panel', 'news', 0, 0, '2024', NULL),
(243, 20, 'student', '03/22', '12:29 PM', 0, 'New Notice Info', 0, 'admin', 'student/panel', 'news', 0, 0, '2024', NULL),
(244, 21, 'student', '03/22', '12:29 PM', 0, 'New Notice Info', 0, 'admin', 'student/panel', 'news', 0, 0, '2024', NULL),
(245, 22, 'student', '03/22', '12:29 PM', 0, 'New Notice Info', 0, 'admin', 'student/panel', 'news', 0, 0, '2024', NULL),
(246, 23, 'student', '03/22', '12:29 PM', 0, 'New Notice Info', 0, 'admin', 'student/panel', 'news', 0, 0, '2024', NULL),
(247, 24, 'student', '03/22', '12:29 PM', 0, 'New Notice Info', 0, 'admin', 'student/panel', 'news', 0, 0, '2024', NULL),
(248, 25, 'student', '03/22', '12:29 PM', 0, 'New Notice Info', 0, 'admin', 'student/panel', 'news', 0, 0, '2024', NULL),
(249, 26, 'student', '03/22', '12:29 PM', 0, 'New Notice Info', 0, 'admin', 'student/panel', 'news', 0, 0, '2024', NULL),
(250, 27, 'student', '03/22', '12:29 PM', 0, 'New Notice Info', 0, 'admin', 'student/panel', 'news', 0, 0, '2024', NULL),
(251, 28, 'student', '03/22', '12:29 PM', 0, 'New Notice Info', 0, 'admin', 'student/panel', 'news', 0, 0, '2024', NULL),
(252, 29, 'student', '03/22', '12:29 PM', 0, 'New Notice Info', 0, 'admin', 'student/panel', 'news', 0, 0, '2024', NULL),
(253, 30, 'student', '03/22', '12:29 PM', 0, 'New Notice Info', 0, 'admin', 'student/panel', 'news', 0, 0, '2024', NULL),
(254, 31, 'student', '03/22', '12:29 PM', 0, 'New Notice Info', 0, 'admin', 'student/panel', 'news', 0, 0, '2024', NULL),
(255, 32, 'student', '03/22', '12:29 PM', 0, 'New Notice Info', 0, 'admin', 'student/panel', 'news', 0, 0, '2024', NULL),
(256, 33, 'student', '03/22', '12:29 PM', 0, 'New Notice Info', 0, 'admin', 'student/panel', 'news', 0, 0, '2024', NULL),
(257, 34, 'student', '03/22', '12:29 PM', 0, 'New Notice Info', 0, 'admin', 'student/panel', 'news', 0, 0, '2024', NULL),
(258, 35, 'student', '03/22', '12:29 PM', 0, 'New Notice Info', 0, 'admin', 'student/panel', 'news', 0, 0, '2024', NULL),
(259, 2, 'teacher', '03/22', '12:29 PM', 0, 'New Notice Info', 0, 'admin', 'teacher/panel', 'news', 0, 0, '2024', NULL),
(260, 3, 'teacher', '03/22', '12:29 PM', 0, 'New Notice Info', 0, 'admin', 'teacher/panel', 'news', 0, 0, '2024', NULL),
(261, 4, 'teacher', '03/22', '12:29 PM', 0, 'New Notice Info', 0, 'admin', 'teacher/panel', 'news', 0, 0, '2024', NULL),
(262, 5, 'teacher', '03/22', '12:29 PM', 0, 'New Notice Info', 0, 'admin', 'teacher/panel', 'news', 0, 0, '2024', NULL),
(263, 6, 'teacher', '03/22', '12:29 PM', 0, 'New Notice Info', 0, 'admin', 'teacher/panel', 'news', 0, 0, '2024', NULL),
(264, 7, 'teacher', '03/22', '12:29 PM', 0, 'New Notice Info', 0, 'admin', 'teacher/panel', 'news', 0, 0, '2024', NULL),
(265, 3, 'student', '03/22', '12:45 PM', 0, '<strong>Mr. Admin</strong> Ha creado una nueva tarea con el ttulo <b>TAREA DE EJEMPLO</b>', 1, 'admin', 'student/homeworkroom/76c8140d21', 'homework', 2, 9, '2024', 2),
(266, 4, 'student', '03/22', '12:45 PM', 0, '<strong>Mr. Admin</strong> Ha creado una nueva tarea con el ttulo <b>TAREA DE EJEMPLO</b>', 1, 'admin', 'student/homeworkroom/76c8140d21', 'homework', 2, 9, '2024', 2),
(267, 5, 'student', '03/22', '12:45 PM', 0, '<strong>Mr. Admin</strong> Ha creado una nueva tarea con el ttulo <b>TAREA DE EJEMPLO</b>', 1, 'admin', 'student/homeworkroom/76c8140d21', 'homework', 2, 9, '2024', 2),
(268, 6, 'student', '03/22', '12:45 PM', 0, '<strong>Mr. Admin</strong> Ha creado una nueva tarea con el ttulo <b>TAREA DE EJEMPLO</b>', 1, 'admin', 'student/homeworkroom/76c8140d21', 'homework', 2, 9, '2024', 2),
(269, 7, 'student', '03/22', '12:45 PM', 0, '<strong>Mr. Admin</strong> Ha creado una nueva tarea con el ttulo <b>TAREA DE EJEMPLO</b>', 1, 'admin', 'student/homeworkroom/76c8140d21', 'homework', 2, 9, '2024', 2),
(270, 8, 'student', '03/22', '12:45 PM', 0, '<strong>Mr. Admin</strong> Ha creado una nueva tarea con el ttulo <b>TAREA DE EJEMPLO</b>', 1, 'admin', 'student/homeworkroom/76c8140d21', 'homework', 2, 9, '2024', 2),
(271, 9, 'student', '03/22', '12:45 PM', 0, '<strong>Mr. Admin</strong> Ha creado una nueva tarea con el ttulo <b>TAREA DE EJEMPLO</b>', 1, 'admin', 'student/homeworkroom/76c8140d21', 'homework', 2, 9, '2024', 2),
(272, 10, 'student', '03/22', '12:45 PM', 0, '<strong>Mr. Admin</strong> Ha creado una nueva tarea con el ttulo <b>TAREA DE EJEMPLO</b>', 1, 'admin', 'student/homeworkroom/76c8140d21', 'homework', 2, 9, '2024', 2),
(273, 11, 'student', '03/22', '12:45 PM', 0, '<strong>Mr. Admin</strong> Ha creado una nueva tarea con el ttulo <b>TAREA DE EJEMPLO</b>', 1, 'admin', 'student/homeworkroom/76c8140d21', 'homework', 2, 9, '2024', 2),
(274, 12, 'student', '03/22', '12:45 PM', 0, '<strong>Mr. Admin</strong> Ha creado una nueva tarea con el ttulo <b>TAREA DE EJEMPLO</b>', 1, 'admin', 'student/homeworkroom/76c8140d21', 'homework', 2, 9, '2024', 2),
(275, 13, 'student', '03/22', '12:45 PM', 0, '<strong>Mr. Admin</strong> Ha creado una nueva tarea con el ttulo <b>TAREA DE EJEMPLO</b>', 1, 'admin', 'student/homeworkroom/76c8140d21', 'homework', 2, 9, '2024', 2),
(276, 14, 'student', '03/22', '12:45 PM', 0, '<strong>Mr. Admin</strong> Ha creado una nueva tarea con el ttulo <b>TAREA DE EJEMPLO</b>', 1, 'admin', 'student/homeworkroom/76c8140d21', 'homework', 2, 9, '2024', 2),
(277, 15, 'student', '03/22', '12:45 PM', 0, '<strong>Mr. Admin</strong> Ha creado una nueva tarea con el ttulo <b>TAREA DE EJEMPLO</b>', 1, 'admin', 'student/homeworkroom/76c8140d21', 'homework', 2, 9, '2024', 2),
(278, 16, 'student', '03/22', '12:45 PM', 0, '<strong>Mr. Admin</strong> Ha creado una nueva tarea con el ttulo <b>TAREA DE EJEMPLO</b>', 1, 'admin', 'student/homeworkroom/76c8140d21', 'homework', 2, 9, '2024', 2),
(279, 17, 'student', '03/22', '12:45 PM', 0, '<strong>Mr. Admin</strong> Ha creado una nueva tarea con el ttulo <b>TAREA DE EJEMPLO</b>', 1, 'admin', 'student/homeworkroom/76c8140d21', 'homework', 2, 9, '2024', 2),
(280, 18, 'student', '03/22', '12:45 PM', 0, '<strong>Mr. Admin</strong> Ha creado una nueva tarea con el ttulo <b>TAREA DE EJEMPLO</b>', 1, 'admin', 'student/homeworkroom/76c8140d21', 'homework', 2, 9, '2024', 2),
(281, 3, 'student', '03/22', '01:12 PM', 0, 'New Notice Info', 0, 'admin', 'student/panel', 'news', 0, 0, '2024', NULL),
(282, 4, 'student', '03/22', '01:12 PM', 0, 'New Notice Info', 0, 'admin', 'student/panel', 'news', 0, 0, '2024', NULL),
(283, 5, 'student', '03/22', '01:12 PM', 0, 'New Notice Info', 0, 'admin', 'student/panel', 'news', 0, 0, '2024', NULL),
(284, 6, 'student', '03/22', '01:12 PM', 0, 'New Notice Info', 0, 'admin', 'student/panel', 'news', 0, 0, '2024', NULL),
(285, 7, 'student', '03/22', '01:12 PM', 0, 'New Notice Info', 0, 'admin', 'student/panel', 'news', 0, 0, '2024', NULL),
(286, 8, 'student', '03/22', '01:12 PM', 0, 'New Notice Info', 0, 'admin', 'student/panel', 'news', 0, 0, '2024', NULL),
(287, 9, 'student', '03/22', '01:12 PM', 0, 'New Notice Info', 0, 'admin', 'student/panel', 'news', 0, 0, '2024', NULL),
(288, 10, 'student', '03/22', '01:12 PM', 0, 'New Notice Info', 0, 'admin', 'student/panel', 'news', 0, 0, '2024', NULL),
(289, 11, 'student', '03/22', '01:12 PM', 0, 'New Notice Info', 0, 'admin', 'student/panel', 'news', 0, 0, '2024', NULL),
(290, 12, 'student', '03/22', '01:12 PM', 0, 'New Notice Info', 0, 'admin', 'student/panel', 'news', 0, 0, '2024', NULL),
(291, 13, 'student', '03/22', '01:12 PM', 0, 'New Notice Info', 0, 'admin', 'student/panel', 'news', 0, 0, '2024', NULL),
(292, 14, 'student', '03/22', '01:12 PM', 0, 'New Notice Info', 0, 'admin', 'student/panel', 'news', 0, 0, '2024', NULL),
(293, 15, 'student', '03/22', '01:12 PM', 0, 'New Notice Info', 0, 'admin', 'student/panel', 'news', 0, 0, '2024', NULL),
(294, 16, 'student', '03/22', '01:12 PM', 0, 'New Notice Info', 0, 'admin', 'student/panel', 'news', 0, 0, '2024', NULL),
(295, 17, 'student', '03/22', '01:12 PM', 0, 'New Notice Info', 0, 'admin', 'student/panel', 'news', 0, 0, '2024', NULL),
(296, 18, 'student', '03/22', '01:12 PM', 0, 'New Notice Info', 0, 'admin', 'student/panel', 'news', 0, 0, '2024', NULL),
(297, 19, 'student', '03/22', '01:12 PM', 0, 'New Notice Info', 0, 'admin', 'student/panel', 'news', 0, 0, '2024', NULL),
(298, 20, 'student', '03/22', '01:12 PM', 0, 'New Notice Info', 0, 'admin', 'student/panel', 'news', 0, 0, '2024', NULL),
(299, 21, 'student', '03/22', '01:12 PM', 0, 'New Notice Info', 0, 'admin', 'student/panel', 'news', 0, 0, '2024', NULL),
(300, 22, 'student', '03/22', '01:12 PM', 0, 'New Notice Info', 0, 'admin', 'student/panel', 'news', 0, 0, '2024', NULL),
(301, 23, 'student', '03/22', '01:12 PM', 0, 'New Notice Info', 0, 'admin', 'student/panel', 'news', 0, 0, '2024', NULL),
(302, 24, 'student', '03/22', '01:12 PM', 0, 'New Notice Info', 0, 'admin', 'student/panel', 'news', 0, 0, '2024', NULL),
(303, 25, 'student', '03/22', '01:12 PM', 0, 'New Notice Info', 0, 'admin', 'student/panel', 'news', 0, 0, '2024', NULL),
(304, 26, 'student', '03/22', '01:12 PM', 0, 'New Notice Info', 0, 'admin', 'student/panel', 'news', 0, 0, '2024', NULL),
(305, 27, 'student', '03/22', '01:12 PM', 0, 'New Notice Info', 0, 'admin', 'student/panel', 'news', 0, 0, '2024', NULL),
(306, 28, 'student', '03/22', '01:12 PM', 0, 'New Notice Info', 0, 'admin', 'student/panel', 'news', 0, 0, '2024', NULL),
(307, 29, 'student', '03/22', '01:12 PM', 0, 'New Notice Info', 0, 'admin', 'student/panel', 'news', 0, 0, '2024', NULL),
(308, 30, 'student', '03/22', '01:12 PM', 0, 'New Notice Info', 0, 'admin', 'student/panel', 'news', 0, 0, '2024', NULL),
(309, 31, 'student', '03/22', '01:12 PM', 0, 'New Notice Info', 0, 'admin', 'student/panel', 'news', 0, 0, '2024', NULL),
(310, 32, 'student', '03/22', '01:12 PM', 0, 'New Notice Info', 0, 'admin', 'student/panel', 'news', 0, 0, '2024', NULL),
(311, 33, 'student', '03/22', '01:12 PM', 0, 'New Notice Info', 0, 'admin', 'student/panel', 'news', 0, 0, '2024', NULL),
(312, 34, 'student', '03/22', '01:12 PM', 0, 'New Notice Info', 0, 'admin', 'student/panel', 'news', 0, 0, '2024', NULL),
(313, 35, 'student', '03/22', '01:12 PM', 0, 'New Notice Info', 0, 'admin', 'student/panel', 'news', 0, 0, '2024', NULL),
(314, 2, 'teacher', '03/22', '01:12 PM', 0, 'New Notice Info', 0, 'admin', 'teacher/panel', 'news', 0, 0, '2024', NULL),
(315, 3, 'teacher', '03/22', '01:12 PM', 0, 'New Notice Info', 0, 'admin', 'teacher/panel', 'news', 0, 0, '2024', NULL),
(316, 4, 'teacher', '03/22', '01:12 PM', 0, 'New Notice Info', 0, 'admin', 'teacher/panel', 'news', 0, 0, '2024', NULL),
(317, 5, 'teacher', '03/22', '01:12 PM', 0, 'New Notice Info', 0, 'admin', 'teacher/panel', 'news', 0, 0, '2024', NULL),
(318, 6, 'teacher', '03/22', '01:12 PM', 0, 'New Notice Info', 0, 'admin', 'teacher/panel', 'news', 0, 0, '2024', NULL),
(319, 7, 'teacher', '03/22', '01:12 PM', 0, 'New Notice Info', 0, 'admin', 'teacher/panel', 'news', 0, 0, '2024', NULL),
(320, 3, 'student', '03/22', '07:07 PM', 0, 'New Notice Info', 0, 'admin', 'student/panel', 'news', 0, 0, '2024', NULL),
(321, 4, 'student', '03/22', '07:07 PM', 0, 'New Notice Info', 0, 'admin', 'student/panel', 'news', 0, 0, '2024', NULL),
(322, 5, 'student', '03/22', '07:07 PM', 0, 'New Notice Info', 0, 'admin', 'student/panel', 'news', 0, 0, '2024', NULL),
(323, 6, 'student', '03/22', '07:07 PM', 0, 'New Notice Info', 0, 'admin', 'student/panel', 'news', 0, 0, '2024', NULL),
(324, 7, 'student', '03/22', '07:07 PM', 0, 'New Notice Info', 0, 'admin', 'student/panel', 'news', 0, 0, '2024', NULL),
(325, 8, 'student', '03/22', '07:07 PM', 0, 'New Notice Info', 0, 'admin', 'student/panel', 'news', 0, 0, '2024', NULL),
(326, 9, 'student', '03/22', '07:07 PM', 0, 'New Notice Info', 0, 'admin', 'student/panel', 'news', 0, 0, '2024', NULL),
(327, 10, 'student', '03/22', '07:07 PM', 0, 'New Notice Info', 0, 'admin', 'student/panel', 'news', 0, 0, '2024', NULL),
(328, 11, 'student', '03/22', '07:07 PM', 0, 'New Notice Info', 0, 'admin', 'student/panel', 'news', 0, 0, '2024', NULL),
(329, 12, 'student', '03/22', '07:07 PM', 0, 'New Notice Info', 0, 'admin', 'student/panel', 'news', 0, 0, '2024', NULL),
(330, 13, 'student', '03/22', '07:07 PM', 0, 'New Notice Info', 0, 'admin', 'student/panel', 'news', 0, 0, '2024', NULL),
(331, 14, 'student', '03/22', '07:07 PM', 0, 'New Notice Info', 0, 'admin', 'student/panel', 'news', 0, 0, '2024', NULL),
(332, 15, 'student', '03/22', '07:07 PM', 0, 'New Notice Info', 0, 'admin', 'student/panel', 'news', 0, 0, '2024', NULL),
(333, 16, 'student', '03/22', '07:07 PM', 0, 'New Notice Info', 0, 'admin', 'student/panel', 'news', 0, 0, '2024', NULL),
(334, 17, 'student', '03/22', '07:07 PM', 0, 'New Notice Info', 0, 'admin', 'student/panel', 'news', 0, 0, '2024', NULL),
(335, 18, 'student', '03/22', '07:07 PM', 0, 'New Notice Info', 0, 'admin', 'student/panel', 'news', 0, 0, '2024', NULL),
(336, 19, 'student', '03/22', '07:07 PM', 0, 'New Notice Info', 0, 'admin', 'student/panel', 'news', 0, 0, '2024', NULL),
(337, 20, 'student', '03/22', '07:07 PM', 0, 'New Notice Info', 0, 'admin', 'student/panel', 'news', 0, 0, '2024', NULL),
(338, 21, 'student', '03/22', '07:07 PM', 0, 'New Notice Info', 0, 'admin', 'student/panel', 'news', 0, 0, '2024', NULL),
(339, 22, 'student', '03/22', '07:07 PM', 0, 'New Notice Info', 0, 'admin', 'student/panel', 'news', 0, 0, '2024', NULL),
(340, 23, 'student', '03/22', '07:07 PM', 0, 'New Notice Info', 0, 'admin', 'student/panel', 'news', 0, 0, '2024', NULL),
(341, 24, 'student', '03/22', '07:07 PM', 0, 'New Notice Info', 0, 'admin', 'student/panel', 'news', 0, 0, '2024', NULL),
(342, 25, 'student', '03/22', '07:07 PM', 0, 'New Notice Info', 0, 'admin', 'student/panel', 'news', 0, 0, '2024', NULL),
(343, 26, 'student', '03/22', '07:07 PM', 0, 'New Notice Info', 0, 'admin', 'student/panel', 'news', 0, 0, '2024', NULL),
(344, 27, 'student', '03/22', '07:07 PM', 0, 'New Notice Info', 0, 'admin', 'student/panel', 'news', 0, 0, '2024', NULL),
(345, 28, 'student', '03/22', '07:07 PM', 0, 'New Notice Info', 0, 'admin', 'student/panel', 'news', 0, 0, '2024', NULL),
(346, 29, 'student', '03/22', '07:07 PM', 0, 'New Notice Info', 0, 'admin', 'student/panel', 'news', 0, 0, '2024', NULL),
(347, 30, 'student', '03/22', '07:07 PM', 0, 'New Notice Info', 0, 'admin', 'student/panel', 'news', 0, 0, '2024', NULL),
(348, 31, 'student', '03/22', '07:07 PM', 0, 'New Notice Info', 0, 'admin', 'student/panel', 'news', 0, 0, '2024', NULL),
(349, 32, 'student', '03/22', '07:07 PM', 0, 'New Notice Info', 0, 'admin', 'student/panel', 'news', 0, 0, '2024', NULL),
(350, 33, 'student', '03/22', '07:07 PM', 0, 'New Notice Info', 0, 'admin', 'student/panel', 'news', 0, 0, '2024', NULL),
(351, 34, 'student', '03/22', '07:07 PM', 0, 'New Notice Info', 0, 'admin', 'student/panel', 'news', 0, 0, '2024', NULL),
(352, 35, 'student', '03/22', '07:07 PM', 0, 'New Notice Info', 0, 'admin', 'student/panel', 'news', 0, 0, '2024', NULL),
(353, 2, 'teacher', '03/22', '07:07 PM', 0, 'New Notice Info', 0, 'admin', 'teacher/panel', 'news', 0, 0, '2024', NULL),
(354, 3, 'teacher', '03/22', '07:07 PM', 0, 'New Notice Info', 0, 'admin', 'teacher/panel', 'news', 0, 0, '2024', NULL),
(355, 4, 'teacher', '03/22', '07:07 PM', 0, 'New Notice Info', 0, 'admin', 'teacher/panel', 'news', 0, 0, '2024', NULL),
(356, 5, 'teacher', '03/22', '07:07 PM', 0, 'New Notice Info', 0, 'admin', 'teacher/panel', 'news', 0, 0, '2024', NULL),
(357, 6, 'teacher', '03/22', '07:07 PM', 0, 'New Notice Info', 0, 'admin', 'teacher/panel', 'news', 0, 0, '2024', NULL),
(358, 7, 'teacher', '03/22', '07:07 PM', 0, 'New Notice Info', 0, 'admin', 'teacher/panel', 'news', 0, 0, '2024', NULL),
(359, 3, 'student', '03/25', '01:32 PM', 0, '<strong>Mr. Admin</strong>  Ha subido material de estudio a tu portal', 1, 'admin', 'student/study_material/Mi0yLTk=', 'material', 2, 9, '2024', 2),
(360, 4, 'student', '03/25', '01:32 PM', 0, '<strong>Mr. Admin</strong>  Ha subido material de estudio a tu portal', 1, 'admin', 'student/study_material/Mi0yLTk=', 'material', 2, 9, '2024', 2),
(361, 5, 'student', '03/25', '01:32 PM', 0, '<strong>Mr. Admin</strong>  Ha subido material de estudio a tu portal', 1, 'admin', 'student/study_material/Mi0yLTk=', 'material', 2, 9, '2024', 2),
(362, 6, 'student', '03/25', '01:32 PM', 0, '<strong>Mr. Admin</strong>  Ha subido material de estudio a tu portal', 1, 'admin', 'student/study_material/Mi0yLTk=', 'material', 2, 9, '2024', 2),
(363, 7, 'student', '03/25', '01:32 PM', 0, '<strong>Mr. Admin</strong>  Ha subido material de estudio a tu portal', 1, 'admin', 'student/study_material/Mi0yLTk=', 'material', 2, 9, '2024', 2),
(364, 8, 'student', '03/25', '01:32 PM', 0, '<strong>Mr. Admin</strong>  Ha subido material de estudio a tu portal', 1, 'admin', 'student/study_material/Mi0yLTk=', 'material', 2, 9, '2024', 2),
(365, 9, 'student', '03/25', '01:32 PM', 0, '<strong>Mr. Admin</strong>  Ha subido material de estudio a tu portal', 1, 'admin', 'student/study_material/Mi0yLTk=', 'material', 2, 9, '2024', 2),
(366, 10, 'student', '03/25', '01:32 PM', 0, '<strong>Mr. Admin</strong>  Ha subido material de estudio a tu portal', 1, 'admin', 'student/study_material/Mi0yLTk=', 'material', 2, 9, '2024', 2),
(367, 11, 'student', '03/25', '01:32 PM', 0, '<strong>Mr. Admin</strong>  Ha subido material de estudio a tu portal', 1, 'admin', 'student/study_material/Mi0yLTk=', 'material', 2, 9, '2024', 2),
(368, 12, 'student', '03/25', '01:32 PM', 0, '<strong>Mr. Admin</strong>  Ha subido material de estudio a tu portal', 1, 'admin', 'student/study_material/Mi0yLTk=', 'material', 2, 9, '2024', 2),
(369, 13, 'student', '03/25', '01:32 PM', 0, '<strong>Mr. Admin</strong>  Ha subido material de estudio a tu portal', 1, 'admin', 'student/study_material/Mi0yLTk=', 'material', 2, 9, '2024', 2),
(370, 14, 'student', '03/25', '01:32 PM', 0, '<strong>Mr. Admin</strong>  Ha subido material de estudio a tu portal', 1, 'admin', 'student/study_material/Mi0yLTk=', 'material', 2, 9, '2024', 2),
(371, 15, 'student', '03/25', '01:32 PM', 0, '<strong>Mr. Admin</strong>  Ha subido material de estudio a tu portal', 1, 'admin', 'student/study_material/Mi0yLTk=', 'material', 2, 9, '2024', 2),
(372, 16, 'student', '03/25', '01:32 PM', 0, '<strong>Mr. Admin</strong>  Ha subido material de estudio a tu portal', 1, 'admin', 'student/study_material/Mi0yLTk=', 'material', 2, 9, '2024', 2),
(373, 17, 'student', '03/25', '01:32 PM', 0, '<strong>Mr. Admin</strong>  Ha subido material de estudio a tu portal', 1, 'admin', 'student/study_material/Mi0yLTk=', 'material', 2, 9, '2024', 2),
(374, 18, 'student', '03/25', '01:32 PM', 0, '<strong>Mr. Admin</strong>  Ha subido material de estudio a tu portal', 1, 'admin', 'student/study_material/Mi0yLTk=', 'material', 2, 9, '2024', 2),
(375, 3, 'student', '03/25', '01:35 PM', 0, '<strong>Mr. Admin</strong>  Ha subido material de estudio a tu portal', 1, 'admin', 'student/study_material/Mi0yLTk=', 'material', 2, 9, '2024', 2),
(376, 4, 'student', '03/25', '01:35 PM', 0, '<strong>Mr. Admin</strong>  Ha subido material de estudio a tu portal', 1, 'admin', 'student/study_material/Mi0yLTk=', 'material', 2, 9, '2024', 2),
(377, 5, 'student', '03/25', '01:35 PM', 0, '<strong>Mr. Admin</strong>  Ha subido material de estudio a tu portal', 1, 'admin', 'student/study_material/Mi0yLTk=', 'material', 2, 9, '2024', 2),
(378, 6, 'student', '03/25', '01:35 PM', 0, '<strong>Mr. Admin</strong>  Ha subido material de estudio a tu portal', 1, 'admin', 'student/study_material/Mi0yLTk=', 'material', 2, 9, '2024', 2),
(379, 7, 'student', '03/25', '01:35 PM', 0, '<strong>Mr. Admin</strong>  Ha subido material de estudio a tu portal', 1, 'admin', 'student/study_material/Mi0yLTk=', 'material', 2, 9, '2024', 2),
(380, 8, 'student', '03/25', '01:35 PM', 0, '<strong>Mr. Admin</strong>  Ha subido material de estudio a tu portal', 1, 'admin', 'student/study_material/Mi0yLTk=', 'material', 2, 9, '2024', 2),
(381, 9, 'student', '03/25', '01:35 PM', 0, '<strong>Mr. Admin</strong>  Ha subido material de estudio a tu portal', 1, 'admin', 'student/study_material/Mi0yLTk=', 'material', 2, 9, '2024', 2);
INSERT INTO `notification` (`id`, `user_id`, `user_type`, `date`, `time`, `status`, `notify`, `original_id`, `original_type`, `url`, `type`, `class_id`, `subject_id`, `year`, `section_id`) VALUES
(382, 10, 'student', '03/25', '01:35 PM', 0, '<strong>Mr. Admin</strong>  Ha subido material de estudio a tu portal', 1, 'admin', 'student/study_material/Mi0yLTk=', 'material', 2, 9, '2024', 2),
(383, 11, 'student', '03/25', '01:35 PM', 0, '<strong>Mr. Admin</strong>  Ha subido material de estudio a tu portal', 1, 'admin', 'student/study_material/Mi0yLTk=', 'material', 2, 9, '2024', 2),
(384, 12, 'student', '03/25', '01:35 PM', 0, '<strong>Mr. Admin</strong>  Ha subido material de estudio a tu portal', 1, 'admin', 'student/study_material/Mi0yLTk=', 'material', 2, 9, '2024', 2),
(385, 13, 'student', '03/25', '01:35 PM', 0, '<strong>Mr. Admin</strong>  Ha subido material de estudio a tu portal', 1, 'admin', 'student/study_material/Mi0yLTk=', 'material', 2, 9, '2024', 2),
(386, 14, 'student', '03/25', '01:35 PM', 0, '<strong>Mr. Admin</strong>  Ha subido material de estudio a tu portal', 1, 'admin', 'student/study_material/Mi0yLTk=', 'material', 2, 9, '2024', 2),
(387, 15, 'student', '03/25', '01:35 PM', 0, '<strong>Mr. Admin</strong>  Ha subido material de estudio a tu portal', 1, 'admin', 'student/study_material/Mi0yLTk=', 'material', 2, 9, '2024', 2),
(388, 16, 'student', '03/25', '01:35 PM', 0, '<strong>Mr. Admin</strong>  Ha subido material de estudio a tu portal', 1, 'admin', 'student/study_material/Mi0yLTk=', 'material', 2, 9, '2024', 2),
(389, 17, 'student', '03/25', '01:35 PM', 0, '<strong>Mr. Admin</strong>  Ha subido material de estudio a tu portal', 1, 'admin', 'student/study_material/Mi0yLTk=', 'material', 2, 9, '2024', 2),
(390, 18, 'student', '03/25', '01:35 PM', 0, '<strong>Mr. Admin</strong>  Ha subido material de estudio a tu portal', 1, 'admin', 'student/study_material/Mi0yLTk=', 'material', 2, 9, '2024', 2),
(391, 3, 'student', '03/25', '02:04 PM', 0, '<strong>Mr. Admin</strong> Ha creado una nueva tarea con el ttulo <b>Demo</b>', 1, 'admin', 'student/homeworkroom/d8e5eb4b6e', 'homework', 2, 9, '2024', 2),
(392, 4, 'student', '03/25', '02:04 PM', 0, '<strong>Mr. Admin</strong> Ha creado una nueva tarea con el ttulo <b>Demo</b>', 1, 'admin', 'student/homeworkroom/d8e5eb4b6e', 'homework', 2, 9, '2024', 2),
(393, 5, 'student', '03/25', '02:04 PM', 0, '<strong>Mr. Admin</strong> Ha creado una nueva tarea con el ttulo <b>Demo</b>', 1, 'admin', 'student/homeworkroom/d8e5eb4b6e', 'homework', 2, 9, '2024', 2),
(394, 6, 'student', '03/25', '02:04 PM', 0, '<strong>Mr. Admin</strong> Ha creado una nueva tarea con el ttulo <b>Demo</b>', 1, 'admin', 'student/homeworkroom/d8e5eb4b6e', 'homework', 2, 9, '2024', 2),
(395, 7, 'student', '03/25', '02:04 PM', 0, '<strong>Mr. Admin</strong> Ha creado una nueva tarea con el ttulo <b>Demo</b>', 1, 'admin', 'student/homeworkroom/d8e5eb4b6e', 'homework', 2, 9, '2024', 2),
(396, 8, 'student', '03/25', '02:04 PM', 0, '<strong>Mr. Admin</strong> Ha creado una nueva tarea con el ttulo <b>Demo</b>', 1, 'admin', 'student/homeworkroom/d8e5eb4b6e', 'homework', 2, 9, '2024', 2),
(397, 9, 'student', '03/25', '02:04 PM', 0, '<strong>Mr. Admin</strong> Ha creado una nueva tarea con el ttulo <b>Demo</b>', 1, 'admin', 'student/homeworkroom/d8e5eb4b6e', 'homework', 2, 9, '2024', 2),
(398, 10, 'student', '03/25', '02:04 PM', 0, '<strong>Mr. Admin</strong> Ha creado una nueva tarea con el ttulo <b>Demo</b>', 1, 'admin', 'student/homeworkroom/d8e5eb4b6e', 'homework', 2, 9, '2024', 2),
(399, 11, 'student', '03/25', '02:04 PM', 0, '<strong>Mr. Admin</strong> Ha creado una nueva tarea con el ttulo <b>Demo</b>', 1, 'admin', 'student/homeworkroom/d8e5eb4b6e', 'homework', 2, 9, '2024', 2),
(400, 12, 'student', '03/25', '02:04 PM', 0, '<strong>Mr. Admin</strong> Ha creado una nueva tarea con el ttulo <b>Demo</b>', 1, 'admin', 'student/homeworkroom/d8e5eb4b6e', 'homework', 2, 9, '2024', 2),
(401, 13, 'student', '03/25', '02:04 PM', 0, '<strong>Mr. Admin</strong> Ha creado una nueva tarea con el ttulo <b>Demo</b>', 1, 'admin', 'student/homeworkroom/d8e5eb4b6e', 'homework', 2, 9, '2024', 2),
(402, 14, 'student', '03/25', '02:04 PM', 0, '<strong>Mr. Admin</strong> Ha creado una nueva tarea con el ttulo <b>Demo</b>', 1, 'admin', 'student/homeworkroom/d8e5eb4b6e', 'homework', 2, 9, '2024', 2),
(403, 15, 'student', '03/25', '02:04 PM', 0, '<strong>Mr. Admin</strong> Ha creado una nueva tarea con el ttulo <b>Demo</b>', 1, 'admin', 'student/homeworkroom/d8e5eb4b6e', 'homework', 2, 9, '2024', 2),
(404, 16, 'student', '03/25', '02:04 PM', 0, '<strong>Mr. Admin</strong> Ha creado una nueva tarea con el ttulo <b>Demo</b>', 1, 'admin', 'student/homeworkroom/d8e5eb4b6e', 'homework', 2, 9, '2024', 2),
(405, 17, 'student', '03/25', '02:04 PM', 0, '<strong>Mr. Admin</strong> Ha creado una nueva tarea con el ttulo <b>Demo</b>', 1, 'admin', 'student/homeworkroom/d8e5eb4b6e', 'homework', 2, 9, '2024', 2),
(406, 18, 'student', '03/25', '02:04 PM', 0, '<strong>Mr. Admin</strong> Ha creado una nueva tarea con el ttulo <b>Demo</b>', 1, 'admin', 'student/homeworkroom/d8e5eb4b6e', 'homework', 2, 9, '2024', 2),
(407, 3, 'student', '03/25', '02:07 PM', 0, '<strong>Mr. Admin</strong> Ha creado una nueva tarea con el ttulo <b>Demo</b>', 1, 'admin', 'student/homeworkroom/d8e5eb4b6e', 'homework', 2, 9, '2024', 2),
(408, 4, 'student', '03/25', '02:07 PM', 0, '<strong>Mr. Admin</strong> Ha creado una nueva tarea con el ttulo <b>Demo</b>', 1, 'admin', 'student/homeworkroom/d8e5eb4b6e', 'homework', 2, 9, '2024', 2),
(409, 5, 'student', '03/25', '02:07 PM', 0, '<strong>Mr. Admin</strong> Ha creado una nueva tarea con el ttulo <b>Demo</b>', 1, 'admin', 'student/homeworkroom/d8e5eb4b6e', 'homework', 2, 9, '2024', 2),
(410, 6, 'student', '03/25', '02:07 PM', 0, '<strong>Mr. Admin</strong> Ha creado una nueva tarea con el ttulo <b>Demo</b>', 1, 'admin', 'student/homeworkroom/d8e5eb4b6e', 'homework', 2, 9, '2024', 2),
(411, 7, 'student', '03/25', '02:07 PM', 0, '<strong>Mr. Admin</strong> Ha creado una nueva tarea con el ttulo <b>Demo</b>', 1, 'admin', 'student/homeworkroom/d8e5eb4b6e', 'homework', 2, 9, '2024', 2),
(412, 8, 'student', '03/25', '02:07 PM', 0, '<strong>Mr. Admin</strong> Ha creado una nueva tarea con el ttulo <b>Demo</b>', 1, 'admin', 'student/homeworkroom/d8e5eb4b6e', 'homework', 2, 9, '2024', 2),
(413, 9, 'student', '03/25', '02:07 PM', 0, '<strong>Mr. Admin</strong> Ha creado una nueva tarea con el ttulo <b>Demo</b>', 1, 'admin', 'student/homeworkroom/d8e5eb4b6e', 'homework', 2, 9, '2024', 2),
(414, 10, 'student', '03/25', '02:07 PM', 0, '<strong>Mr. Admin</strong> Ha creado una nueva tarea con el ttulo <b>Demo</b>', 1, 'admin', 'student/homeworkroom/d8e5eb4b6e', 'homework', 2, 9, '2024', 2),
(415, 11, 'student', '03/25', '02:07 PM', 0, '<strong>Mr. Admin</strong> Ha creado una nueva tarea con el ttulo <b>Demo</b>', 1, 'admin', 'student/homeworkroom/d8e5eb4b6e', 'homework', 2, 9, '2024', 2),
(416, 12, 'student', '03/25', '02:07 PM', 0, '<strong>Mr. Admin</strong> Ha creado una nueva tarea con el ttulo <b>Demo</b>', 1, 'admin', 'student/homeworkroom/d8e5eb4b6e', 'homework', 2, 9, '2024', 2),
(417, 13, 'student', '03/25', '02:07 PM', 0, '<strong>Mr. Admin</strong> Ha creado una nueva tarea con el ttulo <b>Demo</b>', 1, 'admin', 'student/homeworkroom/d8e5eb4b6e', 'homework', 2, 9, '2024', 2),
(418, 14, 'student', '03/25', '02:07 PM', 0, '<strong>Mr. Admin</strong> Ha creado una nueva tarea con el ttulo <b>Demo</b>', 1, 'admin', 'student/homeworkroom/d8e5eb4b6e', 'homework', 2, 9, '2024', 2),
(419, 15, 'student', '03/25', '02:07 PM', 0, '<strong>Mr. Admin</strong> Ha creado una nueva tarea con el ttulo <b>Demo</b>', 1, 'admin', 'student/homeworkroom/d8e5eb4b6e', 'homework', 2, 9, '2024', 2),
(420, 16, 'student', '03/25', '02:07 PM', 0, '<strong>Mr. Admin</strong> Ha creado una nueva tarea con el ttulo <b>Demo</b>', 1, 'admin', 'student/homeworkroom/d8e5eb4b6e', 'homework', 2, 9, '2024', 2),
(421, 17, 'student', '03/25', '02:07 PM', 0, '<strong>Mr. Admin</strong> Ha creado una nueva tarea con el ttulo <b>Demo</b>', 1, 'admin', 'student/homeworkroom/d8e5eb4b6e', 'homework', 2, 9, '2024', 2),
(422, 18, 'student', '03/25', '02:07 PM', 0, '<strong>Mr. Admin</strong> Ha creado una nueva tarea con el ttulo <b>Demo</b>', 1, 'admin', 'student/homeworkroom/d8e5eb4b6e', 'homework', 2, 9, '2024', 2),
(423, 3, 'student', '03/25', '07:45 PM', 0, '<strong>Mr. Admin</strong>  Ha subido material de estudio a tu portal', 1, 'admin', 'student/study_material/Mi0yLTQ=', 'material', 2, 4, '2024', 2),
(424, 4, 'student', '03/25', '07:45 PM', 0, '<strong>Mr. Admin</strong>  Ha subido material de estudio a tu portal', 1, 'admin', 'student/study_material/Mi0yLTQ=', 'material', 2, 4, '2024', 2),
(425, 5, 'student', '03/25', '07:45 PM', 0, '<strong>Mr. Admin</strong>  Ha subido material de estudio a tu portal', 1, 'admin', 'student/study_material/Mi0yLTQ=', 'material', 2, 4, '2024', 2),
(426, 6, 'student', '03/25', '07:45 PM', 0, '<strong>Mr. Admin</strong>  Ha subido material de estudio a tu portal', 1, 'admin', 'student/study_material/Mi0yLTQ=', 'material', 2, 4, '2024', 2),
(427, 7, 'student', '03/25', '07:45 PM', 0, '<strong>Mr. Admin</strong>  Ha subido material de estudio a tu portal', 1, 'admin', 'student/study_material/Mi0yLTQ=', 'material', 2, 4, '2024', 2),
(428, 8, 'student', '03/25', '07:45 PM', 0, '<strong>Mr. Admin</strong>  Ha subido material de estudio a tu portal', 1, 'admin', 'student/study_material/Mi0yLTQ=', 'material', 2, 4, '2024', 2),
(429, 9, 'student', '03/25', '07:45 PM', 0, '<strong>Mr. Admin</strong>  Ha subido material de estudio a tu portal', 1, 'admin', 'student/study_material/Mi0yLTQ=', 'material', 2, 4, '2024', 2),
(430, 10, 'student', '03/25', '07:45 PM', 0, '<strong>Mr. Admin</strong>  Ha subido material de estudio a tu portal', 1, 'admin', 'student/study_material/Mi0yLTQ=', 'material', 2, 4, '2024', 2),
(431, 11, 'student', '03/25', '07:45 PM', 0, '<strong>Mr. Admin</strong>  Ha subido material de estudio a tu portal', 1, 'admin', 'student/study_material/Mi0yLTQ=', 'material', 2, 4, '2024', 2),
(432, 12, 'student', '03/25', '07:45 PM', 0, '<strong>Mr. Admin</strong>  Ha subido material de estudio a tu portal', 1, 'admin', 'student/study_material/Mi0yLTQ=', 'material', 2, 4, '2024', 2),
(433, 13, 'student', '03/25', '07:45 PM', 0, '<strong>Mr. Admin</strong>  Ha subido material de estudio a tu portal', 1, 'admin', 'student/study_material/Mi0yLTQ=', 'material', 2, 4, '2024', 2),
(434, 14, 'student', '03/25', '07:45 PM', 0, '<strong>Mr. Admin</strong>  Ha subido material de estudio a tu portal', 1, 'admin', 'student/study_material/Mi0yLTQ=', 'material', 2, 4, '2024', 2),
(435, 15, 'student', '03/25', '07:45 PM', 0, '<strong>Mr. Admin</strong>  Ha subido material de estudio a tu portal', 1, 'admin', 'student/study_material/Mi0yLTQ=', 'material', 2, 4, '2024', 2),
(436, 16, 'student', '03/25', '07:45 PM', 0, '<strong>Mr. Admin</strong>  Ha subido material de estudio a tu portal', 1, 'admin', 'student/study_material/Mi0yLTQ=', 'material', 2, 4, '2024', 2),
(437, 17, 'student', '03/25', '07:45 PM', 0, '<strong>Mr. Admin</strong>  Ha subido material de estudio a tu portal', 1, 'admin', 'student/study_material/Mi0yLTQ=', 'material', 2, 4, '2024', 2),
(438, 18, 'student', '03/25', '07:45 PM', 0, '<strong>Mr. Admin</strong>  Ha subido material de estudio a tu portal', 1, 'admin', 'student/study_material/Mi0yLTQ=', 'material', 2, 4, '2024', 2),
(439, 3, 'student', '03/25', '07:46 PM', 0, '<strong>Mr. Admin</strong>  Ha subido material de estudio a tu portal', 1, 'admin', 'student/study_material/Mi0yLTU=', 'material', 2, 5, '2024', 2),
(440, 4, 'student', '03/25', '07:46 PM', 0, '<strong>Mr. Admin</strong>  Ha subido material de estudio a tu portal', 1, 'admin', 'student/study_material/Mi0yLTU=', 'material', 2, 5, '2024', 2),
(441, 5, 'student', '03/25', '07:46 PM', 0, '<strong>Mr. Admin</strong>  Ha subido material de estudio a tu portal', 1, 'admin', 'student/study_material/Mi0yLTU=', 'material', 2, 5, '2024', 2),
(442, 6, 'student', '03/25', '07:46 PM', 0, '<strong>Mr. Admin</strong>  Ha subido material de estudio a tu portal', 1, 'admin', 'student/study_material/Mi0yLTU=', 'material', 2, 5, '2024', 2),
(443, 7, 'student', '03/25', '07:46 PM', 0, '<strong>Mr. Admin</strong>  Ha subido material de estudio a tu portal', 1, 'admin', 'student/study_material/Mi0yLTU=', 'material', 2, 5, '2024', 2),
(444, 8, 'student', '03/25', '07:46 PM', 0, '<strong>Mr. Admin</strong>  Ha subido material de estudio a tu portal', 1, 'admin', 'student/study_material/Mi0yLTU=', 'material', 2, 5, '2024', 2),
(445, 9, 'student', '03/25', '07:46 PM', 0, '<strong>Mr. Admin</strong>  Ha subido material de estudio a tu portal', 1, 'admin', 'student/study_material/Mi0yLTU=', 'material', 2, 5, '2024', 2),
(446, 10, 'student', '03/25', '07:46 PM', 0, '<strong>Mr. Admin</strong>  Ha subido material de estudio a tu portal', 1, 'admin', 'student/study_material/Mi0yLTU=', 'material', 2, 5, '2024', 2),
(447, 11, 'student', '03/25', '07:46 PM', 0, '<strong>Mr. Admin</strong>  Ha subido material de estudio a tu portal', 1, 'admin', 'student/study_material/Mi0yLTU=', 'material', 2, 5, '2024', 2),
(448, 12, 'student', '03/25', '07:46 PM', 0, '<strong>Mr. Admin</strong>  Ha subido material de estudio a tu portal', 1, 'admin', 'student/study_material/Mi0yLTU=', 'material', 2, 5, '2024', 2),
(449, 13, 'student', '03/25', '07:46 PM', 0, '<strong>Mr. Admin</strong>  Ha subido material de estudio a tu portal', 1, 'admin', 'student/study_material/Mi0yLTU=', 'material', 2, 5, '2024', 2),
(450, 14, 'student', '03/25', '07:46 PM', 0, '<strong>Mr. Admin</strong>  Ha subido material de estudio a tu portal', 1, 'admin', 'student/study_material/Mi0yLTU=', 'material', 2, 5, '2024', 2),
(451, 15, 'student', '03/25', '07:46 PM', 0, '<strong>Mr. Admin</strong>  Ha subido material de estudio a tu portal', 1, 'admin', 'student/study_material/Mi0yLTU=', 'material', 2, 5, '2024', 2),
(452, 16, 'student', '03/25', '07:46 PM', 0, '<strong>Mr. Admin</strong>  Ha subido material de estudio a tu portal', 1, 'admin', 'student/study_material/Mi0yLTU=', 'material', 2, 5, '2024', 2),
(453, 17, 'student', '03/25', '07:46 PM', 0, '<strong>Mr. Admin</strong>  Ha subido material de estudio a tu portal', 1, 'admin', 'student/study_material/Mi0yLTU=', 'material', 2, 5, '2024', 2),
(454, 18, 'student', '03/25', '07:46 PM', 0, '<strong>Mr. Admin</strong>  Ha subido material de estudio a tu portal', 1, 'admin', 'student/study_material/Mi0yLTU=', 'material', 2, 5, '2024', 2),
(455, 3, 'student', '03/25', '07:48 PM', 0, '<strong>Mr. Admin</strong>  Ha subido material de estudio a tu portal', 1, 'admin', 'student/study_material/Mi0yLTk=', 'material', 2, 9, '2024', 2),
(456, 4, 'student', '03/25', '07:48 PM', 0, '<strong>Mr. Admin</strong>  Ha subido material de estudio a tu portal', 1, 'admin', 'student/study_material/Mi0yLTk=', 'material', 2, 9, '2024', 2),
(457, 5, 'student', '03/25', '07:48 PM', 0, '<strong>Mr. Admin</strong>  Ha subido material de estudio a tu portal', 1, 'admin', 'student/study_material/Mi0yLTk=', 'material', 2, 9, '2024', 2),
(458, 6, 'student', '03/25', '07:48 PM', 0, '<strong>Mr. Admin</strong>  Ha subido material de estudio a tu portal', 1, 'admin', 'student/study_material/Mi0yLTk=', 'material', 2, 9, '2024', 2),
(459, 7, 'student', '03/25', '07:48 PM', 0, '<strong>Mr. Admin</strong>  Ha subido material de estudio a tu portal', 1, 'admin', 'student/study_material/Mi0yLTk=', 'material', 2, 9, '2024', 2),
(460, 8, 'student', '03/25', '07:48 PM', 0, '<strong>Mr. Admin</strong>  Ha subido material de estudio a tu portal', 1, 'admin', 'student/study_material/Mi0yLTk=', 'material', 2, 9, '2024', 2),
(461, 9, 'student', '03/25', '07:48 PM', 0, '<strong>Mr. Admin</strong>  Ha subido material de estudio a tu portal', 1, 'admin', 'student/study_material/Mi0yLTk=', 'material', 2, 9, '2024', 2),
(462, 10, 'student', '03/25', '07:48 PM', 0, '<strong>Mr. Admin</strong>  Ha subido material de estudio a tu portal', 1, 'admin', 'student/study_material/Mi0yLTk=', 'material', 2, 9, '2024', 2),
(463, 11, 'student', '03/25', '07:48 PM', 0, '<strong>Mr. Admin</strong>  Ha subido material de estudio a tu portal', 1, 'admin', 'student/study_material/Mi0yLTk=', 'material', 2, 9, '2024', 2),
(464, 12, 'student', '03/25', '07:48 PM', 0, '<strong>Mr. Admin</strong>  Ha subido material de estudio a tu portal', 1, 'admin', 'student/study_material/Mi0yLTk=', 'material', 2, 9, '2024', 2),
(465, 13, 'student', '03/25', '07:48 PM', 0, '<strong>Mr. Admin</strong>  Ha subido material de estudio a tu portal', 1, 'admin', 'student/study_material/Mi0yLTk=', 'material', 2, 9, '2024', 2),
(466, 14, 'student', '03/25', '07:48 PM', 0, '<strong>Mr. Admin</strong>  Ha subido material de estudio a tu portal', 1, 'admin', 'student/study_material/Mi0yLTk=', 'material', 2, 9, '2024', 2),
(467, 15, 'student', '03/25', '07:48 PM', 0, '<strong>Mr. Admin</strong>  Ha subido material de estudio a tu portal', 1, 'admin', 'student/study_material/Mi0yLTk=', 'material', 2, 9, '2024', 2),
(468, 16, 'student', '03/25', '07:48 PM', 0, '<strong>Mr. Admin</strong>  Ha subido material de estudio a tu portal', 1, 'admin', 'student/study_material/Mi0yLTk=', 'material', 2, 9, '2024', 2),
(469, 17, 'student', '03/25', '07:48 PM', 0, '<strong>Mr. Admin</strong>  Ha subido material de estudio a tu portal', 1, 'admin', 'student/study_material/Mi0yLTk=', 'material', 2, 9, '2024', 2),
(470, 18, 'student', '03/25', '07:48 PM', 0, '<strong>Mr. Admin</strong>  Ha subido material de estudio a tu portal', 1, 'admin', 'student/study_material/Mi0yLTk=', 'material', 2, 9, '2024', 2),
(471, 3, 'student', '03/25', '07:49 PM', 0, '<strong>Mr. Admin</strong>  Ha subido material de estudio a tu portal', 1, 'admin', 'student/study_material/Mi0yLTE0', 'material', 2, 14, '2024', 2),
(472, 4, 'student', '03/25', '07:49 PM', 0, '<strong>Mr. Admin</strong>  Ha subido material de estudio a tu portal', 1, 'admin', 'student/study_material/Mi0yLTE0', 'material', 2, 14, '2024', 2),
(473, 5, 'student', '03/25', '07:49 PM', 0, '<strong>Mr. Admin</strong>  Ha subido material de estudio a tu portal', 1, 'admin', 'student/study_material/Mi0yLTE0', 'material', 2, 14, '2024', 2),
(474, 6, 'student', '03/25', '07:49 PM', 0, '<strong>Mr. Admin</strong>  Ha subido material de estudio a tu portal', 1, 'admin', 'student/study_material/Mi0yLTE0', 'material', 2, 14, '2024', 2),
(475, 7, 'student', '03/25', '07:49 PM', 0, '<strong>Mr. Admin</strong>  Ha subido material de estudio a tu portal', 1, 'admin', 'student/study_material/Mi0yLTE0', 'material', 2, 14, '2024', 2),
(476, 8, 'student', '03/25', '07:49 PM', 0, '<strong>Mr. Admin</strong>  Ha subido material de estudio a tu portal', 1, 'admin', 'student/study_material/Mi0yLTE0', 'material', 2, 14, '2024', 2),
(477, 9, 'student', '03/25', '07:49 PM', 0, '<strong>Mr. Admin</strong>  Ha subido material de estudio a tu portal', 1, 'admin', 'student/study_material/Mi0yLTE0', 'material', 2, 14, '2024', 2),
(478, 10, 'student', '03/25', '07:49 PM', 0, '<strong>Mr. Admin</strong>  Ha subido material de estudio a tu portal', 1, 'admin', 'student/study_material/Mi0yLTE0', 'material', 2, 14, '2024', 2),
(479, 11, 'student', '03/25', '07:49 PM', 0, '<strong>Mr. Admin</strong>  Ha subido material de estudio a tu portal', 1, 'admin', 'student/study_material/Mi0yLTE0', 'material', 2, 14, '2024', 2),
(480, 12, 'student', '03/25', '07:49 PM', 0, '<strong>Mr. Admin</strong>  Ha subido material de estudio a tu portal', 1, 'admin', 'student/study_material/Mi0yLTE0', 'material', 2, 14, '2024', 2),
(481, 13, 'student', '03/25', '07:49 PM', 0, '<strong>Mr. Admin</strong>  Ha subido material de estudio a tu portal', 1, 'admin', 'student/study_material/Mi0yLTE0', 'material', 2, 14, '2024', 2),
(482, 14, 'student', '03/25', '07:49 PM', 0, '<strong>Mr. Admin</strong>  Ha subido material de estudio a tu portal', 1, 'admin', 'student/study_material/Mi0yLTE0', 'material', 2, 14, '2024', 2),
(483, 15, 'student', '03/25', '07:49 PM', 0, '<strong>Mr. Admin</strong>  Ha subido material de estudio a tu portal', 1, 'admin', 'student/study_material/Mi0yLTE0', 'material', 2, 14, '2024', 2),
(484, 16, 'student', '03/25', '07:49 PM', 0, '<strong>Mr. Admin</strong>  Ha subido material de estudio a tu portal', 1, 'admin', 'student/study_material/Mi0yLTE0', 'material', 2, 14, '2024', 2),
(485, 17, 'student', '03/25', '07:49 PM', 0, '<strong>Mr. Admin</strong>  Ha subido material de estudio a tu portal', 1, 'admin', 'student/study_material/Mi0yLTE0', 'material', 2, 14, '2024', 2),
(486, 18, 'student', '03/25', '07:49 PM', 0, '<strong>Mr. Admin</strong>  Ha subido material de estudio a tu portal', 1, 'admin', 'student/study_material/Mi0yLTE0', 'material', 2, 14, '2024', 2),
(487, 3, 'student', '03/25', '07:50 PM', 0, '<strong>Mr. Admin</strong>  Ha subido material de estudio a tu portal', 1, 'admin', 'student/study_material/Mi0yLTE2', 'material', 2, 16, '2024', 2),
(488, 4, 'student', '03/25', '07:50 PM', 0, '<strong>Mr. Admin</strong>  Ha subido material de estudio a tu portal', 1, 'admin', 'student/study_material/Mi0yLTE2', 'material', 2, 16, '2024', 2),
(489, 5, 'student', '03/25', '07:50 PM', 0, '<strong>Mr. Admin</strong>  Ha subido material de estudio a tu portal', 1, 'admin', 'student/study_material/Mi0yLTE2', 'material', 2, 16, '2024', 2),
(490, 6, 'student', '03/25', '07:50 PM', 0, '<strong>Mr. Admin</strong>  Ha subido material de estudio a tu portal', 1, 'admin', 'student/study_material/Mi0yLTE2', 'material', 2, 16, '2024', 2),
(491, 7, 'student', '03/25', '07:50 PM', 0, '<strong>Mr. Admin</strong>  Ha subido material de estudio a tu portal', 1, 'admin', 'student/study_material/Mi0yLTE2', 'material', 2, 16, '2024', 2),
(492, 8, 'student', '03/25', '07:50 PM', 0, '<strong>Mr. Admin</strong>  Ha subido material de estudio a tu portal', 1, 'admin', 'student/study_material/Mi0yLTE2', 'material', 2, 16, '2024', 2),
(493, 9, 'student', '03/25', '07:50 PM', 0, '<strong>Mr. Admin</strong>  Ha subido material de estudio a tu portal', 1, 'admin', 'student/study_material/Mi0yLTE2', 'material', 2, 16, '2024', 2),
(494, 10, 'student', '03/25', '07:50 PM', 0, '<strong>Mr. Admin</strong>  Ha subido material de estudio a tu portal', 1, 'admin', 'student/study_material/Mi0yLTE2', 'material', 2, 16, '2024', 2),
(495, 11, 'student', '03/25', '07:50 PM', 0, '<strong>Mr. Admin</strong>  Ha subido material de estudio a tu portal', 1, 'admin', 'student/study_material/Mi0yLTE2', 'material', 2, 16, '2024', 2),
(496, 12, 'student', '03/25', '07:50 PM', 0, '<strong>Mr. Admin</strong>  Ha subido material de estudio a tu portal', 1, 'admin', 'student/study_material/Mi0yLTE2', 'material', 2, 16, '2024', 2),
(497, 13, 'student', '03/25', '07:50 PM', 0, '<strong>Mr. Admin</strong>  Ha subido material de estudio a tu portal', 1, 'admin', 'student/study_material/Mi0yLTE2', 'material', 2, 16, '2024', 2),
(498, 14, 'student', '03/25', '07:50 PM', 0, '<strong>Mr. Admin</strong>  Ha subido material de estudio a tu portal', 1, 'admin', 'student/study_material/Mi0yLTE2', 'material', 2, 16, '2024', 2),
(499, 15, 'student', '03/25', '07:50 PM', 0, '<strong>Mr. Admin</strong>  Ha subido material de estudio a tu portal', 1, 'admin', 'student/study_material/Mi0yLTE2', 'material', 2, 16, '2024', 2),
(500, 16, 'student', '03/25', '07:50 PM', 0, '<strong>Mr. Admin</strong>  Ha subido material de estudio a tu portal', 1, 'admin', 'student/study_material/Mi0yLTE2', 'material', 2, 16, '2024', 2),
(501, 17, 'student', '03/25', '07:50 PM', 0, '<strong>Mr. Admin</strong>  Ha subido material de estudio a tu portal', 1, 'admin', 'student/study_material/Mi0yLTE2', 'material', 2, 16, '2024', 2),
(502, 18, 'student', '03/25', '07:50 PM', 0, '<strong>Mr. Admin</strong>  Ha subido material de estudio a tu portal', 1, 'admin', 'student/study_material/Mi0yLTE2', 'material', 2, 16, '2024', 2),
(503, 3, 'student', '04/02', '04:34 PM', 0, '<strong>Mr. Admin</strong>  Ha subido material de estudio a tu portal', 1, 'admin', 'student/study_material/Mi0yLTE3', 'material', 2, 17, '2024', 2),
(504, 4, 'student', '04/02', '04:34 PM', 0, '<strong>Mr. Admin</strong>  Ha subido material de estudio a tu portal', 1, 'admin', 'student/study_material/Mi0yLTE3', 'material', 2, 17, '2024', 2),
(505, 5, 'student', '04/02', '04:34 PM', 0, '<strong>Mr. Admin</strong>  Ha subido material de estudio a tu portal', 1, 'admin', 'student/study_material/Mi0yLTE3', 'material', 2, 17, '2024', 2),
(506, 6, 'student', '04/02', '04:34 PM', 0, '<strong>Mr. Admin</strong>  Ha subido material de estudio a tu portal', 1, 'admin', 'student/study_material/Mi0yLTE3', 'material', 2, 17, '2024', 2),
(507, 7, 'student', '04/02', '04:34 PM', 0, '<strong>Mr. Admin</strong>  Ha subido material de estudio a tu portal', 1, 'admin', 'student/study_material/Mi0yLTE3', 'material', 2, 17, '2024', 2),
(508, 8, 'student', '04/02', '04:34 PM', 0, '<strong>Mr. Admin</strong>  Ha subido material de estudio a tu portal', 1, 'admin', 'student/study_material/Mi0yLTE3', 'material', 2, 17, '2024', 2),
(509, 9, 'student', '04/02', '04:34 PM', 0, '<strong>Mr. Admin</strong>  Ha subido material de estudio a tu portal', 1, 'admin', 'student/study_material/Mi0yLTE3', 'material', 2, 17, '2024', 2),
(510, 10, 'student', '04/02', '04:34 PM', 0, '<strong>Mr. Admin</strong>  Ha subido material de estudio a tu portal', 1, 'admin', 'student/study_material/Mi0yLTE3', 'material', 2, 17, '2024', 2),
(511, 11, 'student', '04/02', '04:34 PM', 0, '<strong>Mr. Admin</strong>  Ha subido material de estudio a tu portal', 1, 'admin', 'student/study_material/Mi0yLTE3', 'material', 2, 17, '2024', 2),
(512, 12, 'student', '04/02', '04:34 PM', 0, '<strong>Mr. Admin</strong>  Ha subido material de estudio a tu portal', 1, 'admin', 'student/study_material/Mi0yLTE3', 'material', 2, 17, '2024', 2),
(513, 13, 'student', '04/02', '04:34 PM', 0, '<strong>Mr. Admin</strong>  Ha subido material de estudio a tu portal', 1, 'admin', 'student/study_material/Mi0yLTE3', 'material', 2, 17, '2024', 2),
(514, 14, 'student', '04/02', '04:34 PM', 0, '<strong>Mr. Admin</strong>  Ha subido material de estudio a tu portal', 1, 'admin', 'student/study_material/Mi0yLTE3', 'material', 2, 17, '2024', 2),
(515, 15, 'student', '04/02', '04:34 PM', 0, '<strong>Mr. Admin</strong>  Ha subido material de estudio a tu portal', 1, 'admin', 'student/study_material/Mi0yLTE3', 'material', 2, 17, '2024', 2),
(516, 16, 'student', '04/02', '04:34 PM', 0, '<strong>Mr. Admin</strong>  Ha subido material de estudio a tu portal', 1, 'admin', 'student/study_material/Mi0yLTE3', 'material', 2, 17, '2024', 2),
(517, 17, 'student', '04/02', '04:34 PM', 0, '<strong>Mr. Admin</strong>  Ha subido material de estudio a tu portal', 1, 'admin', 'student/study_material/Mi0yLTE3', 'material', 2, 17, '2024', 2),
(518, 18, 'student', '04/02', '04:34 PM', 0, '<strong>Mr. Admin</strong>  Ha subido material de estudio a tu portal', 1, 'admin', 'student/study_material/Mi0yLTE3', 'material', 2, 17, '2024', 2),
(519, 3, 'student', '04/05', '02:54 PM', 0, 'New Notice Info', 0, 'admin', 'student/panel', 'news', 0, 0, '2024', NULL),
(520, 4, 'student', '04/05', '02:54 PM', 0, 'New Notice Info', 0, 'admin', 'student/panel', 'news', 0, 0, '2024', NULL),
(521, 5, 'student', '04/05', '02:54 PM', 0, 'New Notice Info', 0, 'admin', 'student/panel', 'news', 0, 0, '2024', NULL),
(522, 6, 'student', '04/05', '02:54 PM', 0, 'New Notice Info', 0, 'admin', 'student/panel', 'news', 0, 0, '2024', NULL),
(523, 7, 'student', '04/05', '02:54 PM', 0, 'New Notice Info', 0, 'admin', 'student/panel', 'news', 0, 0, '2024', NULL),
(524, 8, 'student', '04/05', '02:54 PM', 0, 'New Notice Info', 0, 'admin', 'student/panel', 'news', 0, 0, '2024', NULL),
(525, 9, 'student', '04/05', '02:54 PM', 0, 'New Notice Info', 0, 'admin', 'student/panel', 'news', 0, 0, '2024', NULL),
(526, 10, 'student', '04/05', '02:54 PM', 0, 'New Notice Info', 0, 'admin', 'student/panel', 'news', 0, 0, '2024', NULL),
(527, 11, 'student', '04/05', '02:54 PM', 0, 'New Notice Info', 0, 'admin', 'student/panel', 'news', 0, 0, '2024', NULL),
(528, 12, 'student', '04/05', '02:54 PM', 0, 'New Notice Info', 0, 'admin', 'student/panel', 'news', 0, 0, '2024', NULL),
(529, 13, 'student', '04/05', '02:54 PM', 0, 'New Notice Info', 0, 'admin', 'student/panel', 'news', 0, 0, '2024', NULL),
(530, 14, 'student', '04/05', '02:54 PM', 0, 'New Notice Info', 0, 'admin', 'student/panel', 'news', 0, 0, '2024', NULL),
(531, 15, 'student', '04/05', '02:54 PM', 0, 'New Notice Info', 0, 'admin', 'student/panel', 'news', 0, 0, '2024', NULL),
(532, 16, 'student', '04/05', '02:54 PM', 0, 'New Notice Info', 0, 'admin', 'student/panel', 'news', 0, 0, '2024', NULL),
(533, 17, 'student', '04/05', '02:54 PM', 0, 'New Notice Info', 0, 'admin', 'student/panel', 'news', 0, 0, '2024', NULL),
(534, 18, 'student', '04/05', '02:54 PM', 0, 'New Notice Info', 0, 'admin', 'student/panel', 'news', 0, 0, '2024', NULL),
(535, 19, 'student', '04/05', '02:54 PM', 0, 'New Notice Info', 0, 'admin', 'student/panel', 'news', 0, 0, '2024', NULL),
(536, 20, 'student', '04/05', '02:54 PM', 0, 'New Notice Info', 0, 'admin', 'student/panel', 'news', 0, 0, '2024', NULL),
(537, 21, 'student', '04/05', '02:54 PM', 0, 'New Notice Info', 0, 'admin', 'student/panel', 'news', 0, 0, '2024', NULL),
(538, 22, 'student', '04/05', '02:54 PM', 0, 'New Notice Info', 0, 'admin', 'student/panel', 'news', 0, 0, '2024', NULL),
(539, 23, 'student', '04/05', '02:54 PM', 0, 'New Notice Info', 0, 'admin', 'student/panel', 'news', 0, 0, '2024', NULL),
(540, 24, 'student', '04/05', '02:54 PM', 0, 'New Notice Info', 0, 'admin', 'student/panel', 'news', 0, 0, '2024', NULL),
(541, 25, 'student', '04/05', '02:54 PM', 0, 'New Notice Info', 0, 'admin', 'student/panel', 'news', 0, 0, '2024', NULL),
(542, 26, 'student', '04/05', '02:54 PM', 0, 'New Notice Info', 0, 'admin', 'student/panel', 'news', 0, 0, '2024', NULL),
(543, 27, 'student', '04/05', '02:54 PM', 0, 'New Notice Info', 0, 'admin', 'student/panel', 'news', 0, 0, '2024', NULL),
(544, 28, 'student', '04/05', '02:54 PM', 0, 'New Notice Info', 0, 'admin', 'student/panel', 'news', 0, 0, '2024', NULL),
(545, 29, 'student', '04/05', '02:54 PM', 0, 'New Notice Info', 0, 'admin', 'student/panel', 'news', 0, 0, '2024', NULL),
(546, 30, 'student', '04/05', '02:54 PM', 0, 'New Notice Info', 0, 'admin', 'student/panel', 'news', 0, 0, '2024', NULL),
(547, 31, 'student', '04/05', '02:54 PM', 0, 'New Notice Info', 0, 'admin', 'student/panel', 'news', 0, 0, '2024', NULL),
(548, 32, 'student', '04/05', '02:54 PM', 0, 'New Notice Info', 0, 'admin', 'student/panel', 'news', 0, 0, '2024', NULL),
(549, 33, 'student', '04/05', '02:54 PM', 0, 'New Notice Info', 0, 'admin', 'student/panel', 'news', 0, 0, '2024', NULL),
(550, 34, 'student', '04/05', '02:54 PM', 0, 'New Notice Info', 0, 'admin', 'student/panel', 'news', 0, 0, '2024', NULL),
(551, 35, 'student', '04/05', '02:54 PM', 0, 'New Notice Info', 0, 'admin', 'student/panel', 'news', 0, 0, '2024', NULL),
(552, 2, 'teacher', '04/05', '02:54 PM', 0, 'New Notice Info', 0, 'admin', 'teacher/panel', 'news', 0, 0, '2024', NULL),
(553, 3, 'teacher', '04/05', '02:54 PM', 0, 'New Notice Info', 0, 'admin', 'teacher/panel', 'news', 0, 0, '2024', NULL),
(554, 4, 'teacher', '04/05', '02:54 PM', 0, 'New Notice Info', 0, 'admin', 'teacher/panel', 'news', 0, 0, '2024', NULL),
(555, 5, 'teacher', '04/05', '02:54 PM', 0, 'New Notice Info', 0, 'admin', 'teacher/panel', 'news', 0, 0, '2024', NULL),
(556, 6, 'teacher', '04/05', '02:54 PM', 0, 'New Notice Info', 0, 'admin', 'teacher/panel', 'news', 0, 0, '2024', NULL),
(557, 7, 'teacher', '04/05', '02:54 PM', 0, 'New Notice Info', 0, 'admin', 'teacher/panel', 'news', 0, 0, '2024', NULL),
(558, 8, 'teacher', '04/05', '02:54 PM', 0, 'New Notice Info', 0, 'admin', 'teacher/panel', 'news', 0, 0, '2024', NULL),
(559, 3, 'student', '04/10/2024', '11:56 AM', 0, '<strong>Mr. Admin</strong> agreg un nuevo examen en lnea con el ttulo <b>PRUEBA</b>', 1, 'admin', 'student/online_exams/Mi0yLTE3', 'exam', 2, 17, '2024', 2),
(560, 4, 'student', '04/10/2024', '11:56 AM', 0, '<strong>Mr. Admin</strong> agreg un nuevo examen en lnea con el ttulo <b>PRUEBA</b>', 1, 'admin', 'student/online_exams/Mi0yLTE3', 'exam', 2, 17, '2024', 2),
(561, 5, 'student', '04/10/2024', '11:56 AM', 0, '<strong>Mr. Admin</strong> agreg un nuevo examen en lnea con el ttulo <b>PRUEBA</b>', 1, 'admin', 'student/online_exams/Mi0yLTE3', 'exam', 2, 17, '2024', 2),
(562, 6, 'student', '04/10/2024', '11:56 AM', 0, '<strong>Mr. Admin</strong> agreg un nuevo examen en lnea con el ttulo <b>PRUEBA</b>', 1, 'admin', 'student/online_exams/Mi0yLTE3', 'exam', 2, 17, '2024', 2),
(563, 7, 'student', '04/10/2024', '11:56 AM', 0, '<strong>Mr. Admin</strong> agreg un nuevo examen en lnea con el ttulo <b>PRUEBA</b>', 1, 'admin', 'student/online_exams/Mi0yLTE3', 'exam', 2, 17, '2024', 2),
(564, 8, 'student', '04/10/2024', '11:56 AM', 0, '<strong>Mr. Admin</strong> agreg un nuevo examen en lnea con el ttulo <b>PRUEBA</b>', 1, 'admin', 'student/online_exams/Mi0yLTE3', 'exam', 2, 17, '2024', 2),
(565, 9, 'student', '04/10/2024', '11:56 AM', 0, '<strong>Mr. Admin</strong> agreg un nuevo examen en lnea con el ttulo <b>PRUEBA</b>', 1, 'admin', 'student/online_exams/Mi0yLTE3', 'exam', 2, 17, '2024', 2),
(566, 10, 'student', '04/10/2024', '11:56 AM', 0, '<strong>Mr. Admin</strong> agreg un nuevo examen en lnea con el ttulo <b>PRUEBA</b>', 1, 'admin', 'student/online_exams/Mi0yLTE3', 'exam', 2, 17, '2024', 2),
(567, 11, 'student', '04/10/2024', '11:56 AM', 0, '<strong>Mr. Admin</strong> agreg un nuevo examen en lnea con el ttulo <b>PRUEBA</b>', 1, 'admin', 'student/online_exams/Mi0yLTE3', 'exam', 2, 17, '2024', 2),
(568, 12, 'student', '04/10/2024', '11:56 AM', 0, '<strong>Mr. Admin</strong> agreg un nuevo examen en lnea con el ttulo <b>PRUEBA</b>', 1, 'admin', 'student/online_exams/Mi0yLTE3', 'exam', 2, 17, '2024', 2),
(569, 13, 'student', '04/10/2024', '11:56 AM', 0, '<strong>Mr. Admin</strong> agreg un nuevo examen en lnea con el ttulo <b>PRUEBA</b>', 1, 'admin', 'student/online_exams/Mi0yLTE3', 'exam', 2, 17, '2024', 2),
(570, 14, 'student', '04/10/2024', '11:56 AM', 0, '<strong>Mr. Admin</strong> agreg un nuevo examen en lnea con el ttulo <b>PRUEBA</b>', 1, 'admin', 'student/online_exams/Mi0yLTE3', 'exam', 2, 17, '2024', 2),
(571, 15, 'student', '04/10/2024', '11:56 AM', 0, '<strong>Mr. Admin</strong> agreg un nuevo examen en lnea con el ttulo <b>PRUEBA</b>', 1, 'admin', 'student/online_exams/Mi0yLTE3', 'exam', 2, 17, '2024', 2),
(572, 16, 'student', '04/10/2024', '11:56 AM', 0, '<strong>Mr. Admin</strong> agreg un nuevo examen en lnea con el ttulo <b>PRUEBA</b>', 1, 'admin', 'student/online_exams/Mi0yLTE3', 'exam', 2, 17, '2024', 2),
(573, 17, 'student', '04/10/2024', '11:56 AM', 0, '<strong>Mr. Admin</strong> agreg un nuevo examen en lnea con el ttulo <b>PRUEBA</b>', 1, 'admin', 'student/online_exams/Mi0yLTE3', 'exam', 2, 17, '2024', 2),
(574, 18, 'student', '04/10/2024', '11:56 AM', 0, '<strong>Mr. Admin</strong> agreg un nuevo examen en lnea con el ttulo <b>PRUEBA</b>', 1, 'admin', 'student/online_exams/Mi0yLTE3', 'exam', 2, 17, '2024', 2),
(575, 3, 'student', '04/10/2024', '12:10 PM', 0, '<strong>Mr. Admin</strong> agreg un nuevo examen en lnea con el ttulo <b>PRUEBA</b>', 1, 'admin', 'student/online_exams/Mi0yLTE3', 'exam', 2, 17, '2024', 2),
(576, 4, 'student', '04/10/2024', '12:10 PM', 0, '<strong>Mr. Admin</strong> agreg un nuevo examen en lnea con el ttulo <b>PRUEBA</b>', 1, 'admin', 'student/online_exams/Mi0yLTE3', 'exam', 2, 17, '2024', 2),
(577, 5, 'student', '04/10/2024', '12:10 PM', 0, '<strong>Mr. Admin</strong> agreg un nuevo examen en lnea con el ttulo <b>PRUEBA</b>', 1, 'admin', 'student/online_exams/Mi0yLTE3', 'exam', 2, 17, '2024', 2),
(578, 6, 'student', '04/10/2024', '12:10 PM', 0, '<strong>Mr. Admin</strong> agreg un nuevo examen en lnea con el ttulo <b>PRUEBA</b>', 1, 'admin', 'student/online_exams/Mi0yLTE3', 'exam', 2, 17, '2024', 2),
(579, 7, 'student', '04/10/2024', '12:10 PM', 0, '<strong>Mr. Admin</strong> agreg un nuevo examen en lnea con el ttulo <b>PRUEBA</b>', 1, 'admin', 'student/online_exams/Mi0yLTE3', 'exam', 2, 17, '2024', 2),
(580, 8, 'student', '04/10/2024', '12:10 PM', 0, '<strong>Mr. Admin</strong> agreg un nuevo examen en lnea con el ttulo <b>PRUEBA</b>', 1, 'admin', 'student/online_exams/Mi0yLTE3', 'exam', 2, 17, '2024', 2),
(581, 9, 'student', '04/10/2024', '12:10 PM', 0, '<strong>Mr. Admin</strong> agreg un nuevo examen en lnea con el ttulo <b>PRUEBA</b>', 1, 'admin', 'student/online_exams/Mi0yLTE3', 'exam', 2, 17, '2024', 2),
(582, 10, 'student', '04/10/2024', '12:10 PM', 0, '<strong>Mr. Admin</strong> agreg un nuevo examen en lnea con el ttulo <b>PRUEBA</b>', 1, 'admin', 'student/online_exams/Mi0yLTE3', 'exam', 2, 17, '2024', 2),
(583, 11, 'student', '04/10/2024', '12:10 PM', 0, '<strong>Mr. Admin</strong> agreg un nuevo examen en lnea con el ttulo <b>PRUEBA</b>', 1, 'admin', 'student/online_exams/Mi0yLTE3', 'exam', 2, 17, '2024', 2),
(584, 12, 'student', '04/10/2024', '12:10 PM', 0, '<strong>Mr. Admin</strong> agreg un nuevo examen en lnea con el ttulo <b>PRUEBA</b>', 1, 'admin', 'student/online_exams/Mi0yLTE3', 'exam', 2, 17, '2024', 2),
(585, 13, 'student', '04/10/2024', '12:10 PM', 0, '<strong>Mr. Admin</strong> agreg un nuevo examen en lnea con el ttulo <b>PRUEBA</b>', 1, 'admin', 'student/online_exams/Mi0yLTE3', 'exam', 2, 17, '2024', 2),
(586, 14, 'student', '04/10/2024', '12:10 PM', 0, '<strong>Mr. Admin</strong> agreg un nuevo examen en lnea con el ttulo <b>PRUEBA</b>', 1, 'admin', 'student/online_exams/Mi0yLTE3', 'exam', 2, 17, '2024', 2),
(587, 15, 'student', '04/10/2024', '12:10 PM', 0, '<strong>Mr. Admin</strong> agreg un nuevo examen en lnea con el ttulo <b>PRUEBA</b>', 1, 'admin', 'student/online_exams/Mi0yLTE3', 'exam', 2, 17, '2024', 2),
(588, 16, 'student', '04/10/2024', '12:10 PM', 0, '<strong>Mr. Admin</strong> agreg un nuevo examen en lnea con el ttulo <b>PRUEBA</b>', 1, 'admin', 'student/online_exams/Mi0yLTE3', 'exam', 2, 17, '2024', 2),
(589, 17, 'student', '04/10/2024', '12:10 PM', 0, '<strong>Mr. Admin</strong> agreg un nuevo examen en lnea con el ttulo <b>PRUEBA</b>', 1, 'admin', 'student/online_exams/Mi0yLTE3', 'exam', 2, 17, '2024', 2),
(590, 18, 'student', '04/10/2024', '12:10 PM', 0, '<strong>Mr. Admin</strong> agreg un nuevo examen en lnea con el ttulo <b>PRUEBA</b>', 1, 'admin', 'student/online_exams/Mi0yLTE3', 'exam', 2, 17, '2024', 2),
(591, 3, 'student', '04/10/2024', '12:14 PM', 0, '<strong>Mr. Admin</strong> agreg un nuevo examen en lnea con el ttulo <b>PRUEBA 2</b>', 1, 'admin', 'student/online_exams/Mi0yLTE3', 'exam', 2, 17, '2024', 2),
(592, 4, 'student', '04/10/2024', '12:14 PM', 0, '<strong>Mr. Admin</strong> agreg un nuevo examen en lnea con el ttulo <b>PRUEBA 2</b>', 1, 'admin', 'student/online_exams/Mi0yLTE3', 'exam', 2, 17, '2024', 2),
(593, 5, 'student', '04/10/2024', '12:14 PM', 0, '<strong>Mr. Admin</strong> agreg un nuevo examen en lnea con el ttulo <b>PRUEBA 2</b>', 1, 'admin', 'student/online_exams/Mi0yLTE3', 'exam', 2, 17, '2024', 2),
(594, 6, 'student', '04/10/2024', '12:14 PM', 0, '<strong>Mr. Admin</strong> agreg un nuevo examen en lnea con el ttulo <b>PRUEBA 2</b>', 1, 'admin', 'student/online_exams/Mi0yLTE3', 'exam', 2, 17, '2024', 2),
(595, 7, 'student', '04/10/2024', '12:14 PM', 0, '<strong>Mr. Admin</strong> agreg un nuevo examen en lnea con el ttulo <b>PRUEBA 2</b>', 1, 'admin', 'student/online_exams/Mi0yLTE3', 'exam', 2, 17, '2024', 2),
(596, 8, 'student', '04/10/2024', '12:14 PM', 0, '<strong>Mr. Admin</strong> agreg un nuevo examen en lnea con el ttulo <b>PRUEBA 2</b>', 1, 'admin', 'student/online_exams/Mi0yLTE3', 'exam', 2, 17, '2024', 2),
(597, 9, 'student', '04/10/2024', '12:14 PM', 0, '<strong>Mr. Admin</strong> agreg un nuevo examen en lnea con el ttulo <b>PRUEBA 2</b>', 1, 'admin', 'student/online_exams/Mi0yLTE3', 'exam', 2, 17, '2024', 2),
(598, 10, 'student', '04/10/2024', '12:14 PM', 0, '<strong>Mr. Admin</strong> agreg un nuevo examen en lnea con el ttulo <b>PRUEBA 2</b>', 1, 'admin', 'student/online_exams/Mi0yLTE3', 'exam', 2, 17, '2024', 2),
(599, 11, 'student', '04/10/2024', '12:14 PM', 0, '<strong>Mr. Admin</strong> agreg un nuevo examen en lnea con el ttulo <b>PRUEBA 2</b>', 1, 'admin', 'student/online_exams/Mi0yLTE3', 'exam', 2, 17, '2024', 2),
(600, 12, 'student', '04/10/2024', '12:14 PM', 0, '<strong>Mr. Admin</strong> agreg un nuevo examen en lnea con el ttulo <b>PRUEBA 2</b>', 1, 'admin', 'student/online_exams/Mi0yLTE3', 'exam', 2, 17, '2024', 2),
(601, 13, 'student', '04/10/2024', '12:14 PM', 0, '<strong>Mr. Admin</strong> agreg un nuevo examen en lnea con el ttulo <b>PRUEBA 2</b>', 1, 'admin', 'student/online_exams/Mi0yLTE3', 'exam', 2, 17, '2024', 2),
(602, 14, 'student', '04/10/2024', '12:14 PM', 0, '<strong>Mr. Admin</strong> agreg un nuevo examen en lnea con el ttulo <b>PRUEBA 2</b>', 1, 'admin', 'student/online_exams/Mi0yLTE3', 'exam', 2, 17, '2024', 2),
(603, 15, 'student', '04/10/2024', '12:14 PM', 0, '<strong>Mr. Admin</strong> agreg un nuevo examen en lnea con el ttulo <b>PRUEBA 2</b>', 1, 'admin', 'student/online_exams/Mi0yLTE3', 'exam', 2, 17, '2024', 2),
(604, 16, 'student', '04/10/2024', '12:14 PM', 0, '<strong>Mr. Admin</strong> agreg un nuevo examen en lnea con el ttulo <b>PRUEBA 2</b>', 1, 'admin', 'student/online_exams/Mi0yLTE3', 'exam', 2, 17, '2024', 2),
(605, 17, 'student', '04/10/2024', '12:14 PM', 0, '<strong>Mr. Admin</strong> agreg un nuevo examen en lnea con el ttulo <b>PRUEBA 2</b>', 1, 'admin', 'student/online_exams/Mi0yLTE3', 'exam', 2, 17, '2024', 2),
(606, 18, 'student', '04/10/2024', '12:14 PM', 0, '<strong>Mr. Admin</strong> agreg un nuevo examen en lnea con el ttulo <b>PRUEBA 2</b>', 1, 'admin', 'student/online_exams/Mi0yLTE3', 'exam', 2, 17, '2024', 2),
(607, 3, 'student', '18/04/2024', '04:32 PM', 0, '<strong>Mr. Admin</strong> ha agregado un nuevo libro a la biblioteca para <b>COSMETOLOGIA</b>', 1, 'admin', 'student/library/', NULL, 0, 0, NULL, NULL),
(608, 4, 'student', '18/04/2024', '04:32 PM', 0, '<strong>Mr. Admin</strong> ha agregado un nuevo libro a la biblioteca para <b>COSMETOLOGIA</b>', 1, 'admin', 'student/library/', NULL, 0, 0, NULL, NULL),
(609, 5, 'student', '18/04/2024', '04:32 PM', 0, '<strong>Mr. Admin</strong> ha agregado un nuevo libro a la biblioteca para <b>COSMETOLOGIA</b>', 1, 'admin', 'student/library/', NULL, 0, 0, NULL, NULL),
(610, 6, 'student', '18/04/2024', '04:32 PM', 0, '<strong>Mr. Admin</strong> ha agregado un nuevo libro a la biblioteca para <b>COSMETOLOGIA</b>', 1, 'admin', 'student/library/', NULL, 0, 0, NULL, NULL),
(611, 7, 'student', '18/04/2024', '04:32 PM', 0, '<strong>Mr. Admin</strong> ha agregado un nuevo libro a la biblioteca para <b>COSMETOLOGIA</b>', 1, 'admin', 'student/library/', NULL, 0, 0, NULL, NULL),
(612, 8, 'student', '18/04/2024', '04:32 PM', 0, '<strong>Mr. Admin</strong> ha agregado un nuevo libro a la biblioteca para <b>COSMETOLOGIA</b>', 1, 'admin', 'student/library/', NULL, 0, 0, NULL, NULL),
(613, 9, 'student', '18/04/2024', '04:32 PM', 0, '<strong>Mr. Admin</strong> ha agregado un nuevo libro a la biblioteca para <b>COSMETOLOGIA</b>', 1, 'admin', 'student/library/', NULL, 0, 0, NULL, NULL),
(614, 10, 'student', '18/04/2024', '04:32 PM', 0, '<strong>Mr. Admin</strong> ha agregado un nuevo libro a la biblioteca para <b>COSMETOLOGIA</b>', 1, 'admin', 'student/library/', NULL, 0, 0, NULL, NULL),
(615, 11, 'student', '18/04/2024', '04:32 PM', 0, '<strong>Mr. Admin</strong> ha agregado un nuevo libro a la biblioteca para <b>COSMETOLOGIA</b>', 1, 'admin', 'student/library/', NULL, 0, 0, NULL, NULL),
(616, 12, 'student', '18/04/2024', '04:32 PM', 0, '<strong>Mr. Admin</strong> ha agregado un nuevo libro a la biblioteca para <b>COSMETOLOGIA</b>', 1, 'admin', 'student/library/', NULL, 0, 0, NULL, NULL),
(617, 13, 'student', '18/04/2024', '04:32 PM', 0, '<strong>Mr. Admin</strong> ha agregado un nuevo libro a la biblioteca para <b>COSMETOLOGIA</b>', 1, 'admin', 'student/library/', NULL, 0, 0, NULL, NULL),
(618, 14, 'student', '18/04/2024', '04:32 PM', 0, '<strong>Mr. Admin</strong> ha agregado un nuevo libro a la biblioteca para <b>COSMETOLOGIA</b>', 1, 'admin', 'student/library/', NULL, 0, 0, NULL, NULL),
(619, 15, 'student', '18/04/2024', '04:32 PM', 0, '<strong>Mr. Admin</strong> ha agregado un nuevo libro a la biblioteca para <b>COSMETOLOGIA</b>', 1, 'admin', 'student/library/', NULL, 0, 0, NULL, NULL),
(620, 16, 'student', '18/04/2024', '04:32 PM', 0, '<strong>Mr. Admin</strong> ha agregado un nuevo libro a la biblioteca para <b>COSMETOLOGIA</b>', 1, 'admin', 'student/library/', NULL, 0, 0, NULL, NULL),
(621, 17, 'student', '18/04/2024', '04:32 PM', 0, '<strong>Mr. Admin</strong> ha agregado un nuevo libro a la biblioteca para <b>COSMETOLOGIA</b>', 1, 'admin', 'student/library/', NULL, 0, 0, NULL, NULL),
(622, 18, 'student', '18/04/2024', '04:32 PM', 0, '<strong>Mr. Admin</strong> ha agregado un nuevo libro a la biblioteca para <b>COSMETOLOGIA</b>', 1, 'admin', 'student/library/', NULL, 0, 0, NULL, NULL),
(623, 19, 'student', '18/04/2024', '04:32 PM', 0, '<strong>Mr. Admin</strong> ha agregado un nuevo libro a la biblioteca para <b>COSMETOLOGIA</b>', 1, 'admin', 'student/library/', NULL, 0, 0, NULL, NULL),
(624, 20, 'student', '18/04/2024', '04:32 PM', 0, '<strong>Mr. Admin</strong> ha agregado un nuevo libro a la biblioteca para <b>COSMETOLOGIA</b>', 1, 'admin', 'student/library/', NULL, 0, 0, NULL, NULL),
(625, 21, 'student', '18/04/2024', '04:32 PM', 0, '<strong>Mr. Admin</strong> ha agregado un nuevo libro a la biblioteca para <b>COSMETOLOGIA</b>', 1, 'admin', 'student/library/', NULL, 0, 0, NULL, NULL),
(626, 22, 'student', '18/04/2024', '04:32 PM', 0, '<strong>Mr. Admin</strong> ha agregado un nuevo libro a la biblioteca para <b>COSMETOLOGIA</b>', 1, 'admin', 'student/library/', NULL, 0, 0, NULL, NULL),
(627, 23, 'student', '18/04/2024', '04:32 PM', 0, '<strong>Mr. Admin</strong> ha agregado un nuevo libro a la biblioteca para <b>COSMETOLOGIA</b>', 1, 'admin', 'student/library/', NULL, 0, 0, NULL, NULL),
(628, 24, 'student', '18/04/2024', '04:32 PM', 0, '<strong>Mr. Admin</strong> ha agregado un nuevo libro a la biblioteca para <b>COSMETOLOGIA</b>', 1, 'admin', 'student/library/', NULL, 0, 0, NULL, NULL),
(629, 25, 'student', '18/04/2024', '04:32 PM', 0, '<strong>Mr. Admin</strong> ha agregado un nuevo libro a la biblioteca para <b>COSMETOLOGIA</b>', 1, 'admin', 'student/library/', NULL, 0, 0, NULL, NULL),
(630, 26, 'student', '18/04/2024', '04:32 PM', 0, '<strong>Mr. Admin</strong> ha agregado un nuevo libro a la biblioteca para <b>COSMETOLOGIA</b>', 1, 'admin', 'student/library/', NULL, 0, 0, NULL, NULL),
(631, 27, 'student', '18/04/2024', '04:32 PM', 0, '<strong>Mr. Admin</strong> ha agregado un nuevo libro a la biblioteca para <b>COSMETOLOGIA</b>', 1, 'admin', 'student/library/', NULL, 0, 0, NULL, NULL),
(632, 28, 'student', '18/04/2024', '04:32 PM', 0, '<strong>Mr. Admin</strong> ha agregado un nuevo libro a la biblioteca para <b>COSMETOLOGIA</b>', 1, 'admin', 'student/library/', NULL, 0, 0, NULL, NULL),
(633, 29, 'student', '18/04/2024', '04:32 PM', 0, '<strong>Mr. Admin</strong> ha agregado un nuevo libro a la biblioteca para <b>COSMETOLOGIA</b>', 1, 'admin', 'student/library/', NULL, 0, 0, NULL, NULL),
(634, 30, 'student', '18/04/2024', '04:32 PM', 0, '<strong>Mr. Admin</strong> ha agregado un nuevo libro a la biblioteca para <b>COSMETOLOGIA</b>', 1, 'admin', 'student/library/', NULL, 0, 0, NULL, NULL),
(635, 31, 'student', '18/04/2024', '04:32 PM', 0, '<strong>Mr. Admin</strong> ha agregado un nuevo libro a la biblioteca para <b>COSMETOLOGIA</b>', 1, 'admin', 'student/library/', NULL, 0, 0, NULL, NULL),
(636, 32, 'student', '18/04/2024', '04:32 PM', 0, '<strong>Mr. Admin</strong> ha agregado un nuevo libro a la biblioteca para <b>COSMETOLOGIA</b>', 1, 'admin', 'student/library/', NULL, 0, 0, NULL, NULL),
(637, 33, 'student', '18/04/2024', '04:32 PM', 0, '<strong>Mr. Admin</strong> ha agregado un nuevo libro a la biblioteca para <b>COSMETOLOGIA</b>', 1, 'admin', 'student/library/', NULL, 0, 0, NULL, NULL),
(638, 34, 'student', '18/04/2024', '04:32 PM', 0, '<strong>Mr. Admin</strong> ha agregado un nuevo libro a la biblioteca para <b>COSMETOLOGIA</b>', 1, 'admin', 'student/library/', NULL, 0, 0, NULL, NULL),
(639, 35, 'student', '18/04/2024', '04:32 PM', 0, '<strong>Mr. Admin</strong> ha agregado un nuevo libro a la biblioteca para <b>COSMETOLOGIA</b>', 1, 'admin', 'student/library/', NULL, 0, 0, NULL, NULL),
(640, 1, 'admin', '18/04/2024', '04:45 PM', 0, '<strong>GOSVINDA  JHOANA CERDAN ABANTO</strong> ha solicitado un nuevo permiso de ausencia para', 3, 'student', 'admin/request', NULL, 0, 0, NULL, NULL),
(641, 0, 'parent', '18/04/2024', '04:46 PM', 0, '<strong>Mr. Admin</strong> Ha aprobado el permiso de ausencia para <b></b>', 1, 'admin', 'parents/request', NULL, 0, 0, NULL, NULL),
(642, 3, 'student', '29/04/2024', '11:55 AM', 0, '<strong>Mr. Admin</strong> agreg un nuevo examen en lnea con el ttulo <b>prueba</b>', 1, 'admin', 'student/online_exams/Mi0yLTI=', 'exam', 2, 2, '2024', 2),
(643, 4, 'student', '29/04/2024', '11:55 AM', 0, '<strong>Mr. Admin</strong> agreg un nuevo examen en lnea con el ttulo <b>prueba</b>', 1, 'admin', 'student/online_exams/Mi0yLTI=', 'exam', 2, 2, '2024', 2),
(644, 5, 'student', '29/04/2024', '11:55 AM', 0, '<strong>Mr. Admin</strong> agreg un nuevo examen en lnea con el ttulo <b>prueba</b>', 1, 'admin', 'student/online_exams/Mi0yLTI=', 'exam', 2, 2, '2024', 2),
(645, 6, 'student', '29/04/2024', '11:55 AM', 0, '<strong>Mr. Admin</strong> agreg un nuevo examen en lnea con el ttulo <b>prueba</b>', 1, 'admin', 'student/online_exams/Mi0yLTI=', 'exam', 2, 2, '2024', 2),
(646, 7, 'student', '29/04/2024', '11:55 AM', 0, '<strong>Mr. Admin</strong> agreg un nuevo examen en lnea con el ttulo <b>prueba</b>', 1, 'admin', 'student/online_exams/Mi0yLTI=', 'exam', 2, 2, '2024', 2);
INSERT INTO `notification` (`id`, `user_id`, `user_type`, `date`, `time`, `status`, `notify`, `original_id`, `original_type`, `url`, `type`, `class_id`, `subject_id`, `year`, `section_id`) VALUES
(647, 8, 'student', '29/04/2024', '11:55 AM', 0, '<strong>Mr. Admin</strong> agreg un nuevo examen en lnea con el ttulo <b>prueba</b>', 1, 'admin', 'student/online_exams/Mi0yLTI=', 'exam', 2, 2, '2024', 2),
(648, 9, 'student', '29/04/2024', '11:55 AM', 0, '<strong>Mr. Admin</strong> agreg un nuevo examen en lnea con el ttulo <b>prueba</b>', 1, 'admin', 'student/online_exams/Mi0yLTI=', 'exam', 2, 2, '2024', 2),
(649, 10, 'student', '29/04/2024', '11:55 AM', 0, '<strong>Mr. Admin</strong> agreg un nuevo examen en lnea con el ttulo <b>prueba</b>', 1, 'admin', 'student/online_exams/Mi0yLTI=', 'exam', 2, 2, '2024', 2),
(650, 11, 'student', '29/04/2024', '11:55 AM', 0, '<strong>Mr. Admin</strong> agreg un nuevo examen en lnea con el ttulo <b>prueba</b>', 1, 'admin', 'student/online_exams/Mi0yLTI=', 'exam', 2, 2, '2024', 2),
(651, 12, 'student', '29/04/2024', '11:55 AM', 0, '<strong>Mr. Admin</strong> agreg un nuevo examen en lnea con el ttulo <b>prueba</b>', 1, 'admin', 'student/online_exams/Mi0yLTI=', 'exam', 2, 2, '2024', 2),
(652, 13, 'student', '29/04/2024', '11:55 AM', 0, '<strong>Mr. Admin</strong> agreg un nuevo examen en lnea con el ttulo <b>prueba</b>', 1, 'admin', 'student/online_exams/Mi0yLTI=', 'exam', 2, 2, '2024', 2),
(653, 14, 'student', '29/04/2024', '11:55 AM', 0, '<strong>Mr. Admin</strong> agreg un nuevo examen en lnea con el ttulo <b>prueba</b>', 1, 'admin', 'student/online_exams/Mi0yLTI=', 'exam', 2, 2, '2024', 2),
(654, 15, 'student', '29/04/2024', '11:55 AM', 0, '<strong>Mr. Admin</strong> agreg un nuevo examen en lnea con el ttulo <b>prueba</b>', 1, 'admin', 'student/online_exams/Mi0yLTI=', 'exam', 2, 2, '2024', 2),
(655, 16, 'student', '29/04/2024', '11:55 AM', 0, '<strong>Mr. Admin</strong> agreg un nuevo examen en lnea con el ttulo <b>prueba</b>', 1, 'admin', 'student/online_exams/Mi0yLTI=', 'exam', 2, 2, '2024', 2),
(656, 17, 'student', '29/04/2024', '11:55 AM', 0, '<strong>Mr. Admin</strong> agreg un nuevo examen en lnea con el ttulo <b>prueba</b>', 1, 'admin', 'student/online_exams/Mi0yLTI=', 'exam', 2, 2, '2024', 2),
(657, 18, 'student', '29/04/2024', '11:55 AM', 0, '<strong>Mr. Admin</strong> agreg un nuevo examen en lnea con el ttulo <b>prueba</b>', 1, 'admin', 'student/online_exams/Mi0yLTI=', 'exam', 2, 2, '2024', 2),
(658, 3, 'student', '02/05/2024', '09:20 AM', 0, '<strong>Mr. Admin</strong> agreg un nuevo examen en lnea con el ttulo <b>PRUEBA 2024</b>', 1, 'admin', 'student/online_exams/Mi0yLTE3', 'exam', 2, 17, '2024', 2),
(659, 4, 'student', '02/05/2024', '09:20 AM', 0, '<strong>Mr. Admin</strong> agreg un nuevo examen en lnea con el ttulo <b>PRUEBA 2024</b>', 1, 'admin', 'student/online_exams/Mi0yLTE3', 'exam', 2, 17, '2024', 2),
(660, 5, 'student', '02/05/2024', '09:20 AM', 0, '<strong>Mr. Admin</strong> agreg un nuevo examen en lnea con el ttulo <b>PRUEBA 2024</b>', 1, 'admin', 'student/online_exams/Mi0yLTE3', 'exam', 2, 17, '2024', 2),
(661, 6, 'student', '02/05/2024', '09:20 AM', 0, '<strong>Mr. Admin</strong> agreg un nuevo examen en lnea con el ttulo <b>PRUEBA 2024</b>', 1, 'admin', 'student/online_exams/Mi0yLTE3', 'exam', 2, 17, '2024', 2),
(662, 7, 'student', '02/05/2024', '09:20 AM', 0, '<strong>Mr. Admin</strong> agreg un nuevo examen en lnea con el ttulo <b>PRUEBA 2024</b>', 1, 'admin', 'student/online_exams/Mi0yLTE3', 'exam', 2, 17, '2024', 2),
(663, 8, 'student', '02/05/2024', '09:20 AM', 0, '<strong>Mr. Admin</strong> agreg un nuevo examen en lnea con el ttulo <b>PRUEBA 2024</b>', 1, 'admin', 'student/online_exams/Mi0yLTE3', 'exam', 2, 17, '2024', 2),
(664, 9, 'student', '02/05/2024', '09:20 AM', 0, '<strong>Mr. Admin</strong> agreg un nuevo examen en lnea con el ttulo <b>PRUEBA 2024</b>', 1, 'admin', 'student/online_exams/Mi0yLTE3', 'exam', 2, 17, '2024', 2),
(665, 10, 'student', '02/05/2024', '09:20 AM', 0, '<strong>Mr. Admin</strong> agreg un nuevo examen en lnea con el ttulo <b>PRUEBA 2024</b>', 1, 'admin', 'student/online_exams/Mi0yLTE3', 'exam', 2, 17, '2024', 2),
(666, 11, 'student', '02/05/2024', '09:20 AM', 0, '<strong>Mr. Admin</strong> agreg un nuevo examen en lnea con el ttulo <b>PRUEBA 2024</b>', 1, 'admin', 'student/online_exams/Mi0yLTE3', 'exam', 2, 17, '2024', 2),
(667, 12, 'student', '02/05/2024', '09:20 AM', 0, '<strong>Mr. Admin</strong> agreg un nuevo examen en lnea con el ttulo <b>PRUEBA 2024</b>', 1, 'admin', 'student/online_exams/Mi0yLTE3', 'exam', 2, 17, '2024', 2),
(668, 13, 'student', '02/05/2024', '09:20 AM', 0, '<strong>Mr. Admin</strong> agreg un nuevo examen en lnea con el ttulo <b>PRUEBA 2024</b>', 1, 'admin', 'student/online_exams/Mi0yLTE3', 'exam', 2, 17, '2024', 2),
(669, 14, 'student', '02/05/2024', '09:20 AM', 0, '<strong>Mr. Admin</strong> agreg un nuevo examen en lnea con el ttulo <b>PRUEBA 2024</b>', 1, 'admin', 'student/online_exams/Mi0yLTE3', 'exam', 2, 17, '2024', 2),
(670, 15, 'student', '02/05/2024', '09:20 AM', 0, '<strong>Mr. Admin</strong> agreg un nuevo examen en lnea con el ttulo <b>PRUEBA 2024</b>', 1, 'admin', 'student/online_exams/Mi0yLTE3', 'exam', 2, 17, '2024', 2),
(671, 16, 'student', '02/05/2024', '09:20 AM', 0, '<strong>Mr. Admin</strong> agreg un nuevo examen en lnea con el ttulo <b>PRUEBA 2024</b>', 1, 'admin', 'student/online_exams/Mi0yLTE3', 'exam', 2, 17, '2024', 2),
(672, 17, 'student', '02/05/2024', '09:20 AM', 0, '<strong>Mr. Admin</strong> agreg un nuevo examen en lnea con el ttulo <b>PRUEBA 2024</b>', 1, 'admin', 'student/online_exams/Mi0yLTE3', 'exam', 2, 17, '2024', 2),
(673, 18, 'student', '02/05/2024', '09:20 AM', 0, '<strong>Mr. Admin</strong> agreg un nuevo examen en lnea con el ttulo <b>PRUEBA 2024</b>', 1, 'admin', 'student/online_exams/Mi0yLTE3', 'exam', 2, 17, '2024', 2),
(674, 3, 'student', '11/05/2024', '01:02 PM', 0, '<strong>Mr. Admin</strong> agreg un nuevo examen en lnea con el ttulo <b>pruebaa examen </b>', 1, 'admin', 'student/online_exams/Mi0yLTE3', 'exam', 2, 17, '2024', 2),
(675, 4, 'student', '11/05/2024', '01:02 PM', 0, '<strong>Mr. Admin</strong> agreg un nuevo examen en lnea con el ttulo <b>pruebaa examen </b>', 1, 'admin', 'student/online_exams/Mi0yLTE3', 'exam', 2, 17, '2024', 2),
(676, 5, 'student', '11/05/2024', '01:02 PM', 0, '<strong>Mr. Admin</strong> agreg un nuevo examen en lnea con el ttulo <b>pruebaa examen </b>', 1, 'admin', 'student/online_exams/Mi0yLTE3', 'exam', 2, 17, '2024', 2),
(677, 6, 'student', '11/05/2024', '01:02 PM', 0, '<strong>Mr. Admin</strong> agreg un nuevo examen en lnea con el ttulo <b>pruebaa examen </b>', 1, 'admin', 'student/online_exams/Mi0yLTE3', 'exam', 2, 17, '2024', 2),
(678, 7, 'student', '11/05/2024', '01:02 PM', 0, '<strong>Mr. Admin</strong> agreg un nuevo examen en lnea con el ttulo <b>pruebaa examen </b>', 1, 'admin', 'student/online_exams/Mi0yLTE3', 'exam', 2, 17, '2024', 2),
(679, 8, 'student', '11/05/2024', '01:02 PM', 0, '<strong>Mr. Admin</strong> agreg un nuevo examen en lnea con el ttulo <b>pruebaa examen </b>', 1, 'admin', 'student/online_exams/Mi0yLTE3', 'exam', 2, 17, '2024', 2),
(680, 9, 'student', '11/05/2024', '01:02 PM', 0, '<strong>Mr. Admin</strong> agreg un nuevo examen en lnea con el ttulo <b>pruebaa examen </b>', 1, 'admin', 'student/online_exams/Mi0yLTE3', 'exam', 2, 17, '2024', 2),
(681, 10, 'student', '11/05/2024', '01:02 PM', 0, '<strong>Mr. Admin</strong> agreg un nuevo examen en lnea con el ttulo <b>pruebaa examen </b>', 1, 'admin', 'student/online_exams/Mi0yLTE3', 'exam', 2, 17, '2024', 2),
(682, 11, 'student', '11/05/2024', '01:02 PM', 0, '<strong>Mr. Admin</strong> agreg un nuevo examen en lnea con el ttulo <b>pruebaa examen </b>', 1, 'admin', 'student/online_exams/Mi0yLTE3', 'exam', 2, 17, '2024', 2),
(683, 12, 'student', '11/05/2024', '01:02 PM', 0, '<strong>Mr. Admin</strong> agreg un nuevo examen en lnea con el ttulo <b>pruebaa examen </b>', 1, 'admin', 'student/online_exams/Mi0yLTE3', 'exam', 2, 17, '2024', 2),
(684, 13, 'student', '11/05/2024', '01:02 PM', 0, '<strong>Mr. Admin</strong> agreg un nuevo examen en lnea con el ttulo <b>pruebaa examen </b>', 1, 'admin', 'student/online_exams/Mi0yLTE3', 'exam', 2, 17, '2024', 2),
(685, 14, 'student', '11/05/2024', '01:02 PM', 0, '<strong>Mr. Admin</strong> agreg un nuevo examen en lnea con el ttulo <b>pruebaa examen </b>', 1, 'admin', 'student/online_exams/Mi0yLTE3', 'exam', 2, 17, '2024', 2),
(686, 15, 'student', '11/05/2024', '01:02 PM', 0, '<strong>Mr. Admin</strong> agreg un nuevo examen en lnea con el ttulo <b>pruebaa examen </b>', 1, 'admin', 'student/online_exams/Mi0yLTE3', 'exam', 2, 17, '2024', 2),
(687, 16, 'student', '11/05/2024', '01:02 PM', 0, '<strong>Mr. Admin</strong> agreg un nuevo examen en lnea con el ttulo <b>pruebaa examen </b>', 1, 'admin', 'student/online_exams/Mi0yLTE3', 'exam', 2, 17, '2024', 2),
(688, 17, 'student', '11/05/2024', '01:02 PM', 0, '<strong>Mr. Admin</strong> agreg un nuevo examen en lnea con el ttulo <b>pruebaa examen </b>', 1, 'admin', 'student/online_exams/Mi0yLTE3', 'exam', 2, 17, '2024', 2),
(689, 18, 'student', '11/05/2024', '01:02 PM', 0, '<strong>Mr. Admin</strong> agreg un nuevo examen en lnea con el ttulo <b>pruebaa examen </b>', 1, 'admin', 'student/online_exams/Mi0yLTE3', 'exam', 2, 17, '2024', 2);

-- --------------------------------------------------------

--
-- Struktur dari tabel `online_course`
--

CREATE TABLE `online_course` (
  `online_course_id` int(11) NOT NULL,
  `title` varchar(300) DEFAULT NULL,
  `class_id` int(11) DEFAULT NULL,
  `section_id` int(11) DEFAULT NULL,
  `subject_id` int(11) DEFAULT NULL,
  `lesson` int(11) DEFAULT NULL,
  `section` int(11) DEFAULT NULL,
  `status` int(11) DEFAULT NULL,
  `outcomes` varchar(300) DEFAULT NULL,
  `year` varchar(25) DEFAULT NULL,
  `user` varchar(50) DEFAULT NULL,
  `user_id` int(11) DEFAULT NULL,
  `provider` varchar(50) DEFAULT NULL,
  `embed` longtext DEFAULT NULL,
  `url_video` longtext DEFAULT NULL,
  `thumbnail` longtext DEFAULT NULL,
  `publish_date` varchar(300) DEFAULT NULL,
  `description` varchar(500) DEFAULT NULL
) ENGINE=MyISAM DEFAULT CHARSET=latin1 COLLATE=latin1_swedish_ci;

-- --------------------------------------------------------

--
-- Struktur dari tabel `online_exam`
--

CREATE TABLE `online_exam` (
  `online_exam_id` int(11) UNSIGNED NOT NULL,
  `code` varchar(255) DEFAULT '',
  `title` text DEFAULT NULL,
  `class_id` int(11) DEFAULT NULL,
  `section_id` int(11) DEFAULT NULL,
  `subject_id` int(11) DEFAULT NULL,
  `exam_date` int(11) DEFAULT NULL,
  `time_start` varchar(255) DEFAULT NULL,
  `time_end` varchar(255) DEFAULT NULL,
  `duration` text DEFAULT NULL COMMENT 'duration in second',
  `minimum_percentage` text DEFAULT NULL,
  `instruction` longtext DEFAULT NULL,
  `status` varchar(255) DEFAULT 'pending',
  `running_year` varchar(255) DEFAULT '',
  `wall_type` varchar(20) DEFAULT NULL,
  `publish_date` varchar(20) DEFAULT NULL,
  `uploader_type` varchar(20) DEFAULT NULL,
  `uploader_id` int(11) DEFAULT NULL,
  `upload_date` varchar(20) DEFAULT NULL,
  `exp` int(11) DEFAULT NULL,
  `password` varchar(200) DEFAULT NULL,
  `results` int(11) DEFAULT 0,
  `show_random` int(11) DEFAULT 0,
  `certificate` int(11) DEFAULT 0
) ENGINE=InnoDB DEFAULT CHARSET=utf8mb3 COLLATE=utf8mb3_unicode_ci;

--
-- Dumping data untuk tabel `online_exam`
--

INSERT INTO `online_exam` (`online_exam_id`, `code`, `title`, `class_id`, `section_id`, `subject_id`, `exam_date`, `time_start`, `time_end`, `duration`, `minimum_percentage`, `instruction`, `status`, `running_year`, `wall_type`, `publish_date`, `uploader_type`, `uploader_id`, `upload_date`, `exp`, `password`, `results`, `show_random`, `certificate`) VALUES
(3, '9a64855', 'PRUEBA', 2, 2, 17, 1712725200, '12:00:00', '18:00:00', '21600', '10', '&lt;p&gt;EXAMEN DE CORTE 1&lt;/p&gt;\r\n', 'published', '2024', 'exam', '2024-04-10 12:10:01', 'admin', 1, '04/10/2024 12:10PM', 10, '123456', 1, 1, 1),
(4, 'cfd83a3', 'PRUEBA 2', 2, 2, 17, 1712725200, '12:00:00', '13:00:00', '3600', '12', '&lt;p&gt;OK CHICAS&lt;/p&gt;\r\n', 'published', '2024', 'exam', '2024-04-10 12:14:08', 'admin', 1, '04/10/2024 12:14PM', 10, '123456', 1, NULL, 1),
(5, '07a25f9', 'prueba', 2, 2, 2, 1714366800, '00:00:00', '23:30:00', '84600', '10', '&lt;p&gt;PRUEBA DE PREGUNTAS?&lt;/p&gt;\r\n', 'published', '2024', 'exam', '2024-04-29 11:55:45', 'admin', 1, '29/04/2024 11:55AM', 200, '', 1, NULL, 1),
(6, '269a9b2', 'PRUEBA 2024', 2, 2, 17, 1714626000, '12:00:00', '12:50:00', '3000', '', '&lt;p&gt;1. CURSO DE MICROPIGMENTACION?&lt;/p&gt;\r\n\r\n&lt;p&gt;2. CARRERA DE COSMETOLOGIA&lt;/p&gt;\r\n', 'published', '2024', 'exam', '2024-05-02 09:20:00', 'admin', 1, '02/05/2024 09:20AM', 100, '', 1, NULL, 2),
(7, 'fd1870c', 'pruebaa examen ', 2, 2, 17, 1730782800, '00:00:00', '23:00:00', '82800', '', '&lt;p&gt;hacer las preguntas&amp;nbsp;&lt;/p&gt;\r\n', 'pending', '2024', 'exam', '2024-05-11 13:02:24', 'admin', 1, '11/05/2024 01:02PM', 100, '', 1, 1, 2);

-- --------------------------------------------------------

--
-- Struktur dari tabel `online_exam_result`
--

CREATE TABLE `online_exam_result` (
  `online_exam_result_id` int(11) UNSIGNED NOT NULL,
  `online_exam_id` int(11) DEFAULT NULL,
  `student_id` int(11) DEFAULT NULL,
  `answer_script` longtext DEFAULT NULL,
  `obtained_mark` text DEFAULT NULL,
  `status` text DEFAULT NULL,
  `exam_started_timestamp` longtext DEFAULT NULL,
  `result` text DEFAULT NULL
) ENGINE=InnoDB DEFAULT CHARSET=utf8mb3 COLLATE=utf8mb3_unicode_ci;

--
-- Dumping data untuk tabel `online_exam_result`
--

INSERT INTO `online_exam_result` (`online_exam_result_id`, `online_exam_id`, `student_id`, `answer_script`, `obtained_mark`, `status`, `exam_started_timestamp`, `result`) VALUES
(1, 2, 8, '[]', '0', 'submitted', '1712768270', 'pass'),
(2, 3, 8, '[{\"question_bank_id\":\"9\",\"submitted_answer\":\"true\",\"correct_answers\":\"true\"},{\"question_bank_id\":\"10\",\"submitted_answer\":\"[\\\"si\\\"]\",\"correct_answers\":\"[\\\"no se\\\"]\"},{\"question_bank_id\":\"11\",\"submitted_answer\":\"[\\\"1\\\"]\",\"correct_answers\":\"[\\\"\\\"]\"}]', '3', 'submitted', '1712769387', 'pass'),
(3, 4, 8, '[{\"question_bank_id\":\"12\",\"submitted_answer\":\"true\",\"correct_answers\":\"true\"}]', '4', 'submitted', '1712769516', 'pass'),
(4, 5, 3, '[{\"question_bank_id\":\"13\",\"submitted_answer\":\"true\",\"correct_answers\":\"true\"},{\"question_bank_id\":\"14\",\"submitted_answer\":\"[\\\"hola\\\"]\",\"correct_answers\":\"[\\\"coma\\\",\\\"silabos\\\"]\"},{\"question_bank_id\":\"15\",\"submitted_answer\":\"[\\\"3\\\"]\",\"correct_answers\":\"[\\\"\\\"]\"}]', '20', 'submitted', '1714410318', 'pass'),
(5, 6, 3, '[{\"question_bank_id\":\"16\",\"submitted_answer\":\"\",\"correct_answers\":\"true\"},{\"question_bank_id\":\"17\",\"submitted_answer\":\"[\\\"carlo\\\"]\",\"correct_answers\":\"[\\\"carlos\\\",\\\"auto\\\"]\"}]', '0', 'submitted', '1714670556', 'pass');

-- --------------------------------------------------------

--
-- Struktur dari tabel `online_quiz_result`
--

CREATE TABLE `online_quiz_result` (
  `online_quiz_result_id` int(11) NOT NULL,
  `quiz_id` int(11) DEFAULT NULL,
  `student_id` int(11) DEFAULT NULL,
  `answer_script` longtext DEFAULT NULL,
  `obtained_mark` text DEFAULT NULL,
  `status` text DEFAULT NULL,
  `result` text DEFAULT NULL
) ENGINE=MyISAM DEFAULT CHARSET=latin1 COLLATE=latin1_swedish_ci;

-- --------------------------------------------------------

--
-- Struktur dari tabel `online_users`
--

CREATE TABLE `online_users` (
  `id` int(11) NOT NULL,
  `session` longtext CHARACTER SET utf8mb3 COLLATE utf8mb3_unicode_ci NOT NULL,
  `time` longtext CHARACTER SET utf8mb3 COLLATE utf8mb3_unicode_ci NOT NULL,
  `id_usuario` int(11) DEFAULT NULL,
  `type` longtext CHARACTER SET utf8mb3 COLLATE utf8mb3_unicode_ci NOT NULL,
  `gp` longtext CHARACTER SET utf8mb3 COLLATE utf8mb3_unicode_ci NOT NULL
) ENGINE=MyISAM DEFAULT CHARSET=latin1 COLLATE=latin1_swedish_ci;

--
-- Dumping data untuk tabel `online_users`
--

INSERT INTO `online_users` (`id`, `session`, `time`, `id_usuario`, `type`, `gp`) VALUES
(222, '38a2e0406460bf7a591aa02d7728711f4f846ca7', '1719473572', 2, 'admin', '2-admin');

-- --------------------------------------------------------

--
-- Struktur dari tabel `parent`
--

CREATE TABLE `parent` (
  `parent_id` int(11) NOT NULL,
  `first_name` longtext NOT NULL,
  `last_name` varchar(200) NOT NULL,
  `email` longtext NOT NULL,
  `password` longtext NOT NULL,
  `phone` longtext NOT NULL,
  `address` longtext NOT NULL,
  `profession` longtext NOT NULL,
  `username` longtext NOT NULL,
  `gender` varchar(200) NOT NULL,
  `business` varchar(200) DEFAULT NULL,
  `idcard` varchar(200) DEFAULT NULL,
  `business_phone` varchar(200) DEFAULT NULL,
  `home_phone` varchar(200) DEFAULT NULL,
  `fb_token` varchar(500) DEFAULT NULL,
  `fb_id` varchar(500) DEFAULT NULL,
  `fb_photo` varchar(500) DEFAULT NULL,
  `fb_name` varchar(500) DEFAULT NULL,
  `g_oauth` varchar(500) DEFAULT NULL,
  `g_fname` varchar(500) DEFAULT NULL,
  `femail` varchar(500) DEFAULT NULL,
  `g_lname` varchar(500) DEFAULT NULL,
  `g_picture` varchar(500) DEFAULT NULL,
  `link` varchar(500) DEFAULT NULL,
  `g_email` varchar(500) DEFAULT NULL,
  `date` varchar(200) DEFAULT NULL,
  `image` longtext DEFAULT NULL,
  `since` varchar(200) DEFAULT NULL
) ENGINE=MyISAM DEFAULT CHARSET=utf8mb3 COLLATE=utf8mb3_unicode_ci;

-- --------------------------------------------------------

--
-- Struktur dari tabel `payment`
--

CREATE TABLE `payment` (
  `payment_id` int(11) NOT NULL,
  `expense_category_id` int(11) DEFAULT NULL,
  `title` longtext NOT NULL,
  `payment_type` longtext NOT NULL,
  `invoice_id` int(11) DEFAULT NULL,
  `student_id` int(11) DEFAULT NULL,
  `method` longtext NOT NULL,
  `description` longtext NOT NULL,
  `amount` longtext NOT NULL,
  `timestamp` longtext NOT NULL,
  `year` longtext DEFAULT NULL,
  `month` varchar(10) DEFAULT NULL
) ENGINE=MyISAM DEFAULT CHARSET=utf8mb3 COLLATE=utf8mb3_unicode_ci;

--
-- Dumping data untuk tabel `payment`
--

INSERT INTO `payment` (`payment_id`, `expense_category_id`, `title`, `payment_type`, `invoice_id`, `student_id`, `method`, `description`, `amount`, `timestamp`, `year`, `month`) VALUES
(1, NULL, 'COSMETOLOGIA', 'income', 1, 3, '1', '3 VECES X SEMANA', '130', '0', '2024', 'Mar');

-- --------------------------------------------------------

--
-- Struktur dari tabel `payment_gateways`
--

CREATE TABLE `payment_gateways` (
  `id` int(11) NOT NULL,
  `name` varchar(50) NOT NULL,
  `settings` longtext DEFAULT NULL,
  `status` int(11) NOT NULL DEFAULT 0
) ENGINE=InnoDB DEFAULT CHARSET=utf8mb4 COLLATE=utf8mb4_unicode_ci;

--
-- Dumping data untuk tabel `payment_gateways`
--

INSERT INTO `payment_gateways` (`id`, `name`, `settings`, `status`) VALUES
(1, 'paypal', '{\"sandbox\":\"0\",\"currency\":\"USD\",\"clientIdSandbox\":\"\",\"clientIdProduction\":\"\",\"sandbox_email\":\"\",\"production_email\":\"\"}', 0),
(2, 'stripe', '{\"test_mode\":\"0\",\"currency\":\"USD\",\"test_secret\":\"\",\"test_public_key\":\"\",\"live_secret_key\":\"\",\"live_public_key\":\"\"}', 0),
(3, 'razorpay', '{\"test_mode\":\"0\",\"currency\":\"USD\",\"test_key_id\":\"\",\"test_key_secret\":\"\",\"production_key_id\":\"\",\"production_key_secret\":\"\"}', 0),
(4, 'paystack', '{\"test_mode\":\"1\",\"currency\":\"USD\",\"test_public_key\":\"\",\"test_secret_key\":\"\",\"live_public_key\":\"\",\"live_secret_key\":\"\"}', 0),
(5, 'flutterwave', '{\"test_mode\":\"1\",\"currency\":\"USD\",\"test_public_key\":\"\",\"test_secret_key\":\"\",\"test_encryption_key\":\"\",\"live_public_key\":\"\",\"live_secret_key\":\"\",\"live_encryption_key\":\"\"}', 0);

-- --------------------------------------------------------

--
-- Struktur dari tabel `pending_users`
--

CREATE TABLE `pending_users` (
  `user_id` int(11) NOT NULL,
  `first_name` varchar(200) CHARACTER SET utf8mb3 COLLATE utf8mb3_unicode_ci DEFAULT NULL,
  `username` varchar(200) CHARACTER SET utf8mb3 COLLATE utf8mb3_unicode_ci DEFAULT NULL,
  `email` varchar(200) CHARACTER SET utf8mb3 COLLATE utf8mb3_unicode_ci DEFAULT NULL,
  `phone` varchar(200) CHARACTER SET utf8mb3 COLLATE utf8mb3_unicode_ci DEFAULT NULL,
  `last_name` varchar(200) CHARACTER SET utf8mb3 COLLATE utf8mb3_unicode_ci DEFAULT NULL,
  `birthday` varchar(200) CHARACTER SET utf8mb3 COLLATE utf8mb3_unicode_ci DEFAULT NULL,
  `password` varchar(200) CHARACTER SET utf8mb3 COLLATE utf8mb3_unicode_ci DEFAULT NULL,
  `class_id` int(11) DEFAULT NULL,
  `section_id` int(11) DEFAULT NULL,
  `profession` varchar(200) CHARACTER SET utf8mb3 COLLATE utf8mb3_unicode_ci DEFAULT NULL,
  `sex` varchar(200) CHARACTER SET utf8mb3 COLLATE utf8mb3_unicode_ci DEFAULT NULL,
  `parent_id` int(11) DEFAULT NULL,
  `type` varchar(10) CHARACTER SET utf8mb3 COLLATE utf8mb3_unicode_ci NOT NULL,
  `roll` varchar(200) CHARACTER SET utf8mb3 COLLATE utf8mb3_unicode_ci DEFAULT NULL,
  `since` varchar(20) CHARACTER SET utf8mb3 COLLATE utf8mb3_unicode_ci DEFAULT NULL
) ENGINE=MyISAM DEFAULT CHARSET=latin1 COLLATE=latin1_swedish_ci;

--
-- Dumping data untuk tabel `pending_users`
--

INSERT INTO `pending_users` (`user_id`, `first_name`, `username`, `email`, `phone`, `last_name`, `birthday`, `password`, `class_id`, `section_id`, `profession`, `sex`, `parent_id`, `type`, `roll`, `since`) VALUES
(1, NULL, NULL, NULL, NULL, NULL, NULL, 'da39a3ee5e6b4b0d3255bfef95601890afd80709', NULL, NULL, NULL, NULL, NULL, 'parent', NULL, '03/27'),
(2, NULL, NULL, NULL, NULL, NULL, NULL, 'da39a3ee5e6b4b0d3255bfef95601890afd80709', NULL, NULL, NULL, NULL, NULL, 'student', NULL, '03/27'),
(3, NULL, NULL, NULL, NULL, NULL, NULL, 'da39a3ee5e6b4b0d3255bfef95601890afd80709', NULL, NULL, NULL, NULL, NULL, 'teacher', NULL, '03/27'),
(4, NULL, NULL, NULL, NULL, NULL, NULL, 'da39a3ee5e6b4b0d3255bfef95601890afd80709', NULL, NULL, NULL, NULL, NULL, 'teacher', NULL, '04/05'),
(5, NULL, NULL, NULL, NULL, NULL, NULL, 'da39a3ee5e6b4b0d3255bfef95601890afd80709', NULL, NULL, NULL, NULL, NULL, 'parent', NULL, '04/06'),
(6, NULL, NULL, NULL, NULL, NULL, NULL, 'da39a3ee5e6b4b0d3255bfef95601890afd80709', NULL, NULL, NULL, NULL, NULL, 'student', NULL, '04/06');

-- --------------------------------------------------------

--
-- Struktur dari tabel `polls`
--

CREATE TABLE `polls` (
  `id` int(11) NOT NULL,
  `question` longtext CHARACTER SET utf8mb3 COLLATE utf8mb3_unicode_ci NOT NULL,
  `options` longtext CHARACTER SET utf8mb3 COLLATE utf8mb3_unicode_ci NOT NULL,
  `date` varchar(100) CHARACTER SET utf8mb3 COLLATE utf8mb3_unicode_ci NOT NULL,
  `user` varchar(100) CHARACTER SET utf8mb3 COLLATE utf8mb3_unicode_ci NOT NULL,
  `poll_code` varchar(100) CHARACTER SET utf8mb3 COLLATE utf8mb3_unicode_ci NOT NULL,
  `status` int(11) NOT NULL DEFAULT 0,
  `date2` varchar(200) CHARACTER SET utf8mb3 COLLATE utf8mb3_unicode_ci DEFAULT NULL,
  `type` varchar(20) CHARACTER SET utf8mb3 COLLATE utf8mb3_unicode_ci DEFAULT NULL,
  `publish_date` varchar(20) CHARACTER SET utf8mb3 COLLATE utf8mb3_unicode_ci DEFAULT NULL,
  `admin_id` int(11) DEFAULT NULL,
  `class_id` int(11) NOT NULL DEFAULT 0,
  `section_id` int(11) NOT NULL DEFAULT 0,
  `subject_id` int(11) NOT NULL DEFAULT 0
) ENGINE=MyISAM DEFAULT CHARSET=latin1 COLLATE=latin1_swedish_ci;

-- --------------------------------------------------------

--
-- Struktur dari tabel `poll_response`
--

CREATE TABLE `poll_response` (
  `id` int(11) NOT NULL,
  `poll_code` varchar(100) CHARACTER SET utf8mb3 COLLATE utf8mb3_unicode_ci NOT NULL,
  `answer` longtext CHARACTER SET utf8mb3 COLLATE utf8mb3_unicode_ci NOT NULL,
  `date` varchar(100) CHARACTER SET utf8mb3 COLLATE utf8mb3_unicode_ci NOT NULL,
  `user` varchar(100) CHARACTER SET utf8mb3 COLLATE utf8mb3_unicode_ci NOT NULL,
  `date2` varchar(200) CHARACTER SET utf8mb3 COLLATE utf8mb3_unicode_ci DEFAULT NULL
) ENGINE=MyISAM DEFAULT CHARSET=latin1 COLLATE=latin1_swedish_ci;

-- --------------------------------------------------------

--
-- Struktur dari tabel `progress_course`
--

CREATE TABLE `progress_course` (
  `progress_course_id` int(11) NOT NULL,
  `student_id` int(11) DEFAULT NULL,
  `online_course_id` int(11) DEFAULT NULL,
  `count_lesson` int(11) DEFAULT NULL,
  `lesson_id` int(11) DEFAULT NULL,
  `quiz_id` int(11) DEFAULT NULL
) ENGINE=MyISAM DEFAULT CHARSET=latin1 COLLATE=latin1_swedish_ci;

-- --------------------------------------------------------

--
-- Struktur dari tabel `question_bank`
--

CREATE TABLE `question_bank` (
  `question_bank_id` int(11) UNSIGNED NOT NULL,
  `online_exam_id` int(11) DEFAULT NULL,
  `question_title` longtext DEFAULT NULL,
  `type` varchar(255) DEFAULT NULL,
  `number_of_options` int(11) DEFAULT NULL,
  `options` longtext DEFAULT NULL,
  `correct_answers` longtext DEFAULT NULL,
  `mark` varchar(255) DEFAULT NULL,
  `image` longtext DEFAULT NULL
) ENGINE=InnoDB DEFAULT CHARSET=utf8mb3 COLLATE=utf8mb3_unicode_ci;

--
-- Dumping data untuk tabel `question_bank`
--

INSERT INTO `question_bank` (`question_bank_id`, `online_exam_id`, `question_title`, `type`, `number_of_options`, `options`, `correct_answers`, `mark`, `image`) VALUES
(5, 2, 'DVERBVRB', 'true_false', NULL, NULL, 'true', '12', NULL),
(6, 2, 'DVVERBTNYTNM', 'fill_in_the_blanks', NULL, NULL, '[\"si es correcti\"]', '10', NULL),
(7, 2, 'GFBRE4NN', 'image', 2, '[]', '[\"\"]', '5', NULL),
(8, 2, 'BT4BB3', 'image', 2, '[]', '[\"\"]', '13', NULL),
(9, 3, 'COMO SE LLAMA ', 'true_false', NULL, NULL, 'true', '3', NULL),
(10, 3, 'ESTA LIBRE', 'fill_in_the_blanks', NULL, NULL, '[\"no se\"]', '6', NULL),
(11, 3, 'SI PUEDES', 'image', 2, '[]', '[\"\"]', '10', NULL),
(12, 4, 'DVEV E', 'true_false', NULL, NULL, 'true', '4', NULL),
(13, 5, 'FALSO?', 'true_false', NULL, NULL, 'true', '20', NULL),
(14, 5, 'BLANO=', 'fill_in_the_blanks', NULL, NULL, '[\"coma\",\"silabos\"]', '20', NULL),
(15, 5, 'COMO SE LLAMA FIGURA?', 'image', 3, '[]', '[\"\"]', '20', NULL),
(16, 6, 'como se apellida?', 'true_false', NULL, NULL, 'true', '10', NULL),
(17, 6, 'el seo _ se compro_', 'fill_in_the_blanks', NULL, NULL, '[\"carlos\",\"auto\"]', '100', NULL),
(18, 6, 'como se llama ?', 'image', 4, '[]', '[\"\"]', '20', NULL),
(19, 4, 'demo', 'multiple_choice', 2, '[\"opcion 1\",\"opcion 2\"]', '[\"1\"]', '5', NULL),
(20, 7, 'como se llama ', 'multiple_choice', 3, '[\"hola\",\"chau \",\"ma\\u00f1ana \"]', '[\"1\"]', '20', NULL);

-- --------------------------------------------------------

--
-- Struktur dari tabel `question_paper`
--

CREATE TABLE `question_paper` (
  `question_paper_id` int(11) NOT NULL,
  `title` longtext DEFAULT NULL,
  `question_paper` longtext DEFAULT NULL,
  `class_id` int(11) DEFAULT NULL,
  `exam_id` int(11) DEFAULT NULL,
  `teacher_id` int(11) DEFAULT NULL
) ENGINE=InnoDB DEFAULT CHARSET=utf8mb3 COLLATE=utf8mb3_unicode_ci;

-- --------------------------------------------------------

--
-- Struktur dari tabel `quiz`
--

CREATE TABLE `quiz` (
  `quiz_id` int(11) NOT NULL,
  `title` varchar(500) DEFAULT NULL,
  `section_online_id` int(11) DEFAULT NULL,
  `online_course_id` int(11) DEFAULT NULL,
  `instruction` longtext DEFAULT NULL
) ENGINE=MyISAM DEFAULT CHARSET=latin1 COLLATE=latin1_swedish_ci;

-- --------------------------------------------------------

--
-- Struktur dari tabel `quiz_bank`
--

CREATE TABLE `quiz_bank` (
  `quiz_bank_id` int(11) NOT NULL,
  `quiz_id` int(11) DEFAULT NULL,
  `question_title` longtext DEFAULT NULL,
  `number_of_options` varchar(255) DEFAULT NULL,
  `options` longtext NOT NULL,
  `correct_answers` longtext NOT NULL,
  `mark` varchar(255) NOT NULL
) ENGINE=MyISAM DEFAULT CHARSET=latin1 COLLATE=latin1_swedish_ci;

-- --------------------------------------------------------

--
-- Struktur dari tabel `readed`
--

CREATE TABLE `readed` (
  `readed_id` int(11) NOT NULL,
  `user_id` int(11) DEFAULT NULL,
  `user_type` varchar(50) CHARACTER SET utf8mb3 COLLATE utf8mb3_unicode_ci DEFAULT NULL,
  `activity_code` varchar(50) CHARACTER SET utf8mb3 COLLATE utf8mb3_unicode_ci DEFAULT NULL,
  `date` varchar(200) CHARACTER SET utf8mb3 COLLATE utf8mb3_unicode_ci DEFAULT NULL
) ENGINE=MyISAM DEFAULT CHARSET=latin1 COLLATE=latin1_swedish_ci;

--
-- Dumping data untuk tabel `readed`
--

INSERT INTO `readed` (`readed_id`, `user_id`, `user_type`, `activity_code`, `date`) VALUES
(2, 1, 'admin', '1', '03/21 15:04:58'),
(3, 1, 'admin', '7', '03/22 12:29:41'),
(4, 1, 'admin', '8', '03/22 13:12:35'),
(5, 1, 'admin', '9', '03/22 19:07:55'),
(6, 3, 'student', '9', '03/22 21:47:37'),
(7, 1, 'admin', '10', '04/05 14:54:36'),
(8, 2, 'teacher', '10', '04/05 14:55:15'),
(9, 3, 'student', '10', '04/05 14:57:32'),
(10, 3, 'teacher', '10', '04/08 16:55:05'),
(11, 4, 'student', '10', '04/09 13:45:43'),
(12, 26, 'student', '10', '04/09 13:46:13'),
(13, 17, 'student', '10', '04/09 13:46:39'),
(14, 6, 'student', '10', '04/10 09:39:21'),
(15, 8, 'student', '10', '04/09/2024 17:20:32'),
(16, 15, 'student', '10', '27/04/2024 17:06:52'),
(17, 2, 'admin', '10', '13/05/2024 17:34:37'),
(18, 12, 'student', '10', '26/06/2024 10:42:40');

-- --------------------------------------------------------

--
-- Struktur dari tabel `reporte_alumnos`
--

CREATE TABLE `reporte_alumnos` (
  `report_id` int(11) NOT NULL,
  `title` longtext CHARACTER SET utf8mb3 COLLATE utf8mb3_unicode_ci NOT NULL,
  `report_code` longtext CHARACTER SET utf8mb3 COLLATE utf8mb3_unicode_ci NOT NULL,
  `priority` longtext CHARACTER SET utf8mb3 COLLATE utf8mb3_unicode_ci NOT NULL,
  `description` longtext CHARACTER SET utf8mb3 COLLATE utf8mb3_unicode_ci DEFAULT NULL,
  `student_id` int(11) NOT NULL,
  `teacher_id` int(11) NOT NULL,
  `timestamp` longtext CHARACTER SET utf8mb3 COLLATE utf8mb3_unicode_ci NOT NULL,
  `status` int(11) DEFAULT 0,
  `file` longtext CHARACTER SET utf8mb3 COLLATE utf8mb3_unicode_ci DEFAULT NULL
) ENGINE=InnoDB DEFAULT CHARSET=latin1 COLLATE=latin1_swedish_ci;

-- --------------------------------------------------------

--
-- Struktur dari tabel `reporte_mensaje`
--

CREATE TABLE `reporte_mensaje` (
  `report_message_id` int(11) NOT NULL,
  `report_code` longtext CHARACTER SET utf8mb3 COLLATE utf8mb3_unicode_ci NOT NULL,
  `message` longtext CHARACTER SET utf8mb3 COLLATE utf8mb3_unicode_ci NOT NULL,
  `sender_type` longtext CHARACTER SET utf8mb3 COLLATE utf8mb3_unicode_ci NOT NULL,
  `sender_id` int(11) NOT NULL,
  `timestamp` longtext CHARACTER SET utf8mb3 COLLATE utf8mb3_unicode_ci NOT NULL
) ENGINE=InnoDB DEFAULT CHARSET=latin1 COLLATE=latin1_swedish_ci;

-- --------------------------------------------------------

--
-- Struktur dari tabel `reports`
--

CREATE TABLE `reports` (
  `id` int(11) NOT NULL,
  `student_id` int(11) NOT NULL,
  `user_id` varchar(600) CHARACTER SET utf8mb3 COLLATE utf8mb3_unicode_ci NOT NULL,
  `title` longtext CHARACTER SET utf8mb3 COLLATE utf8mb3_unicode_ci NOT NULL,
  `description` longtext CHARACTER SET utf8mb3 COLLATE utf8mb3_unicode_ci NOT NULL,
  `class_id` int(11) NOT NULL,
  `section_id` int(11) NOT NULL,
  `priority` varchar(100) CHARACTER SET utf8mb3 COLLATE utf8mb3_unicode_ci NOT NULL,
  `file` longtext CHARACTER SET utf8mb3 COLLATE utf8mb3_unicode_ci DEFAULT NULL,
  `status` int(11) NOT NULL,
  `date` varchar(600) CHARACTER SET utf8mb3 COLLATE utf8mb3_unicode_ci NOT NULL,
  `code` varchar(600) CHARACTER SET utf8mb3 COLLATE utf8mb3_unicode_ci NOT NULL
) ENGINE=MyISAM DEFAULT CHARSET=latin1 COLLATE=latin1_swedish_ci;

--
-- Dumping data untuk tabel `reports`
--

INSERT INTO `reports` (`id`, `student_id`, `user_id`, `title`, `description`, `class_id`, `section_id`, `priority`, `file`, `status`, `date`, `code`) VALUES
(2, 3, 'admin-1', 'MALA CONDUCTA PRUEBA', 'NO SE PORTO BIEN ', 2, 2, 'media', NULL, 0, '18/04/2024', 'df036dd');

-- --------------------------------------------------------

--
-- Struktur dari tabel `report_response`
--

CREATE TABLE `report_response` (
  `message_id` int(11) NOT NULL,
  `message` longtext CHARACTER SET utf8mb3 COLLATE utf8mb3_unicode_ci NOT NULL,
  `date` varchar(600) CHARACTER SET utf8mb3 COLLATE utf8mb3_unicode_ci NOT NULL,
  `report_code` varchar(100) CHARACTER SET utf8mb3 COLLATE utf8mb3_unicode_ci NOT NULL,
  `sender_type` varchar(100) CHARACTER SET utf8mb3 COLLATE utf8mb3_unicode_ci NOT NULL,
  `sender_id` int(11) NOT NULL
) ENGINE=MyISAM DEFAULT CHARSET=latin1 COLLATE=latin1_swedish_ci;

-- --------------------------------------------------------

--
-- Struktur dari tabel `request`
--

CREATE TABLE `request` (
  `request_id` int(11) NOT NULL,
  `teacher_id` int(11) NOT NULL,
  `start_date` longtext NOT NULL,
  `end_date` longtext NOT NULL,
  `status` int(11) NOT NULL DEFAULT 0 COMMENT '0 = pending, 1 = accepted, 2 = rejected',
  `description` longtext NOT NULL,
  `title` longtext NOT NULL,
  `file` longtext DEFAULT NULL
) ENGINE=InnoDB DEFAULT CHARSET=utf8mb3 COLLATE=utf8mb3_unicode_ci;

-- --------------------------------------------------------

--
-- Struktur dari tabel `section`
--

CREATE TABLE `section` (
  `section_id` int(11) NOT NULL,
  `name` longtext NOT NULL,
  `class_id` int(11) NOT NULL,
  `teacher_id` int(11) DEFAULT NULL
) ENGINE=InnoDB DEFAULT CHARSET=utf8mb3 COLLATE=utf8mb3_unicode_ci;

--
-- Dumping data untuk tabel `section`
--

INSERT INTO `section` (`section_id`, `name`, `class_id`, `teacher_id`) VALUES
(2, '10 A 1PM', 2, 2),
(3, '2 A 5PM', 2, 2),
(5, 'M - J 10 A 1 PM', 3, 8),
(8, 'A', 4, NULL),
(9, '5 A 8PM', 2, 2),
(13, '10 A 1 PM', 5, 5),
(14, 'B MIERCOLES', 4, 6),
(15, '5 A 8 PM', 6, 0),
(16, 'SECCIN 10 A 1 PM', 7, 9),
(17, '5 A 8 PM', 5, 10);

-- --------------------------------------------------------

--
-- Struktur dari tabel `section_online`
--

CREATE TABLE `section_online` (
  `section_online_id` int(11) NOT NULL,
  `name` varchar(300) DEFAULT NULL,
  `online_course_id` int(11) DEFAULT NULL
) ENGINE=MyISAM DEFAULT CHARSET=latin1 COLLATE=latin1_swedish_ci;

-- --------------------------------------------------------

--
-- Struktur dari tabel `settings`
--

CREATE TABLE `settings` (
  `settings_id` int(11) NOT NULL,
  `type` longtext CHARACTER SET utf8mb3 COLLATE utf8mb3_unicode_ci NOT NULL,
  `description` longtext CHARACTER SET utf8mb3 COLLATE utf8mb3_unicode_ci DEFAULT NULL
) ENGINE=MyISAM DEFAULT CHARSET=latin1 COLLATE=latin1_swedish_ci;

--
-- Dumping data untuk tabel `settings`
--

INSERT INTO `settings` (`settings_id`, `type`, `description`) VALUES
(1, 'system_name', 'Nazarethnet'),
(2, 'system_title', 'AULA VIRTUAL'),
(3, 'address', 'Av. Los Virreyes Mz R1 Lt11 , 2 etapa,  Urb Ceres -  Ate Vitarte'),
(4, 'phone', '913 504 475'),
(5, 'paypal_email', 'no disponemos'),
(6, 'currency', 'S/'),
(7, 'system_email', 'nazarethcetpro@gmail.com'),
(20, 'municipio', NULL),
(11, 'language', 'spanish'),
(13, 'minimark', '50'),
(16, 'timezone', 'America/Lima'),
(18, 'msg91_code', '0'),
(21, 'running_year', '2024'),
(22, 'facebook', 'https://www.facebook.com/InstitutoDeCosmetologiaNazareth'),
(23, 'twitter', ''),
(24, 'instagram', 'https://www.instagram.com/nazarethinstitute/'),
(25, 'youtube', 'https://www.youtube.com/@cetpronazareth'),
(26, 'sms_status', 'twilio'),
(27, 'msg91_key', NULL),
(28, 'msg91_sender', NULL),
(29, 'msg91_route', NULL),
(30, 'buyer', 'nazarethnet'),
(31, 'purchase_code', '875eda91-6d63-4f15-8a4a-665c1f43b913'),
(32, 'clickatell_username', NULL),
(33, 'clickatell_password', NULL),
(34, 'clickatell_api', NULL),
(35, 'twilio_account', 'ACc860d97f2a1c0940928b5968a2dbb780'),
(36, 'authentication_token', '1bec455c6d0c9a644b0f219712bd3cf2'),
(37, 'registered_phone', '+19513765198'),
(38, 'absences', NULL),
(39, 'students_reports', '1'),
(40, 'p_new_invoice', NULL),
(41, 's_new_invoice', NULL),
(42, 'new_homework', NULL),
(43, 'register', ''),
(44, 'facebook_sync', ''),
(45, 'google_sync', 'nazarethcetpro@gmail.com'),
(46, 'facebook_login', ''),
(47, 'google_login', 'Nazareth2024'),
(48, 'social_login', '1'),
(49, 'favicon', 'a4b600c8cefa5ebcf1f783894cddbb73logonazarethinstitute.png'),
(50, 'logow', 'eb56eb51a7168919728b573ad403f11flogonazarethinstitute.png'),
(51, 'logo', 'e0be4208a38304de945062dba9b202adlogopequeito-02.jpg'),
(52, 'logocolor', '6ec8d3ab0e71c79bb4805a22fabbdd00logo-color.png'),
(53, 'icon_white', 'a16b48969203911c527095be9e019060logodeaulavirtualnazareth.png'),
(55, 'bglogin', 'c96a2f50df044211835dc89b58d5f751FONDOPARANAZARETHNET_Mesadetrabajo1.jpg'),
(56, 'date_format', 'd/m/Y'),
(57, 'calendar', 'es'),
(58, 'logs', '0'),
(59, 'stat', '1'),
(60, 'protocol', NULL),
(61, 'smtp_host', NULL),
(62, 'smtp_port', NULL),
(63, 'smtp_user', NULL),
(64, 'smtp_pass', NULL),
(65, 'charset', NULL),
(66, 'frontend', '1'),
(67, 'start_1', '18:10'),
(68, 'final_1', '20:00'),
(69, 'class_duration', '180'),
(70, 'start_2', '18:10'),
(71, 'final_2', '20:00'),
(72, 'zoom_key', 'ZVy6A59pSAqdUUZ818n1eg'),
(73, 'zoom_secret', 'DpBO79iYIEBwebnBOfP9I4aFJaKMUDdG'),
(74, 'access_token', '{\"access_token\":\"ya29.a0AXooCgvXUipoTF-1h_3Gxb1oCVm7PqkvMMhMKhLnS6asATVr214B3BsPbbrOUkUAQt9PkXiZBnPcRW5k1PUf8Vmf8AgVODU6cgCDVtbfUEgdx03GpwT33BwbALS7AWvuLRg6GyQCrJFOIhfGlB0D8aowt_3DMxlF-YkpaCgYKAegSARESFQHGX2MiCAwosjvQRpYbxQQ1z45uFA0171\",\"expires_in\":3599,\"refresh_token\":\"1\\/\\/05v9KLqR4j7rcCgYIARAAGAUSNwF-L9Ir1tVLA0dyDsyjipAuSQeIy7GNVkDtlTF333u8tt27P_N4bjPHsws2_vqiw_H4ywP2ctA\",\"scope\":\"https:\\/\\/www.googleapis.com\\/auth\\/userinfo.profile https:\\/\\/www.googleapis.com\\/auth\\/userinfo.email openid https:\\/\\/www.googleapis.com\\/auth\\/drive\",\"token_type\":\"Bearer\",\"id_token\":\"eyJhbGciOiJSUzI1NiIsImtpZCI6ImEzYjc2MmY4NzFjZGIzYmFlMDA0NGM2NDk2MjJmYzEzOTZlZGEzZTMiLCJ0eXAiOiJKV1QifQ.eyJpc3MiOiJhY2NvdW50cy5nb29nbGUuY29tIiwiYXpwIjoiODIxNzA3MzA0MTItN2RvY3AxNWVxY3ZoNHN1NXQ0YWs3ZjNhM3NuN3Zxb2YuYXBwcy5nb29nbGV1c2VyY29udGVudC5jb20iLCJhdWQiOiI4MjE3MDczMDQxMi03ZG9jcDE1ZXFjdmg0c3U1dDRhazdmM2Ezc243dnFvZi5hcHBzLmdvb2dsZXVzZXJjb250ZW50LmNvbSIsInN1YiI6IjEwMDg4MzA2MDY1OTI1ODIyNTgxOCIsImVtYWlsIjoibmF6YXJldGhjZXRwcm9AZ21haWwuY29tIiwiZW1haWxfdmVyaWZpZWQiOnRydWUsImF0X2hhc2giOiJ5M242NWxIZzFPRThUci0yd01Jd253IiwiaWF0IjoxNzE1NDUwMzA1LCJleHAiOjE3MTU0NTM5MDV9.DjCpweZr5Z7Ock4Fa6f5xyV7Rs8Zn7phnI6w7WRavaejLXurFZ20T7DB48wBE6zqcIDeaiLSx-TS6LUC4lrRkbmuwqv8E6HM3PABLK2PjUUnRg0Av7P8XxZg8Fb5bGQlemP0mtpGF8bW3LvnAwp2DGN1yyvQUXxHnC0O7cS0tMyGq9WxayoYFWzOVebzX-WwBIwWWVFw9-AWaUSmufqlQquwveKaIpU2IoYleP2wY_QutG4TOfYtCaY32z8kXJL-jiVLMjI14V7yD1UyEHfTMFPt4AtZOn1246aDDho7K-mYnEuEMbHe7jqkb0aUpKsgCyXtxVAB_UxMI8QH3MPRsQ\",\"created\":1715450305}'),
(75, 'clientId', '82170730412-7docp15eqcvh4su5t4ak7f3a3sn7vqof.apps.googleusercontent.com'),
(76, 'ClientSecret', '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'),
(77, 'account_id', '08346575543337335647'),
(78, 'account_name', 'Cetpro Nazareth'),
(79, 'account_image', 'https://lh3.googleusercontent.com/a/ACg8ocJVSkPa_YpGxpMlldC7VzIqpo9UNyrGbYOKcg4AY7wtF-obaiR-=s64'),
(80, 'account_email', 'nazarethcetpro@gmail.com'),
(81, 'account_limit', '16106127360'),
(82, 'account_usage', '15572134192'),
(83, 'school_folder', 'aHR0cHM6Ly9uYXphcmV0aG5ldC5jb20v'),
(84, 'school_folderId', '1bjPufD-RRiVHITGK6_D8rH4RIbbXO00_'),
(85, 'delete_drive', '1'),
(86, 'refreshed', '');

-- --------------------------------------------------------

--
-- Struktur dari tabel `student`
--

CREATE TABLE `student` (
  `student_id` int(11) NOT NULL,
  `first_name` varchar(200) NOT NULL,
  `last_name` text CHARACTER SET utf8mb3 COLLATE utf8mb3_general_ci NOT NULL,
  `birthday` longtext DEFAULT NULL,
  `sex` longtext NOT NULL,
  `address` longtext DEFAULT NULL,
  `phone` longtext DEFAULT NULL,
  `email` longtext DEFAULT NULL,
  `password` longtext NOT NULL,
  `parent_id` int(11) DEFAULT NULL,
  `dormitory_id` int(11) DEFAULT NULL,
  `transport_id` int(11) DEFAULT NULL,
  `student_session` int(11) NOT NULL DEFAULT 1,
  `username` longtext NOT NULL,
  `date` longtext NOT NULL,
  `board` int(11) DEFAULT 0,
  `fb_token` varchar(500) DEFAULT NULL,
  `fb_id` varchar(500) DEFAULT NULL,
  `fb_photo` varchar(500) DEFAULT NULL,
  `fb_name` varchar(500) DEFAULT NULL,
  `g_oauth` varchar(500) DEFAULT NULL,
  `g_fname` varchar(500) DEFAULT NULL,
  `femail` varchar(500) DEFAULT NULL,
  `g_lname` varchar(500) DEFAULT NULL,
  `g_picture` varchar(500) DEFAULT NULL,
  `link` varchar(500) DEFAULT NULL,
  `g_email` varchar(500) DEFAULT NULL,
  `solvencia` int(11) NOT NULL DEFAULT 1,
  `class_id` int(11) NOT NULL,
  `image` longtext DEFAULT NULL,
  `since` varchar(20) DEFAULT NULL,
  `diseases` varchar(500) DEFAULT NULL,
  `allergies` varchar(500) DEFAULT NULL,
  `doctor` varchar(200) DEFAULT NULL,
  `doctor_phone` varchar(200) DEFAULT NULL,
  `authorized_person` varchar(200) DEFAULT NULL,
  `authorized_phone` varchar(200) DEFAULT NULL,
  `note` varchar(500) DEFAULT NULL,
  `year` varchar(20) DEFAULT NULL
) ENGINE=InnoDB DEFAULT CHARSET=utf8mb3 COLLATE=utf8mb3_unicode_ci;

--
-- Dumping data untuk tabel `student`
--

INSERT INTO `student` (`student_id`, `first_name`, `last_name`, `birthday`, `sex`, `address`, `phone`, `email`, `password`, `parent_id`, `dormitory_id`, `transport_id`, `student_session`, `username`, `date`, `board`, `fb_token`, `fb_id`, `fb_photo`, `fb_name`, `g_oauth`, `g_fname`, `femail`, `g_lname`, `g_picture`, `link`, `g_email`, `solvencia`, `class_id`, `image`, `since`, `diseases`, `allergies`, `doctor`, `doctor_phone`, `authorized_person`, `authorized_phone`, `note`, `year`) VALUES
(3, 'GOSVINDA  JHOANA', 'CERDAN ABANTO', '', 'F', '', '972757475', '46327672@nazareth.com', 'a075b5f856a94eef83d53cc69d3a83c4fc32c8b1', 0, 1, 0, 1, '46327672', '', 0, NULL, NULL, NULL, NULL, NULL, NULL, NULL, NULL, NULL, NULL, NULL, 1, 0, NULL, '03/21', '', '', '', '', '', '', '', NULL),
(4, ' MARICIELO NAYELI', 'RUBINA ESTACIO', '', 'F', '', ' 914460976', '60003168@gmail.com', '73b0a9dea402d799ebc750df5f688dae14094c4b', 0, 0, 0, 1, '60003168', '', 0, NULL, NULL, NULL, NULL, NULL, NULL, NULL, NULL, NULL, NULL, NULL, 1, 0, NULL, '03/21', '', '', '', '', '', '', '', NULL),
(5, ' RUBY MAYERLY', 'SEGUNDO ESTACIO', '', 'F', '', '913970248', '74946208@nazareth.com', '0c796a550484cfb041cb22181a08a632dd0a68b7', 0, 1, 0, 1, '74946208', '', 0, NULL, NULL, NULL, NULL, NULL, NULL, NULL, NULL, NULL, NULL, NULL, 1, 0, NULL, '03/21', '', '', '', '', '', '', '', NULL),
(6, 'NELVITA PORFIRIA', 'PAPA ABURTO', '', 'F', '', '992503953', '72603272@nazareth.com', 'b7ade26f7e682df31c4e1fd5fb2ad7983d9ad32c', 0, 1, 0, 1, '72603272', '', 0, NULL, NULL, NULL, NULL, NULL, NULL, NULL, NULL, NULL, NULL, NULL, 1, 0, NULL, '03/21', '', '', '', '', '', '', '', NULL),
(7, 'NATHALY', 'ZUBILETE ROJAS', '', 'F', '', '964044563', '72953198@nazareth.com', 'b15f289028e70171d0fd3543cb6c1e9ffbb6297f', 0, 1, 0, 1, '72953198', '', 0, NULL, NULL, NULL, NULL, NULL, NULL, NULL, NULL, NULL, NULL, NULL, 1, 0, NULL, '03/21', '', '', '', '', '', '', '', NULL),
(8, 'KATHY ROSMERY', 'ESLAVA YAURICASA', '', 'F', '', '944137098', '71901494@nazareth.com', '7640dc88661551dd5ff8b7461c7a32de491698dd', 0, 1, 0, 1, '71901494', '', 0, NULL, NULL, NULL, NULL, NULL, NULL, NULL, NULL, NULL, NULL, NULL, 1, 0, NULL, '03/21', '', '', '', '', '', '', '', NULL),
(9, 'NANCY', 'CARBAJAL CASTRO', '', 'F', 'Servicios', '994427405', '9842676@nazareth.com', '2214264dba5a208a4ec65bc3e9fc60a8d381fda0', 0, 1, 0, 1, '9842676', '', 0, NULL, NULL, NULL, NULL, NULL, NULL, NULL, NULL, NULL, NULL, NULL, 1, 0, NULL, '03/21', '', '', '', '', '', '', '', NULL),
(10, 'GLORIA MERCEDES', 'VIVAS BARTOLO,', '', 'F', '', '990464655', '21121402@nazareth.com', '8bedd8f911ac4e0ff3acb265c46b111426222075', 0, 1, 0, 1, '21121402', '', 0, NULL, NULL, NULL, NULL, NULL, NULL, NULL, NULL, NULL, NULL, NULL, 1, 0, NULL, '03/21', '', '', '', '', '', '', '', NULL),
(11, 'MARIBEL ALEJANDRINA', 'GARCIA LINO', '', 'F', '', '941521168', '40143425@nazareth.com', 'bc1d1d3e32cd5c7c5400fcd13b7c6ed9411b784b', 0, 1, 0, 1, '40143425', '', 0, NULL, NULL, NULL, NULL, NULL, NULL, NULL, NULL, NULL, NULL, NULL, 1, 0, NULL, '03/21', '', '', '', '', '', '', '', NULL),
(12, 'ANDREA VALERIA', 'RUIZ QUISPE', '', 'F', '', '912947952', '61343049@nazareth.com', '7c222fb2927d828af22f592134e8932480637c0d', 0, 1, 1, 1, '61343049', '', 0, NULL, NULL, NULL, NULL, NULL, NULL, NULL, NULL, NULL, NULL, NULL, 1, 0, NULL, '03/21', '', '', '', '', '', '', 'ESTILISMO : TRATAMIENTO CAPILAR - CEPILLADO Y PLANDO - CORTE DE CABELLO - TINTE - ONDULACION - TINTE', NULL),
(13, 'ROSAURA ELENA', 'ARONE ORELLANA', '', 'F', '', '927708925', '42994879@nazareth.com', '4e3b695a001a8839a09c8a708001800701502e59', 0, 1, 0, 1, '42994879', '', 0, NULL, NULL, NULL, NULL, NULL, NULL, NULL, NULL, NULL, NULL, NULL, 1, 0, NULL, '03/21', '', '', '', '', '', '', '', NULL),
(14, 'BRITNEY ', 'PRADO RAMIREZ', '', 'F', '', '964266905', '74447253@nazareth.com', '4d20400a36524d98b1b7e4aa0bc9d691f3ee91c8', 0, 1, 0, 1, '74447253', '', 0, NULL, NULL, NULL, NULL, NULL, NULL, NULL, NULL, NULL, NULL, NULL, 1, 0, NULL, '03/21', '', '', '', '', '', '', 'CURSO LIBRE: CEPILLADO ', NULL),
(15, ' ANA CRISTHINNA', 'VALDIVIEZO LLIUYA', '', 'F', '', '925858474', '75466440@nazareth.com', 'b08bf10cffb37764094c8c17c57857ed50afbdd7', 0, 1, 0, 1, '75466440', '', 0, NULL, NULL, NULL, NULL, NULL, NULL, NULL, NULL, NULL, NULL, NULL, 1, 0, NULL, '03/21', '', '', '', '', '', '', '', NULL),
(16, 'LIZBETH', 'PEREZ MEDINA', '', 'F', '', '920426599', '44934890@nazareth.com', 'e8d3a039d2d21a6cdf84b3e0ee5c5ed503b13e08', 0, 1, 0, 1, '44934890', '', 0, NULL, NULL, NULL, NULL, NULL, NULL, NULL, NULL, NULL, NULL, NULL, 1, 0, NULL, '03/21', '', '', '', '', '', '', '', NULL),
(17, 'MILAGROS', 'LLACCTAHUAMAN ALBAN,', '', 'F', '', '987027227', '42791430@nazareth.com', 'a3c82cd057846d161eeabd1adf3850541a0799e4', 0, 1, 0, 1, '42791430', '', 0, NULL, NULL, NULL, NULL, NULL, NULL, NULL, NULL, NULL, NULL, NULL, 1, 0, NULL, '03/21', '', '', '', '', '', '', '', NULL),
(18, 'KARINA JOVANNA', 'RAMOS RAMIREZ,', '', 'F', '', '906217927', '46439525@nazareth.com', 'e0531d2b885c5242c9d11de7d59de439a27a25c4', 0, 1, 0, 1, '46439525', '', 0, NULL, NULL, NULL, NULL, NULL, NULL, NULL, NULL, NULL, NULL, NULL, 1, 0, NULL, '03/21', '', '', '', '', '', '', '', NULL),
(19, 'MARIA FERNANDA', 'FLORES HERREA', '', 'F', '', '983226931', '75858103@nazareth.com', 'ca5c3d5d9cee6af184d89853c08c2cc17de9c12b', 0, 1, 0, 1, '75858103', '', 0, NULL, NULL, NULL, NULL, NULL, NULL, NULL, NULL, NULL, NULL, NULL, 1, 0, NULL, '03/21', '', '', '', '', '', '', '', NULL),
(20, 'LORENA ALEXANDRA', 'OLIVARES ASENCIO', '', 'F', '', '929176960', '60598936@nazareth.com', 'b12659ed2979e5d559b246e7ffd73c507878f492', 0, 1, 0, 1, '60598936', '', 0, NULL, NULL, NULL, NULL, NULL, NULL, NULL, NULL, NULL, NULL, NULL, 1, 0, NULL, '03/21', '', '', '', '', '', '', '', NULL),
(21, 'AIDEE', 'ARTEAGA PINO', '', 'F', '', '918057480', '47213235@nazareth.com', '1a8f5c60cc358c9f3fb8da7bb043090fee8f00ff', 0, 1, 0, 1, '47213235', '', 0, NULL, NULL, NULL, NULL, NULL, NULL, NULL, NULL, NULL, NULL, NULL, 1, 0, NULL, '03/21', '', '', '', '', '', '', '', NULL),
(22, 'ROSALINA ', 'CASTRO SANCHEZ', '', 'F', '', '916373505', '73583522@nazareth.com', '8525b472d17f15253f59974b93d9a74731dfa639', 0, 1, 0, 1, '73583522', '', 0, NULL, NULL, NULL, NULL, NULL, NULL, NULL, NULL, NULL, NULL, NULL, 1, 0, NULL, '03/21', '', '', '', '', '', '', '', NULL),
(23, ' BETZABE RUTH', 'RAMOS CIRINEO', '', 'F', '', '931904106', '72553150@nazareth.com', 'daeca46fac1033ad7d923821423b7e2a788fade1', 0, 1, 0, 1, '72553150', '', 0, NULL, NULL, NULL, NULL, NULL, NULL, NULL, NULL, NULL, NULL, NULL, 1, 0, NULL, '03/21', '', '', '', '', '', '', '', NULL),
(24, 'YOLISA', 'VILLANUEVA ATERO ', '', 'F', '', '993237690', '73545574@nazareth.com', 'c57749185b207a8d955d9d94ac6323d2ea985699', 0, 1, 0, 1, '73545574', '', 0, NULL, NULL, NULL, NULL, NULL, NULL, NULL, NULL, NULL, NULL, NULL, 1, 0, NULL, '03/21', '', '', '', '', '', '', '', NULL),
(25, 'ANGIE MAGDALENA', 'CAYO ROJAS,', '', 'F', '', '921096238', '75202912@nazareth.com', '2c1957bdf4757880480610898fe4606386bb0047', 0, 1, 0, 1, '75202912', '', 0, NULL, NULL, NULL, NULL, NULL, NULL, NULL, NULL, NULL, NULL, NULL, 1, 0, NULL, '03/21', '', '', '', '', '', '', '', NULL),
(26, 'JACKELINE', 'GALVEZ FABIAN', '', 'F', '', '907841219', '47765019@nazareth.com', 'ee0d0ef44f8a55841190413e4157eeac052579da', 0, 1, 0, 1, '47765019', '', 0, NULL, NULL, NULL, NULL, NULL, NULL, NULL, NULL, NULL, NULL, NULL, 1, 0, NULL, '03/21', '', '', '', '', '', '', '', NULL),
(27, 'NAYDELIN JEANETTE', 'ARENAZA RAMOS', '', 'F', '', '991031308', '74024720@nazareth.com', '2bf22b32da4ec1b1078de92ff767d6c18a2f174b', 0, 1, 0, 1, '74024720', '', 0, NULL, NULL, NULL, NULL, NULL, NULL, NULL, NULL, NULL, NULL, NULL, 1, 0, NULL, '03/21', '', '', '', '', '', '', '', NULL),
(28, 'LESLY NEYLITH', 'ABANTO CHAVEZ', '', 'F', '', '927559581', '73266934@nazareth.com', '83a5a7898c7596311e1f054662d0ee1b52dc216a', 0, 1, 0, 1, '73266934', '', 0, NULL, NULL, NULL, NULL, NULL, NULL, NULL, NULL, NULL, NULL, NULL, 1, 0, NULL, '03/21', '', '', '', '', '', '', '', NULL),
(29, 'MARICARMEN', 'CONDOR HUANCA', '', 'F', '', '943311074', '72138853@nazareth.com', 'b5a5998ed21f4809c9764001d91e3efd51fc57cb', 0, 1, 0, 1, '72138853', '', 0, NULL, NULL, NULL, NULL, NULL, NULL, NULL, NULL, NULL, NULL, NULL, 1, 0, NULL, '03/21', '', '', '', '', '', '', '', NULL),
(30, 'NORMA ', 'MONTES ESPINOZA', '', 'F', '', '916629233', '80589273@nazareth.com', 'f533091c7304bef10a6aa450994c6d1d5687b17b', 0, 1, 0, 1, '80589273', '', 0, NULL, NULL, NULL, NULL, NULL, NULL, NULL, NULL, NULL, NULL, NULL, 1, 0, NULL, '03/21', '', '', '', '', '', '', '', NULL),
(31, 'NOEMI ELENA', 'AQUINO GARCIA', '', 'F', '', '999926814', '44674136@nazareth.com', '3e23fda482e98bbaeb4aa4fafd80719d0ba07953', 0, 1, 0, 1, '44674136', '', 0, NULL, NULL, NULL, NULL, NULL, NULL, NULL, NULL, NULL, NULL, NULL, 1, 0, NULL, '03/21', '', '', '', '', '', '', '', NULL),
(32, 'LUJAN', 'HILDA REYES ', '', 'F', '', '902634777', '48516732@nazareth.com', '42150a8b368e21bda7099beab77dbe744a52058d', 0, 1, 0, 1, '48516732', '', 0, NULL, NULL, NULL, NULL, NULL, NULL, NULL, NULL, NULL, NULL, NULL, 1, 0, NULL, '03/21', '', '', '', '', '', '', '', NULL),
(33, 'MARIA MERCEDES', 'YUTO  TRUJILLO', '', 'F', '', '919061753', '60143653@nazareth.com', '928428eddd689b23bd74ecece20330973cd2c451', 0, 1, 0, 1, '60143653', '', 0, NULL, NULL, NULL, NULL, NULL, NULL, NULL, NULL, NULL, NULL, NULL, 1, 0, NULL, '03/21', '', '', '', '', '', '', '', NULL),
(34, 'ANA MILAGRITOS', 'SILVA CUBAS', '', 'F', '', '986160272 ', '60511272@nazareth.com', '0c62abb6cb805ae3ac33f4bdab68a598182b53fc', 0, 1, 0, 1, '60511272', '', 0, NULL, NULL, NULL, NULL, NULL, NULL, NULL, NULL, NULL, NULL, NULL, 1, 0, NULL, '03/21', '', '', '', '', '', '', '', NULL),
(35, 'MADELY', 'ARROYO NATEROS', '', 'F', '', '992829848', '73592640@nazareth.com', '94966fd10f6770f4ec61b0533ed5b138e38ea27a', 0, 1, 0, 1, '73592640', '', 0, NULL, NULL, NULL, NULL, NULL, NULL, NULL, NULL, NULL, NULL, NULL, 1, 0, NULL, '03/21', '', '', '', '', '', '', '', NULL);

-- --------------------------------------------------------

--
-- Struktur dari tabel `students_request`
--

CREATE TABLE `students_request` (
  `request_id` int(11) NOT NULL,
  `student_id` int(11) NOT NULL,
  `parent_id` int(11) DEFAULT NULL,
  `start_date` longtext CHARACTER SET utf8mb3 COLLATE utf8mb3_unicode_ci NOT NULL,
  `end_date` longtext CHARACTER SET utf8mb3 COLLATE utf8mb3_unicode_ci NOT NULL,
  `status` longtext CHARACTER SET utf8mb3 COLLATE utf8mb3_unicode_ci NOT NULL,
  `description` longtext CHARACTER SET utf8mb3 COLLATE utf8mb3_unicode_ci NOT NULL,
  `title` longtext CHARACTER SET utf8mb3 COLLATE utf8mb3_unicode_ci NOT NULL
) ENGINE=InnoDB DEFAULT CHARSET=latin1 COLLATE=latin1_swedish_ci;

--
-- Dumping data untuk tabel `students_request`
--

INSERT INTO `students_request` (`request_id`, `student_id`, `parent_id`, `start_date`, `end_date`, `status`, `description`, `title`) VALUES
(1, 3, 0, '04/18/2024', '04/18/2024', '1', 'DESCRIPCION PRUEBA', 'PRUEBA MOTIVO');

-- --------------------------------------------------------

--
-- Struktur dari tabel `student_gamification`
--

CREATE TABLE `student_gamification` (
  `id` int(11) NOT NULL,
  `subject_id` int(11) DEFAULT NULL,
  `class_id` int(11) DEFAULT NULL,
  `section_id` int(11) DEFAULT NULL,
  `student_id` int(11) DEFAULT NULL,
  `date` varchar(200) DEFAULT NULL,
  `exp` varchar(50) DEFAULT NULL,
  `year` varchar(200) DEFAULT NULL,
  `activity_id` int(250) DEFAULT NULL,
  `activity_type` varchar(200) DEFAULT NULL
) ENGINE=MyISAM DEFAULT CHARSET=latin1 COLLATE=latin1_swedish_ci;

--
-- Dumping data untuk tabel `student_gamification`
--

INSERT INTO `student_gamification` (`id`, `subject_id`, `class_id`, `section_id`, `student_id`, `date`, `exp`, `year`, `activity_id`, `activity_type`) VALUES
(12, 9, 2, 2, 3, '08/04/2024', '10', '2024', 9, 'homework');

-- --------------------------------------------------------

--
-- Struktur dari tabel `subject`
--

CREATE TABLE `subject` (
  `subject_id` int(11) NOT NULL,
  `name` longtext NOT NULL,
  `class_id` int(11) NOT NULL,
  `teacher_id` int(11) DEFAULT NULL,
  `year` longtext NOT NULL,
  `la1` varchar(500) DEFAULT 'Lab 1.',
  `la2` varchar(500) DEFAULT 'Lab 2.',
  `la3` varchar(500) DEFAULT 'Lab 3.',
  `la4` varchar(500) DEFAULT 'Lab 4.',
  `la5` varchar(500) DEFAULT 'Lab 5.',
  `la6` varchar(500) DEFAULT 'Lab 6.',
  `la7` varchar(500) DEFAULT 'Lab 7.',
  `la8` varchar(500) DEFAULT 'Lab 8.',
  `la9` varchar(500) DEFAULT 'Lab 9.',
  `la10` varchar(500) DEFAULT 'Lab 10.',
  `type` varchar(200) DEFAULT NULL,
  `section_id` int(11) NOT NULL,
  `color` varchar(20) DEFAULT NULL,
  `icon` longtext DEFAULT NULL,
  `levels` int(11) DEFAULT NULL,
  `addon_title` varchar(600) DEFAULT NULL,
  `addon_description` varchar(600) DEFAULT NULL,
  `gamification` int(11) DEFAULT NULL,
  `online_exam` int(11) DEFAULT NULL,
  `homework` int(11) DEFAULT NULL,
  `live_class` int(11) DEFAULT NULL,
  `forum` int(11) DEFAULT NULL,
  `study_material` longtext CHARACTER SET utf8mb4 COLLATE utf8mb4_unicode_ci DEFAULT NULL,
  `deliveries` longtext CHARACTER SET utf8mb4 COLLATE utf8mb4_unicode_ci DEFAULT NULL,
  `about` longtext DEFAULT NULL,
  `drive_folder` longtext CHARACTER SET utf8mb4 COLLATE utf8mb4_unicode_ci DEFAULT NULL,
  `online_exams` longtext CHARACTER SET utf8mb4 COLLATE utf8mb4_unicode_ci DEFAULT NULL,
  `homeworks` longtext CHARACTER SET utf8mb4 COLLATE utf8mb4_unicode_ci DEFAULT NULL,
  `forums` longtext CHARACTER SET utf8mb4 COLLATE utf8mb4_unicode_ci DEFAULT NULL
) ENGINE=InnoDB DEFAULT CHARSET=utf8mb3 COLLATE=utf8mb3_unicode_ci;

--
-- Dumping data untuk tabel `subject`
--

INSERT INTO `subject` (`subject_id`, `name`, `class_id`, `teacher_id`, `year`, `la1`, `la2`, `la3`, `la4`, `la5`, `la6`, `la7`, `la8`, `la9`, `la10`, `type`, `section_id`, `color`, `icon`, `levels`, `addon_title`, `addon_description`, `gamification`, `online_exam`, `homework`, `live_class`, `forum`, `study_material`, `deliveries`, `about`, `drive_folder`, `online_exams`, `homeworks`, `forums`) VALUES
(2, 'TRATAMIENTO CAPILAR', 2, 2, '2024', 'prueba 40', 'lavado ', 'enjuague', 'PRACT 4', 'PRACT 5', 'PRACT 6', 'PRACT 7', 'PRACT 8', 'exposicion', 'PRACT 10', NULL, 2, '5E1EFF', 'c4f9f69aeb8a49d677417fe60fe6161alaceado-organico-conoce-los-beneficios-de-este-tratamiento-capilar-22c00.jpg', NULL, NULL, NULL, NULL, NULL, NULL, NULL, 0, '', '', '24 PRCTICAS DE TRATAMIENTO CAPILAR QUIMICO Y NATURAL', '1ZPLcjZ-tQwLK1zBcSKS6emhmtvMAdwQ7', '', '', NULL),
(3, 'CEPILLADO Y PLANCHADO', 2, 2, '2024', 'Lab 1.', 'Lab 2.', 'Lab 3.', 'Lab 4.', 'Lab 5.', 'Lab 6.', 'Lab 7.', 'Lab 8.', 'Lab 9.', 'Lab 10.', NULL, 3, '0084FF', '53cb7436ee81c64f283a5e2e12ed0993cepillo_ancho.jpg', NULL, NULL, NULL, NULL, NULL, NULL, NULL, 0, '', '', '30 PRCTICAS DE CEPILLADO Y PLANCHADO ( HASTA 2 PRCTICAS X CLASE)', '1KFJC--ryraWRxwDuqbWsJWH5YrQxTS0x', '', '', NULL),
(4, 'CEPILLADO Y PLANCHADO', 2, 2, '2024', 'PRACT 1 ', 'PRACT 2', 'PRACT 3', 'PRACT 4', 'PRACT 5', 'PRACT 6', 'PRACT 7', 'PRACT 8', 'PRACT 9', 'PRACT 10', NULL, 2, '0084FF', '4d194def86f723a77dc28371630dbd83cepillo_ancho.jpg', NULL, NULL, NULL, NULL, NULL, NULL, NULL, 0, '', '', '30 PRCTICAS DE CEPILLADO Y PLANCHADO ( HASTA 2 PRCTICAS X CLASE)', '1Dwu061hJIF4gogya9rGqtGjVv0VnC0Cb', '', '', NULL),
(5, 'CORTE DE CABELLO - DAMAS ', 2, 2, '2024', 'PRACT 1', 'PRACT 2', 'PRACT 3', 'PRACT 4', 'PRACT 5', 'PRACT 6', 'PRACT 7', 'PRACT 8', 'PRACT 9', 'PRACT 10', NULL, 2, '0084FF', 'a773fd0db19c1dce947c9b9cc03d5f18gettyimages-675902016-1640085445.jpg', NULL, NULL, NULL, NULL, NULL, NULL, NULL, 0, '', '', '40 PRCTICAS DE CORTE DE CABELLO \r\n2 PRCTICAS EN CLASE  (APOYO EN CASA 1 )', '1scHhrEcn-w6us4jz-DqgKPnmbHSAksYC', '', '', NULL),
(9, 'PEINADO', 2, 2, '2024', 'PRACT 1', 'PRACT 2', 'PRACT 3', 'PRACT 4', 'PRACT 5', 'PRACT 6', 'PRACT 7', 'PRACT 8', 'PRACT 9', 'PRACT 10', NULL, 2, '0084FF', '2397ce480b8eb03e74ff92e40f4e00fd3565e1c0f7ad828f49bdcb462dbd18f4.jpg', 3, 'NIVELES ', 'Lo nico imposible es aquello que no intentas', 1, 1, 1, 1, 0, '', '', '24 PRCTICAS DE PEINADO SOCIAL Y ARTISTICO\r\n2 PRCTICAS X CLASE', '1Pn8kIQ2gBgH69k3jr0CwVpZvm0H6ApQ_', '', '', NULL),
(11, 'TRATAMIENTO CAPILAR', 2, 2, '2024', 'Lab 1.', 'Lab 2.', 'Lab 3.', 'Lab 4.', 'Lab 5.', 'Lab 6.', 'Lab 7.', 'Lab 8.', 'Lab 9.', 'Lab 10.', NULL, 9, '0084FF', '68876deb16e7fcdd526053dc3bd37442laceado-organico-conoce-los-beneficios-de-este-tratamiento-capilar-22c00.jpg', NULL, NULL, NULL, NULL, NULL, NULL, NULL, NULL, NULL, NULL, '24 PRCTICAS DE TRATAMIENTO CAPILAR QUIMICO Y NATURAL', NULL, NULL, NULL, NULL),
(12, 'CEPILLADO Y PLANCHADO', 2, 2, '2024', 'Lab 1.', 'Lab 2.', 'Lab 3.', 'Lab 4.', 'Lab 5.', 'Lab 6.', 'Lab 7.', 'Lab 8.', 'Lab 9.', 'Lab 10.', NULL, 9, '0084FF', 'bd4eec15ba42ffb12633ee1d600d46e5cepillo_ancho.jpg', NULL, NULL, NULL, NULL, NULL, NULL, NULL, NULL, NULL, NULL, '30 PRCTICAS DE CEPILLADO Y PLANCHADO ( HASTA 2 PRCTICAS X CLASE)', NULL, NULL, NULL, NULL),
(13, 'TRATAMIENTO CAPILAR', 2, 2, '2024', 'Lab 1.', 'Lab 2.', 'Lab 3.', 'Lab 4.', 'Lab 5.', 'Lab 6.', 'Lab 7.', 'Lab 8.', 'Lab 9.', 'Lab 10.', NULL, 3, '0084FF', 'dc226b0a2d5c07afd9582c7e94e09798laceado-organico-conoce-los-beneficios-de-este-tratamiento-capilar-22c00.jpg', NULL, NULL, NULL, NULL, NULL, NULL, NULL, NULL, NULL, NULL, '24 PRCTICAS DE TRATAMIENTO CAPILAR QUIMICO Y NATURAL', '1bGo-hkgf647P6GuzA_isqX9wRvj4iQUe', NULL, NULL, NULL),
(14, 'TINTE Y COLORIMETRIA', 2, 3, '2024', 'PRACT 1', 'PRACT 2', 'PRACT 3', 'PRACT 4', 'PRACT 5', 'PRACT 6', 'PRACT 7', 'PRACT 8', 'PRACT 9', 'PRACT 10', NULL, 2, '0084FF', '4e915d4f2d144fb87b8cec0e2e1374c0450_1000.jpeg', NULL, NULL, NULL, NULL, NULL, NULL, NULL, NULL, NULL, NULL, '57 PRCTICAS DE TINTE DE CABELLO \r\n2 PRCTICAS X CLASE', '1kBxOMETg9Rcp2_3UCAqQ7_0fnpwZddyj', NULL, NULL, NULL),
(15, 'ALISADO', 2, 3, '2024', 'PRACT 1', 'PRACT 2', 'PRACT 3', 'PRACT 4', 'PRACT 5', 'PRACT 6', 'PRACT 7', 'PRACT 8', 'PRACT 9', 'PRACT 10', NULL, 2, '0084FF', 'c9f6ccc4f145cd8a869423d2fa1263ffalisado3-827x1024.jpg', NULL, NULL, NULL, NULL, NULL, NULL, NULL, NULL, NULL, '1abusQGSHDtsdYZiu_1V48uPq_kE5mLeS', '9 PRCTICAS DE ALISADO\r\n', '1WkBu_Du9t7bYwvIF9GiQcPDqXpCSyZig', NULL, NULL, NULL),
(16, 'ONDULACION', 2, 3, '2024', 'PRACT 1', 'PRACT 2', 'PRACT 3', 'PRACT 4', 'PRACT 5', 'PRACT 6', 'PRACT 7', 'PRACT 8', 'PRACT 9', 'PRACT 10', NULL, 2, '0084FF', '1101c3b2283e58676811ac7420a9982cdepositphotos_52210307-stock-photo-girl-with-blonde-hair.jpg', NULL, NULL, NULL, NULL, NULL, NULL, NULL, NULL, NULL, '1m1tuZKzWIfKCrXZkh28_mcGFEsLeL3gM', '25 PRCTICAS DE ONDULACION\r\n2 PRCTICAS X CLASE O APOYO 1 EN CASA', '1qkGBm6LZf9VHmphb73Hiy_FAI2wKjbSX', NULL, '1ZQJ__sXnbQ5Ia96-bBfrQwKl0yTSFXjK', NULL),
(17, 'CORTE DE CABELLO - CABALLERO', 2, 2, '2024', 'A', '2', 'PRACT 3', 'PRACT 4', 'PRACT 5', 'PRACT 6', 'PRACT 7', 'PRACT 8', 'PRACT 9', 'PRACT 10', NULL, 2, '0084FF', 'b9db28b8dc87e407979440643dc3702383005444b53631ae31d76068722697cc.jpg', NULL, NULL, NULL, NULL, NULL, NULL, NULL, NULL, '1CimBXDGG13T4Dpjva2qH0uYaKXcsC5a9', '1YXiZdxIcwMpwzK5qYWQWVDbTWqnVy5Hl', '30 PRCTICAS DE CORTE DE CABELLO\r\n2 PRCTICAS X CLASE O APOYO 1 EN CASA', '1r2rXtlOeyGYRbP4DmVhfGY-UzfLLoRMR', NULL, '1SUj1U4hfrCM0WIVpJRkwJC3IQaKLFFT_', NULL),
(18, 'PEINADO', 2, 2, '2024', 'Lab 1.', 'Lab 2.', 'Lab 3.', 'Lab 4.', 'Lab 5.', 'Lab 6.', 'Lab 7.', 'Lab 8.', 'Lab 9.', 'Lab 10.', NULL, 3, '0084FF', '956323e49bc0293019f252b23db8cc093565e1c0f7ad828f49bdcb462dbd18f4.jpg', NULL, NULL, NULL, NULL, NULL, NULL, NULL, NULL, NULL, NULL, '24 PRCTICAS DE PEINADO SOCIAL Y ARTISTICO 2 PRCTICAS X CLASE', '1aoL6pmWoq1AJjlIBQOG7UEmHh6iHv3Li', NULL, NULL, NULL),
(19, 'TINTE Y COLORIMETRIA', 2, 2, '2024', 'Lab 1.', 'Lab 2.', 'Lab 3.', 'Lab 4.', 'Lab 5.', 'Lab 6.', 'Lab 7.', 'Lab 8.', 'Lab 9.', 'Lab 10.', NULL, 3, '0084FF', '7fa3c871ea969732f6ab977a4311fadf1__HE7ID5UU4yoEhVkDB9oUQ.jpg', NULL, NULL, NULL, NULL, NULL, NULL, NULL, NULL, NULL, NULL, '57 PRCTICAS DE TINTE DE CABELLO \r\n2 PRCTICAS X CLASE', '1qQ7rDe9bc5j8NtZebz1FdWoa_2i18SE5', NULL, NULL, NULL),
(20, 'ALISADO', 2, 2, '2024', 'Lab 1.', 'Lab 2.', 'Lab 3.', 'Lab 4.', 'Lab 5.', 'Lab 6.', 'Lab 7.', 'Lab 8.', 'Lab 9.', 'Lab 10.', NULL, 3, '0084FF', '02aca8c39299b1e6fb937a79aac8d3d8alisado3-827x1024.jpg', NULL, NULL, NULL, NULL, NULL, NULL, NULL, NULL, NULL, NULL, '9 PRCTICAS DE ALISADO', '1jCmPwPlwNzrQQ9S2dNKVGLAZfWRJh2W0', NULL, NULL, NULL),
(21, 'ONDULACION', 2, 2, '2024', 'Lab 1.', 'Lab 2.', 'Lab 3.', 'Lab 4.', 'Lab 5.', 'Lab 6.', 'Lab 7.', 'Lab 8.', 'Lab 9.', 'Lab 10.', NULL, 3, '0084FF', 'e1a813144df8d13c6896a6ebfb9058a2depositphotos_52210307-stock-photo-girl-with-blonde-hair.jpg', NULL, NULL, NULL, NULL, NULL, NULL, NULL, NULL, NULL, NULL, '25 PRCTICAS DE ONDULACION\r\n2 PRCTICAS X CLASE O APOYO 1 EN CASA', '1SXYanXkLnCsG9I6eCcVdpN9fDj23Rm8x', NULL, NULL, NULL),
(22, 'CORTE DE CABELLO - CABALLERO', 2, 2, '2024', 'Lab 1.', 'Lab 2.', 'Lab 3.', 'Lab 4.', 'Lab 5.', 'Lab 6.', 'Lab 7.', 'Lab 8.', 'Lab 9.', 'Lab 10.', NULL, 3, '0084FF', 'b3dd823d44ee1e2686ac3780d3dbde8d83005444b53631ae31d76068722697cc.jpg', NULL, NULL, NULL, NULL, NULL, NULL, NULL, NULL, NULL, NULL, '30 PRCTICAS DE CORTE DE CABELLO\r\n2 PRCTICAS X CLASE O APOYO 1 EN CASA', '1fDYPFSp5z-cDwjnLuv9kWWhcRooi_FT3', NULL, NULL, NULL),
(23, 'CORTE DE CABELLO - DAMAS ', 2, 2, '2024', 'Lab 1.', 'Lab 2.', 'Lab 3.', 'Lab 4.', 'Lab 5.', 'Lab 6.', 'Lab 7.', 'Lab 8.', 'Lab 9.', 'Lab 10.', NULL, 3, '0084FF', 'f443c8418f1b5d9999297fb1322e4c34gettyimages-675902016-1640085445.jpg', NULL, NULL, NULL, NULL, NULL, NULL, NULL, NULL, NULL, NULL, '40 PRCTICAS DE CORTE DE CABELLO \r\n2 PRCTICAS EN CLASE  (APOYO EN CASA 1 )', '17hzDnnUchcakqx7j503bTNk0xb8OlrkX', NULL, NULL, NULL),
(24, 'CORTE DE CABELLO - DAMAS ', 2, 2, '2024', 'Lab 1.', 'Lab 2.', 'Lab 3.', 'Lab 4.', 'Lab 5.', 'Lab 6.', 'Lab 7.', 'Lab 8.', 'Lab 9.', 'Lab 10.', NULL, 9, '0084FF', '4da0636b7365779a0972269500afeb3agettyimages-675902016-1640085445.jpg', NULL, NULL, NULL, NULL, NULL, NULL, NULL, NULL, NULL, NULL, '40 PRCTICAS DE CORTE DE CABELLO \r\n2 PRCTICAS EN CLASE  (APOYO EN CASA 1 )', NULL, NULL, NULL, NULL),
(25, 'CORTE DE CABELLO - CABALLERO', 2, 2, '2024', 'Lab 1.', 'Lab 2.', 'Lab 3.', 'Lab 4.', 'Lab 5.', 'Lab 6.', 'Lab 7.', 'Lab 8.', 'Lab 9.', 'Lab 10.', NULL, 9, '0084FF', '9a9322a7019aba592ce41162df6ad42e83005444b53631ae31d76068722697cc.jpg', NULL, NULL, NULL, NULL, NULL, NULL, NULL, NULL, NULL, NULL, '30 PRCTICAS DE CORTE DE CABELLO\r\n2 PRCTICAS X CLASE O APOYO 1 EN CASA', NULL, NULL, NULL, NULL),
(26, 'PEINADO', 2, 2, '2024', 'Lab 1.', 'Lab 2.', 'Lab 3.', 'Lab 4.', 'Lab 5.', 'Lab 6.', 'Lab 7.', 'Lab 8.', 'Lab 9.', 'Lab 10.', NULL, 9, '0084FF', '338286ca59da3ad4baeb8d4d6df28b553565e1c0f7ad828f49bdcb462dbd18f4.jpg', NULL, NULL, NULL, NULL, NULL, NULL, NULL, NULL, NULL, NULL, '24 PRCTICAS DE PEINADO SOCIAL Y ARTISTICO\r\n2 PRCTICAS X CLASE', NULL, NULL, NULL, NULL),
(27, 'TINTE Y COLORIMETRIA', 2, 2, '2024', 'Lab 1.', 'Lab 2.', 'Lab 3.', 'Lab 4.', 'Lab 5.', 'Lab 6.', 'Lab 7.', 'Lab 8.', 'Lab 9.', 'Lab 10.', NULL, 9, '0084FF', 'b9fedaa44fbfc129a983a4887602a37dSILABODEONDULACION.pdf', NULL, NULL, NULL, NULL, NULL, NULL, NULL, NULL, NULL, NULL, '57 PRCTICAS DE TINTE DE CABELLO \r\n2 PRCTICAS X CLASE', NULL, NULL, NULL, NULL),
(28, 'ALISADO', 2, 2, '2024', 'Lab 1.', 'Lab 2.', 'Lab 3.', 'Lab 4.', 'Lab 5.', 'Lab 6.', 'Lab 7.', 'Lab 8.', 'Lab 9.', 'Lab 10.', NULL, 9, '0084FF', '8b104db93444761d1035729a2037bf2falisado3-827x1024.jpg', NULL, NULL, NULL, NULL, NULL, NULL, NULL, NULL, NULL, NULL, '9 PRCTICAS DE ALISADO', NULL, NULL, NULL, NULL),
(29, 'ONDULACION', 2, 2, '2024', 'Lab 1.', 'Lab 2.', 'Lab 3.', 'Lab 4.', 'Lab 5.', 'Lab 6.', 'Lab 7.', 'Lab 8.', 'Lab 9.', 'Lab 10.', NULL, 9, '0084FF', '1ff4b90d6fb15f633a3b34882412e86cdepositphotos_52210307-stock-photo-girl-with-blonde-hair.jpg', NULL, NULL, NULL, NULL, NULL, NULL, NULL, NULL, NULL, NULL, '25 PRCTICAS DE ONDULACION\r\n2 PRCTICAS X CLASE O APOYO 1 EN CASA', NULL, NULL, NULL, NULL),
(30, 'SISTEMA DE UAS', 3, 8, '2024', 'Lab 1.', 'Lab 2.', 'Lab 3.', 'Lab 4.', 'Lab 5.', 'Lab 6.', 'Lab 7.', 'Lab 8.', 'Lab 9.', 'Lab 10.', NULL, 5, '0084FF', '980c07d449bb29366873a3d0a7082575cepillo_ancho.jpg', NULL, NULL, NULL, NULL, NULL, NULL, NULL, NULL, NULL, NULL, 'PRUEBA', '1snfag12RWA5m62YTPSKRGMZiRKGOQ1HV', NULL, NULL, NULL),
(31, 'lashista miercoles', 4, 6, '2024', 'Lab 1.', 'Lab 2.', 'Lab 3.', 'Lab 4.', 'Lab 5.', 'Lab 6.', 'Lab 7.', 'Lab 8.', 'Lab 9.', 'Lab 10.', NULL, 8, '0084FF', '8b841f0aec5701587588ad281ad45d75alisado3-827x1024.jpg', NULL, NULL, NULL, NULL, NULL, NULL, NULL, NULL, NULL, NULL, 'lashista', '15MDs-lWTvH46BuhovTHbegcVi_BPU03J', NULL, NULL, NULL),
(32, 'MARTES ', 4, 6, '2024', 'Lab 1.', 'Lab 2.', 'Lab 3.', 'Lab 4.', 'Lab 5.', 'Lab 6.', 'Lab 7.', 'Lab 8.', 'Lab 9.', 'Lab 10.', NULL, 14, '0084FF', 'bf7992977aec19fb488efd8281cade4dalisado3-827x1024.jpg', NULL, NULL, NULL, NULL, NULL, NULL, NULL, NULL, NULL, NULL, 'PARCT8', '1HonyzX_tmJEYqVOHudNIT551nYy9hcbt', NULL, NULL, NULL),
(33, 'LASHISTA PROFESIONAL ', 4, 6, '2024', 'Lab 1.', 'Lab 2.', 'Lab 3.', 'Lab 4.', 'Lab 5.', 'Lab 6.', 'Lab 7.', 'Lab 8.', 'Lab 9.', 'Lab 10.', NULL, 8, '0084FF', '627cf878a9e082bfe8aa19964a362d01Lumii_20240201_181138681.jpg', NULL, NULL, NULL, NULL, NULL, NULL, NULL, NULL, NULL, NULL, 'PRUEBA 32', '13vXc0qDJNSC0otrK_oPQib2ta9w018tt', NULL, NULL, NULL),
(34, 'TRATAMIENTO CAPILAR', 2, 4, '2024', 'Lab 1.', 'Lab 2.', 'Lab 3.', 'Lab 4.', 'Lab 5.', 'Lab 6.', 'Lab 7.', 'Lab 8.', 'Lab 9.', 'Lab 10.', NULL, 9, '0084FF', '45b5cb4ec8b3cc9188098e09fae75110depositphotos_92164030-stock-photo-clients-hair-is-being-renovated.jpg', NULL, NULL, NULL, NULL, NULL, NULL, NULL, NULL, NULL, NULL, '24 PRCTICAS DE TRATAMIENTO CAPILAR QUIMICO Y NATURAL', NULL, NULL, NULL, NULL),
(35, 'CEPILLADO Y PLANCHADO', 2, 4, '2024', 'Lab 1.', 'Lab 2.', 'Lab 3.', 'Lab 4.', 'Lab 5.', 'Lab 6.', 'Lab 7.', 'Lab 8.', 'Lab 9.', 'Lab 10.', NULL, 9, '0084FF', 'a450de15a1b314492839d324f6a14ca5unnamed(1).jpg', NULL, NULL, NULL, NULL, NULL, NULL, NULL, NULL, NULL, NULL, '30 PRCTICAS DE CEPILLADO Y PLANCHADO ( HASTA 2 PRCTICAS X CLASE)', NULL, NULL, NULL, NULL),
(36, 'TRATAMIENTO CAPILAR', 2, 3, '2024', 'Lab 1.', 'Lab 2.', 'Lab 3.', 'Lab 4.', 'Lab 5.', 'Lab 6.', 'Lab 7.', 'Lab 8.', 'Lab 9.', 'Lab 10.', NULL, 2, '0084FF', 'b01a42e4aeab16b54cbb63e4ae7b107bdepositphotos_92164030-stock-photo-clients-hair-is-being-renovated.jpg', NULL, NULL, NULL, NULL, NULL, NULL, NULL, NULL, NULL, NULL, '24 PRCTICAS DE TRATAMIENTO CAPILAR QUIMICO Y NATURAL', NULL, NULL, NULL, NULL),
(37, 'TRATAMIENTO FACIAL', 6, 4, '2024', 'Lab 1.', 'Lab 2.', 'Lab 3.', 'Lab 4.', 'Lab 5.', 'Lab 6.', 'Lab 7.', 'Lab 8.', 'Lab 9.', 'Lab 10.', NULL, 15, '0084FF', 'a7e1ba8044c9ec05ab1ccc7e908bbe77tipos-de-tratamientos-faciales.jpg', NULL, NULL, NULL, NULL, NULL, NULL, NULL, NULL, NULL, NULL, '47 PRACTICAS', NULL, NULL, NULL, NULL),
(38, 'DEPILACIN ', 6, 4, '2024', 'Lab 1.', 'Lab 2.', 'Lab 3.', 'Lab 4.', 'Lab 5.', 'Lab 6.', 'Lab 7.', 'Lab 8.', 'Lab 9.', 'Lab 10.', NULL, 15, '0084FF', 'c3f1a293c7e4b8f964465cb22c6509afdepilacion-con-cera(1).jpg', NULL, NULL, NULL, NULL, NULL, NULL, NULL, NULL, NULL, NULL, '50 PRACTICAS, 2 POR CLASE', NULL, NULL, NULL, NULL),
(39, 'MAQUILLAJE PROFESIONAL', 6, 7, '2024', 'Lab 1.', 'Lab 2.', 'Lab 3.', 'Lab 4.', 'Lab 5.', 'Lab 6.', 'Lab 7.', 'Lab 8.', 'Lab 9.', 'Lab 10.', NULL, 15, '0084FF', '851fa4a48c659a5346dd2093b5c51262retrato-sensual-glamour-hermosa-mujer-modelo-dama-maquillaje-diario-fresco-color-rosa-labios-cara-piel-limpia-saludable_158538-9327.avif', NULL, NULL, NULL, NULL, NULL, NULL, NULL, NULL, NULL, NULL, '71 PRACTICAS, 2 PRACTICAS EN CLASE, 1 DE TAREA', NULL, NULL, NULL, NULL),
(40, 'MANICURE SPA', 6, 4, '2024', 'Lab 1.', 'Lab 2.', 'Lab 3.', 'Lab 4.', 'Lab 5.', 'Lab 6.', 'Lab 7.', 'Lab 8.', 'Lab 9.', 'Lab 10.', NULL, 15, '0084FF', '2034829f0cd7ac23ad2c018f5a2686cdb3f397c0dfc5f82bc653246ff843dff0.jpg', NULL, NULL, NULL, NULL, NULL, NULL, NULL, NULL, NULL, NULL, '66 PRACTICAS, 2 EN CLASE O 1 EN CASA DE TAREA', NULL, NULL, NULL, NULL),
(41, 'PODOLOGA', 7, 9, '2024', 'Lab 1.', 'Lab 2.', 'Lab 3.', 'Lab 4.', 'Lab 5.', 'Lab 6.', 'Lab 7.', 'Lab 8.', 'Lab 9.', 'Lab 10.', NULL, 16, '0084FF', '28409fea5fda818839fa45cb12731d84foto-podologa-744x465.jpg', NULL, NULL, NULL, NULL, NULL, NULL, NULL, NULL, NULL, NULL, '1 PRACTICA POR CLASE ', NULL, NULL, NULL, NULL),
(42, 'ESTTICA FACIAL', 5, 5, '2024', 'Lab 1.', 'Lab 2.', 'Lab 3.', 'Lab 4.', 'Lab 5.', 'Lab 6.', 'Lab 7.', 'Lab 8.', 'Lab 9.', 'Lab 10.', NULL, 13, '0084FF', 'b78b15cfa253e6be35a506e0168285b881-94297ae326840a23c716631668723360-640-0.png', NULL, NULL, NULL, NULL, NULL, NULL, NULL, NULL, NULL, NULL, '36 PRACTICAS, 2 POR CLASE', NULL, NULL, NULL, NULL),
(43, 'APARATOLOGA FACIAL', 5, 5, '2024', 'Lab 1.', 'Lab 2.', 'Lab 3.', 'Lab 4.', 'Lab 5.', 'Lab 6.', 'Lab 7.', 'Lab 8.', 'Lab 9.', 'Lab 10.', NULL, 13, '0084FF', 'ab50f29c14e14081d8e5f007b0015e7alimpieza-facial-profesional-con-aparatologia-de-vanguardia.jpg', NULL, NULL, NULL, NULL, NULL, NULL, NULL, NULL, NULL, NULL, '19 PRACTICAS, 2 POR CLASE', NULL, NULL, NULL, NULL),
(44, 'PEELING QUMICO', 5, 5, '2024', 'Lab 1.', 'Lab 2.', 'Lab 3.', 'Lab 4.', 'Lab 5.', 'Lab 6.', 'Lab 7.', 'Lab 8.', 'Lab 9.', 'Lab 10.', NULL, 13, '0084FF', '6ed51f33fc9bb14d5ba44b00d9d04b45peeling.jpg', NULL, NULL, NULL, NULL, NULL, NULL, NULL, NULL, NULL, NULL, '15 PRACTICAS, 2 POR CLASE', NULL, NULL, NULL, NULL),
(45, 'MASAJES CORPORALES', 5, 5, '2024', 'Lab 1.', 'Lab 2.', 'Lab 3.', 'Lab 4.', 'Lab 5.', 'Lab 6.', 'Lab 7.', 'Lab 8.', 'Lab 9.', 'Lab 10.', NULL, 13, '0084FF', '5b966b38589cafd79883e81be126fec4Diseno-sin-titulo-10-300x300.png', NULL, NULL, NULL, NULL, NULL, NULL, NULL, NULL, NULL, NULL, '26 PRACTICAS, 2 POR CLASE', NULL, NULL, NULL, NULL),
(46, 'ESTTICA CORPORAL', 5, 5, '2024', 'Lab 1.', 'Lab 2.', 'Lab 3.', 'Lab 4.', 'Lab 5.', 'Lab 6.', 'Lab 7.', 'Lab 8.', 'Lab 9.', 'Lab 10.', NULL, 13, '0084FF', '289b8eb283e513686e4c39f275dca887bioestetica-salud-vida-estica-adelgazamiento-moldeado-corporal-3a.jpg', NULL, NULL, NULL, NULL, NULL, NULL, NULL, NULL, NULL, NULL, '34 PRACTICAS, 2 POR CLASE', NULL, NULL, NULL, NULL),
(47, 'DEPILACIN CORPORAL', 5, 5, '2024', 'Lab 1.', 'Lab 2.', 'Lab 3.', 'Lab 4.', 'Lab 5.', 'Lab 6.', 'Lab 7.', 'Lab 8.', 'Lab 9.', 'Lab 10.', NULL, 13, '0084FF', '077d544b6a5c41d44532d0e6e6e69bbb9-670x450.jpg', NULL, NULL, NULL, NULL, NULL, NULL, NULL, NULL, NULL, NULL, '20 PRACTICAS, 2 POR CLASE', NULL, NULL, NULL, NULL),
(48, 'ESTTICA FACIAL', 5, 10, '2024', 'Lab 1.', 'Lab 2.', 'Lab 3.', 'Lab 4.', 'Lab 5.', 'Lab 6.', 'Lab 7.', 'Lab 8.', 'Lab 9.', 'Lab 10.', NULL, 17, '0084FF', '2cab642ab39a05ce1be8d856b94d4c6eLuxury-Facial08_05_2020_11_46_24.jpg', NULL, NULL, NULL, NULL, NULL, NULL, NULL, NULL, NULL, NULL, '36 PRACTICAS, 2 POR CLASE', NULL, NULL, NULL, NULL),
(49, 'APARATOLOGA FACIAL', 5, 10, '2024', 'Lab 1.', 'Lab 2.', 'Lab 3.', 'Lab 4.', 'Lab 5.', 'Lab 6.', 'Lab 7.', 'Lab 8.', 'Lab 9.', 'Lab 10.', NULL, 17, '0084FF', '93c9cf1ae19bd153f2aa9fc1c1fd3db3images(18).jpeg', NULL, NULL, NULL, NULL, NULL, NULL, NULL, NULL, NULL, NULL, '19 PRACTICAS, 2 POR CLASE', NULL, NULL, NULL, NULL),
(50, 'PEELING QUMICO', 5, 10, '2024', 'Lab 1.', 'Lab 2.', 'Lab 3.', 'Lab 4.', 'Lab 5.', 'Lab 6.', 'Lab 7.', 'Lab 8.', 'Lab 9.', 'Lab 10.', NULL, 17, '0084FF', 'd9f09ddeb6dd21047c23159257ea710bpeeling.jpg', NULL, NULL, NULL, NULL, NULL, NULL, NULL, NULL, NULL, NULL, '15 PRACTICAS. 2 POR CLASE', NULL, NULL, NULL, NULL),
(51, 'MASAJES CORPORAL', 5, 10, '2024', 'Lab 1.', 'Lab 2.', 'Lab 3.', 'Lab 4.', 'Lab 5.', 'Lab 6.', 'Lab 7.', 'Lab 8.', 'Lab 9.', 'Lab 10.', NULL, 17, '0084FF', '75b45c29947ffe82bd046d246b3c5492Diseno-sin-titulo-10-300x300.png', NULL, NULL, NULL, NULL, NULL, NULL, NULL, NULL, NULL, NULL, '26 PRACTICAS, 2 POR CLASE', NULL, NULL, NULL, NULL),
(52, 'ESTTICA CORPORAL', 5, 10, '2024', 'Lab 1.', 'Lab 2.', 'Lab 3.', 'Lab 4.', 'Lab 5.', 'Lab 6.', 'Lab 7.', 'Lab 8.', 'Lab 9.', 'Lab 10.', NULL, 17, '0084FF', 'ddde817cbaca0a83e7af97a035396181bioestetica-salud-vida-estica-adelgazamiento-moldeado-corporal-3a.jpg', NULL, NULL, NULL, NULL, NULL, NULL, NULL, NULL, NULL, NULL, '34 PRACTICAS, 2 POR CLASE', NULL, NULL, NULL, NULL),
(53, 'DEPILACIN CORPORAL', 5, 10, '2024', 'Lab 1.', 'Lab 2.', 'Lab 3.', 'Lab 4.', 'Lab 5.', 'Lab 6.', 'Lab 7.', 'Lab 8.', 'Lab 9.', 'Lab 10.', NULL, 17, '0084FF', 'dfe144391c5a4520c087ccff56ba4ca79-670x450.jpg', NULL, NULL, NULL, NULL, NULL, NULL, NULL, NULL, NULL, NULL, '20 PRACTICAS, 2 POR CLASE', NULL, NULL, NULL, NULL);

-- --------------------------------------------------------

--
-- Struktur dari tabel `teacher`
--

CREATE TABLE `teacher` (
  `teacher_id` int(11) NOT NULL,
  `first_name` longtext DEFAULT NULL,
  `last_name` varchar(200) NOT NULL,
  `sex` longtext DEFAULT NULL,
  `address` longtext DEFAULT NULL,
  `birthday` longtext DEFAULT NULL,
  `phone` longtext DEFAULT NULL,
  `email` longtext DEFAULT NULL,
  `password` longtext DEFAULT NULL,
  `idcard` longtext DEFAULT NULL,
  `username` longtext DEFAULT NULL,
  `token` varchar(600) DEFAULT NULL,
  `user_code` longtext DEFAULT NULL,
  `fb_token` varchar(500) DEFAULT NULL,
  `fb_id` varchar(500) DEFAULT NULL,
  `fb_photo` varchar(500) DEFAULT NULL,
  `fb_name` varchar(500) DEFAULT NULL,
  `g_oauth` varchar(500) DEFAULT NULL,
  `g_fname` varchar(500) DEFAULT NULL,
  `femail` varchar(500) DEFAULT NULL,
  `g_lname` varchar(500) DEFAULT NULL,
  `g_picture` varchar(500) DEFAULT NULL,
  `link` varchar(500) DEFAULT NULL,
  `g_email` varchar(500) DEFAULT NULL,
  `image` longtext DEFAULT NULL,
  `since` varchar(20) DEFAULT NULL,
  `signature` longtext DEFAULT NULL
) ENGINE=InnoDB DEFAULT CHARSET=utf8mb3 COLLATE=utf8mb3_unicode_ci;

--
-- Dumping data untuk tabel `teacher`
--

INSERT INTO `teacher` (`teacher_id`, `first_name`, `last_name`, `sex`, `address`, `birthday`, `phone`, `email`, `password`, `idcard`, `username`, `token`, `user_code`, `fb_token`, `fb_id`, `fb_photo`, `fb_name`, `g_oauth`, `g_fname`, `femail`, `g_lname`, `g_picture`, `link`, `g_email`, `image`, `since`, `signature`) VALUES
(2, 'MARILU', 'CAPCHA ZEVALLOS', 'F', '', '01/03/2024', '', 'mariluzevallos@gmail.com', '7c4a8d09ca3762af61e59520943dc26494f8941b', '', '123456', NULL, NULL, NULL, NULL, NULL, NULL, NULL, NULL, NULL, NULL, NULL, NULL, NULL, NULL, '03/20', NULL),
(3, 'JEINER ', 'ROJAS', 'M', '', '', '', 'jeinerrojas@gmail.com', '20eabe5d64b0e216796e834f52d61fd0b70332fc', '', '1234567', NULL, NULL, NULL, NULL, NULL, NULL, NULL, NULL, NULL, NULL, NULL, NULL, NULL, NULL, '03/20', NULL),
(4, 'LOURDES', 'VILLANO', 'F', '', '', '', 'lourdesvillano@gmail.com', '7c222fb2927d828af22f592134e8932480637c0d', '', '12345678', NULL, NULL, NULL, NULL, NULL, NULL, NULL, NULL, NULL, NULL, NULL, NULL, NULL, NULL, '03/20', NULL),
(5, 'BERTHA', 'GUTIERREZ', 'F', '', '', '', 'berthagutierrez@gmail.com', 'f7c3bc1d808e04732adf679965ccc34ca7ae3441', '', '123456789', NULL, NULL, NULL, NULL, NULL, NULL, NULL, NULL, NULL, NULL, NULL, NULL, NULL, NULL, '03/21', NULL),
(6, 'MILAGROS', 'ROJAS', 'F', '', '', '', 'milagrosgutierrez@gmail.com', '64ea0dc7dadd49a337f1ef14815bd3f428141c7d', '', '1234567891', NULL, NULL, NULL, NULL, NULL, NULL, NULL, NULL, NULL, NULL, NULL, NULL, NULL, NULL, '03/21', NULL),
(7, 'ANA', 'ALCANTARA', 'F', '', '', '', 'anaalcantara@gmail.com', '3649902d6cde41169d7713d34262648eea74d53e', '', '1234567891234', NULL, NULL, NULL, NULL, NULL, NULL, NULL, NULL, NULL, NULL, NULL, NULL, NULL, NULL, '03/21', NULL),
(8, 'ARACELY', 'LLACZA', 'F', '', '', '', 'aracelyllacza@nazareth.com', 'dd8d56514d3b23a9ebc1e1d363b3dfd1d81cbff3', '', '123456789101', NULL, NULL, NULL, NULL, NULL, NULL, NULL, NULL, NULL, NULL, NULL, NULL, NULL, NULL, '03/25', NULL),
(9, 'RUTH ', 'GONZALES ', 'F', '', '', '', 'ruthgonzales@gmail.com', 'da39a3ee5e6b4b0d3255bfef95601890afd80709', '', '', NULL, NULL, NULL, NULL, NULL, NULL, NULL, NULL, NULL, NULL, NULL, NULL, NULL, NULL, '24/06/2024', NULL),
(10, 'ERIKA', 'RUPAY', 'F', '', '', '', 'erikarupay@gmail.com', 'da39a3ee5e6b4b0d3255bfef95601890afd80709', '', '', NULL, NULL, NULL, NULL, NULL, NULL, NULL, NULL, NULL, NULL, NULL, NULL, NULL, NULL, '25/06/2024', NULL);

-- --------------------------------------------------------

--
-- Struktur dari tabel `teacher_attendance`
--

CREATE TABLE `teacher_attendance` (
  `attendance_id` int(11) NOT NULL,
  `timestamp` longtext CHARACTER SET utf8mb3 COLLATE utf8mb3_unicode_ci NOT NULL,
  `year` longtext CHARACTER SET utf8mb3 COLLATE utf8mb3_unicode_ci NOT NULL,
  `teacher_id` int(11) DEFAULT NULL,
  `status` varchar(10) CHARACTER SET utf8mb3 COLLATE utf8mb3_unicode_ci DEFAULT NULL
) ENGINE=MyISAM DEFAULT CHARSET=latin1 COLLATE=latin1_swedish_ci;

--
-- Dumping data untuk tabel `teacher_attendance`
--

INSERT INTO `teacher_attendance` (`attendance_id`, `timestamp`, `year`, `teacher_id`, `status`) VALUES
(2, '1711173600', '2024', 2, NULL),
(3, '1711173600', '2024', 3, NULL),
(4, '1711173600', '2024', 4, NULL),
(5, '1711173600', '2024', 5, NULL),
(6, '1711173600', '2024', 6, NULL),
(7, '1711173600', '2024', 7, NULL);

-- --------------------------------------------------------

--
-- Struktur dari tabel `team_conference`
--

CREATE TABLE `team_conference` (
  `team_conference_id` int(11) NOT NULL,
  `title` varchar(250) DEFAULT NULL,
  `description` longtext DEFAULT NULL,
  `publish_date` varchar(50) DEFAULT NULL,
  `start_time` varchar(20) DEFAULT NULL,
  `end_time` varchar(20) DEFAULT NULL,
  `start_date` varchar(50) DEFAULT NULL,
  `upload_date` varchar(250) DEFAULT NULL,
  `room` longtext DEFAULT NULL,
  `members` longtext DEFAULT NULL,
  `admin_members` longtext DEFAULT NULL,
  `user_id` int(11) DEFAULT NULL,
  `user_type` varchar(20) DEFAULT 'admin',
  `year` varchar(20) DEFAULT NULL,
  `zoom_meeting_password` varchar(300) DEFAULT NULL,
  `zoom_meeting_id` varchar(300) DEFAULT NULL
) ENGINE=MyISAM DEFAULT CHARSET=latin1 COLLATE=latin1_swedish_ci;

--
-- Dumping data untuk tabel `team_conference`
--

INSERT INTO `team_conference` (`team_conference_id`, `title`, `description`, `publish_date`, `start_time`, `end_time`, `start_date`, `upload_date`, `room`, `members`, `admin_members`, `user_id`, `user_type`, `year`, `zoom_meeting_password`, `zoom_meeting_id`) VALUES
(4, 'Demo', 'sdsdad', '2024-03-25 12:00:12', '18:27', '19:35', '03/25/2024', '25 Mar. 12:01PM', '8c61e7f4252c88ddd5875ff936df6f20be01901bdb', '2,3,4,5,6,7,', '1', 1, 'admin', '2024', 'meetpw33', 'mettid3233');

-- --------------------------------------------------------

--
-- Struktur dari tabel `ticket`
--

CREATE TABLE `ticket` (
  `ticket_id` int(11) NOT NULL,
  `title` longtext NOT NULL,
  `ticket_code` longtext NOT NULL,
  `status` longtext NOT NULL COMMENT 'opened closed',
  `priority` longtext NOT NULL COMMENT 'baja media alta',
  `description` longtext NOT NULL,
  `student_id` int(11) NOT NULL,
  `assigned_staff_id` int(11) NOT NULL,
  `teacher_id` int(11) NOT NULL,
  `timestamp` longtext NOT NULL
) ENGINE=MyISAM DEFAULT CHARSET=utf8mb3 COLLATE=utf8mb3_unicode_ci;

-- --------------------------------------------------------

--
-- Struktur dari tabel `ticket_message`
--

CREATE TABLE `ticket_message` (
  `ticket_message_id` int(11) NOT NULL,
  `ticket_code` longtext NOT NULL,
  `message` longtext NOT NULL,
  `file` longtext NOT NULL,
  `sender_type` longtext NOT NULL,
  `sender_id` int(11) NOT NULL,
  `timestamp` longtext NOT NULL
) ENGINE=MyISAM DEFAULT CHARSET=utf8mb3 COLLATE=utf8mb3_unicode_ci;

-- --------------------------------------------------------

--
-- Struktur dari tabel `transport`
--

CREATE TABLE `transport` (
  `transport_id` int(11) NOT NULL,
  `route_name` longtext NOT NULL,
  `number_of_vehicle` longtext NOT NULL,
  `route_fare` longtext NOT NULL,
  `driver_name` longtext NOT NULL,
  `driver_phone` longtext NOT NULL,
  `route` longtext NOT NULL
) ENGINE=MyISAM DEFAULT CHARSET=utf8mb3 COLLATE=utf8mb3_unicode_ci;

--
-- Dumping data untuk tabel `transport`
--

INSERT INTO `transport` (`transport_id`, `route_name`, `number_of_vehicle`, `route_fare`, `driver_name`, `driver_phone`, `route`) VALUES
(1, 'CASILLERO', 'CASILLERO 1', '15', 'NAZARETH', '913504475', '1'),
(2, 'CASILLERO 20', '123456', '15', 'HUGO ', '98184014', '20');

-- --------------------------------------------------------

--
-- Struktur dari tabel `zoom`
--

CREATE TABLE `zoom` (
  `zoom_id` int(11) NOT NULL,
  `title` varchar(800) DEFAULT NULL,
  `meeting_id` varchar(500) DEFAULT NULL,
  `meeting_password` varchar(700) DEFAULT NULL,
  `class_id` int(11) DEFAULT NULL,
  `section_id` int(11) DEFAULT NULL,
  `subject_id` int(11) DEFAULT NULL,
  `user_type` varchar(50) DEFAULT NULL,
  `user_id` int(11) DEFAULT NULL,
  `year` varchar(50) DEFAULT NULL,
  `wall_type` varchar(50) DEFAULT NULL,
  `publish_date` varchar(250) DEFAULT NULL,
  `upload_date` varchar(250) DEFAULT NULL,
  `date` varchar(250) DEFAULT NULL,
  `description` longtext DEFAULT NULL,
  `start_time` varchar(250) DEFAULT NULL,
  `end_time` varchar(250) DEFAULT NULL,
  `exp` varchar(20) DEFAULT NULL
) ENGINE=MyISAM DEFAULT CHARSET=latin1 COLLATE=latin1_swedish_ci;

--
-- Dumping data untuk tabel `zoom`
--

INSERT INTO `zoom` (`zoom_id`, `title`, `meeting_id`, `meeting_password`, `class_id`, `section_id`, `subject_id`, `user_type`, `user_id`, `year`, `wall_type`, `publish_date`, `upload_date`, `date`, `description`, `start_time`, `end_time`, `exp`) VALUES
(2, 'ejemplo', '867 6723 0103', 'm1agAg', 2, 2, 9, 'admin', 1, '2024', 'live', '2024-04-01 10:37:10', '01 Apr. 10:37AM', '04/01/2024', '', '14:00', '00:00', ''),
(3, 'Reunin Demo', '88600995533', 'jnLRxcNauOMnNa6VmA5hYadhhBPkji.1', 2, 2, 17, 'admin', 1, '2024', 'live', '2024-04-02 16:43:56', '02 Apr. 16:43PM', '04/02/2024', 'Descripcin de ejemplo', '00:00', '17:30', '10'),
(4, 'reunion prueba', '89141573796', 'ZYfx71JcWgKc2RQ7KzmlF3umVPvgNQ.1', 2, 2, 2, 'admin', 1, '2024', 'live', '2024-04-29 12:26:44', '29 Apr. 12:26PM', '04/29/2024', 'prueba', '00:00', '23:00', '20');

--
-- Indexes for dumped tables
--

--
-- Indeks untuk tabel `academic_settings`
--
ALTER TABLE `academic_settings`
  ADD PRIMARY KEY (`settings_id`),
  ADD UNIQUE KEY `settings_id` (`settings_id`),
  ADD KEY `settings_id_2` (`settings_id`);

--
-- Indeks untuk tabel `accountant`
--
ALTER TABLE `accountant`
  ADD PRIMARY KEY (`accountant_id`);

--
-- Indeks untuk tabel `account_role`
--
ALTER TABLE `account_role`
  ADD PRIMARY KEY (`role_id`);

--
-- Indeks untuk tabel `activity_read`
--
ALTER TABLE `activity_read`
  ADD PRIMARY KEY (`actividy_read_id`);

--
-- Indeks untuk tabel `admin`
--
ALTER TABLE `admin`
  ADD PRIMARY KEY (`admin_id`),
  ADD KEY `admin_id` (`admin_id`);

--
-- Indeks untuk tabel `attendance`
--
ALTER TABLE `attendance`
  ADD PRIMARY KEY (`attendance_id`),
  ADD KEY `attendance_id` (`attendance_id`);

--
-- Indeks untuk tabel `attendance_live`
--
ALTER TABLE `attendance_live`
  ADD PRIMARY KEY (`id`);

--
-- Indeks untuk tabel `boards`
--
ALTER TABLE `boards`
  ADD PRIMARY KEY (`board_id`);

--
-- Indeks untuk tabel `book`
--
ALTER TABLE `book`
  ADD PRIMARY KEY (`book_id`);

--
-- Indeks untuk tabel `book_request`
--
ALTER TABLE `book_request`
  ADD PRIMARY KEY (`book_request_id`);

--
-- Indeks untuk tabel `ci_sessions`
--
ALTER TABLE `ci_sessions`
  ADD PRIMARY KEY (`id`),
  ADD KEY `ci_sessions_timestamp` (`timestamp`);

--
-- Indeks untuk tabel `class`
--
ALTER TABLE `class`
  ADD PRIMARY KEY (`class_id`);

--
-- Indeks untuk tabel `class_routine`
--
ALTER TABLE `class_routine`
  ADD PRIMARY KEY (`class_routine_id`);

--
-- Indeks untuk tabel `deliveries`
--
ALTER TABLE `deliveries`
  ADD PRIMARY KEY (`id`);

--
-- Indeks untuk tabel `document`
--
ALTER TABLE `document`
  ADD PRIMARY KEY (`document_id`);

--
-- Indeks untuk tabel `dormitory`
--
ALTER TABLE `dormitory`
  ADD PRIMARY KEY (`dormitory_id`);

--
-- Indeks untuk tabel `email_template`
--
ALTER TABLE `email_template`
  ADD PRIMARY KEY (`email_template_id`);

--
-- Indeks untuk tabel `enroll`
--
ALTER TABLE `enroll`
  ADD PRIMARY KEY (`enroll_id`);

--
-- Indeks untuk tabel `events`
--
ALTER TABLE `events`
  ADD PRIMARY KEY (`id`);

--
-- Indeks untuk tabel `exam`
--
ALTER TABLE `exam`
  ADD PRIMARY KEY (`exam_id`);

--
-- Indeks untuk tabel `expense_category`
--
ALTER TABLE `expense_category`
  ADD PRIMARY KEY (`expense_category_id`);

--
-- Indeks untuk tabel `file`
--
ALTER TABLE `file`
  ADD PRIMARY KEY (`file_id`);

--
-- Indeks untuk tabel `folder`
--
ALTER TABLE `folder`
  ADD PRIMARY KEY (`folder_id`);

--
-- Indeks untuk tabel `forum`
--
ALTER TABLE `forum`
  ADD PRIMARY KEY (`post_id`);

--
-- Indeks untuk tabel `forum_message`
--
ALTER TABLE `forum_message`
  ADD PRIMARY KEY (`message_id`);

--
-- Indeks untuk tabel `frontend`
--
ALTER TABLE `frontend`
  ADD PRIMARY KEY (`frontend_id`);

--
-- Indeks untuk tabel `gallery`
--
ALTER TABLE `gallery`
  ADD PRIMARY KEY (`gallery_id`);

--
-- Indeks untuk tabel `gamification`
--
ALTER TABLE `gamification`
  ADD PRIMARY KEY (`id`);

--
-- Indeks untuk tabel `grade`
--
ALTER TABLE `grade`
  ADD PRIMARY KEY (`grade_id`);

--
-- Indeks untuk tabel `group_message`
--
ALTER TABLE `group_message`
  ADD PRIMARY KEY (`group_message_id`);

--
-- Indeks untuk tabel `group_message_thread`
--
ALTER TABLE `group_message_thread`
  ADD PRIMARY KEY (`group_message_thread_id`);

--
-- Indeks untuk tabel `homework`
--
ALTER TABLE `homework`
  ADD PRIMARY KEY (`homework_id`);

--
-- Indeks untuk tabel `homework_files`
--
ALTER TABLE `homework_files`
  ADD PRIMARY KEY (`fhomework_file_id`);

--
-- Indeks untuk tabel `horarios_examenes`
--
ALTER TABLE `horarios_examenes`
  ADD PRIMARY KEY (`horario_id`);

--
-- Indeks untuk tabel `invoice`
--
ALTER TABLE `invoice`
  ADD PRIMARY KEY (`invoice_id`);

--
-- Indeks untuk tabel `language`
--
ALTER TABLE `language`
  ADD PRIMARY KEY (`phrase_id`);

--
-- Indeks untuk tabel `lesson_online`
--
ALTER TABLE `lesson_online`
  ADD PRIMARY KEY (`lesson_online_id`);

--
-- Indeks untuk tabel `librarian`
--
ALTER TABLE `librarian`
  ADD PRIMARY KEY (`librarian_id`);

--
-- Indeks untuk tabel `live`
--
ALTER TABLE `live`
  ADD PRIMARY KEY (`live_id`);

--
-- Indeks untuk tabel `live_status`
--
ALTER TABLE `live_status`
  ADD PRIMARY KEY (`id`);

--
-- Indeks untuk tabel `mark`
--
ALTER TABLE `mark`
  ADD PRIMARY KEY (`mark_id`);

--
-- Indeks untuk tabel `mark_activity`
--
ALTER TABLE `mark_activity`
  ADD PRIMARY KEY (`mark_activity_id`);

--
-- Indeks untuk tabel `mensaje_reporte`
--
ALTER TABLE `mensaje_reporte`
  ADD PRIMARY KEY (`news_message_id`);

--
-- Indeks untuk tabel `message`
--
ALTER TABLE `message`
  ADD PRIMARY KEY (`message_id`);

--
-- Indeks untuk tabel `message_thread`
--
ALTER TABLE `message_thread`
  ADD PRIMARY KEY (`message_thread_id`);

--
-- Indeks untuk tabel `news`
--
ALTER TABLE `news`
  ADD PRIMARY KEY (`news_id`);

--
-- Indeks untuk tabel `nota_capacidad`
--
ALTER TABLE `nota_capacidad`
  ADD PRIMARY KEY (`nota_capacidad_id`);

--
-- Indeks untuk tabel `notice_message`
--
ALTER TABLE `notice_message`
  ADD PRIMARY KEY (`notice_message_id`);

--
-- Indeks untuk tabel `notification`
--
ALTER TABLE `notification`
  ADD PRIMARY KEY (`id`);

--
-- Indeks untuk tabel `online_course`
--
ALTER TABLE `online_course`
  ADD PRIMARY KEY (`online_course_id`);

--
-- Indeks untuk tabel `online_exam`
--
ALTER TABLE `online_exam`
  ADD PRIMARY KEY (`online_exam_id`);

--
-- Indeks untuk tabel `online_exam_result`
--
ALTER TABLE `online_exam_result`
  ADD PRIMARY KEY (`online_exam_result_id`);

--
-- Indeks untuk tabel `online_quiz_result`
--
ALTER TABLE `online_quiz_result`
  ADD PRIMARY KEY (`online_quiz_result_id`);

--
-- Indeks untuk tabel `online_users`
--
ALTER TABLE `online_users`
  ADD PRIMARY KEY (`id`);

--
-- Indeks untuk tabel `parent`
--
ALTER TABLE `parent`
  ADD PRIMARY KEY (`parent_id`);

--
-- Indeks untuk tabel `payment`
--
ALTER TABLE `payment`
  ADD PRIMARY KEY (`payment_id`);

--
-- Indeks untuk tabel `payment_gateways`
--
ALTER TABLE `payment_gateways`
  ADD PRIMARY KEY (`id`);

--
-- Indeks untuk tabel `pending_users`
--
ALTER TABLE `pending_users`
  ADD PRIMARY KEY (`user_id`);

--
-- Indeks untuk tabel `polls`
--
ALTER TABLE `polls`
  ADD PRIMARY KEY (`id`);

--
-- Indeks untuk tabel `poll_response`
--
ALTER TABLE `poll_response`
  ADD PRIMARY KEY (`id`);

--
-- Indeks untuk tabel `progress_course`
--
ALTER TABLE `progress_course`
  ADD PRIMARY KEY (`progress_course_id`);

--
-- Indeks untuk tabel `question_bank`
--
ALTER TABLE `question_bank`
  ADD PRIMARY KEY (`question_bank_id`);

--
-- Indeks untuk tabel `question_paper`
--
ALTER TABLE `question_paper`
  ADD PRIMARY KEY (`question_paper_id`);

--
-- Indeks untuk tabel `quiz`
--
ALTER TABLE `quiz`
  ADD PRIMARY KEY (`quiz_id`);

--
-- Indeks untuk tabel `quiz_bank`
--
ALTER TABLE `quiz_bank`
  ADD PRIMARY KEY (`quiz_bank_id`);

--
-- Indeks untuk tabel `readed`
--
ALTER TABLE `readed`
  ADD PRIMARY KEY (`readed_id`);

--
-- Indeks untuk tabel `reporte_alumnos`
--
ALTER TABLE `reporte_alumnos`
  ADD PRIMARY KEY (`report_id`);

--
-- Indeks untuk tabel `reporte_mensaje`
--
ALTER TABLE `reporte_mensaje`
  ADD PRIMARY KEY (`report_message_id`);

--
-- Indeks untuk tabel `reports`
--
ALTER TABLE `reports`
  ADD PRIMARY KEY (`id`);

--
-- Indeks untuk tabel `report_response`
--
ALTER TABLE `report_response`
  ADD PRIMARY KEY (`message_id`);

--
-- Indeks untuk tabel `request`
--
ALTER TABLE `request`
  ADD PRIMARY KEY (`request_id`);

--
-- Indeks untuk tabel `section`
--
ALTER TABLE `section`
  ADD PRIMARY KEY (`section_id`);

--
-- Indeks untuk tabel `section_online`
--
ALTER TABLE `section_online`
  ADD PRIMARY KEY (`section_online_id`);

--
-- Indeks untuk tabel `settings`
--
ALTER TABLE `settings`
  ADD PRIMARY KEY (`settings_id`);

--
-- Indeks untuk tabel `student`
--
ALTER TABLE `student`
  ADD PRIMARY KEY (`student_id`);

--
-- Indeks untuk tabel `students_request`
--
ALTER TABLE `students_request`
  ADD PRIMARY KEY (`request_id`);

--
-- Indeks untuk tabel `student_gamification`
--
ALTER TABLE `student_gamification`
  ADD PRIMARY KEY (`id`);

--
-- Indeks untuk tabel `subject`
--
ALTER TABLE `subject`
  ADD PRIMARY KEY (`subject_id`);

--
-- Indeks untuk tabel `teacher`
--
ALTER TABLE `teacher`
  ADD PRIMARY KEY (`teacher_id`);

--
-- Indeks untuk tabel `teacher_attendance`
--
ALTER TABLE `teacher_attendance`
  ADD PRIMARY KEY (`attendance_id`);

--
-- Indeks untuk tabel `team_conference`
--
ALTER TABLE `team_conference`
  ADD PRIMARY KEY (`team_conference_id`);

--
-- Indeks untuk tabel `ticket`
--
ALTER TABLE `ticket`
  ADD PRIMARY KEY (`ticket_id`);

--
-- Indeks untuk tabel `ticket_message`
--
ALTER TABLE `ticket_message`
  ADD PRIMARY KEY (`ticket_message_id`);

--
-- Indeks untuk tabel `transport`
--
ALTER TABLE `transport`
  ADD PRIMARY KEY (`transport_id`);

--
-- Indeks untuk tabel `zoom`
--
ALTER TABLE `zoom`
  ADD PRIMARY KEY (`zoom_id`);

--
-- AUTO_INCREMENT untuk tabel yang dibuang
--

--
-- AUTO_INCREMENT untuk tabel `academic_settings`
--
ALTER TABLE `academic_settings`
  MODIFY `settings_id` int(100) NOT NULL AUTO_INCREMENT, AUTO_INCREMENT=35;

--
-- AUTO_INCREMENT untuk tabel `accountant`
--
ALTER TABLE `accountant`
  MODIFY `accountant_id` int(11) NOT NULL AUTO_INCREMENT;

--
-- AUTO_INCREMENT untuk tabel `account_role`
--
ALTER TABLE `account_role`
  MODIFY `role_id` int(11) NOT NULL AUTO_INCREMENT, AUTO_INCREMENT=25;

--
-- AUTO_INCREMENT untuk tabel `activity_read`
--
ALTER TABLE `activity_read`
  MODIFY `actividy_read_id` int(11) NOT NULL AUTO_INCREMENT;

--
-- AUTO_INCREMENT untuk tabel `admin`
--
ALTER TABLE `admin`
  MODIFY `admin_id` int(11) NOT NULL AUTO_INCREMENT, AUTO_INCREMENT=3;

--
-- AUTO_INCREMENT untuk tabel `attendance`
--
ALTER TABLE `attendance`
  MODIFY `attendance_id` int(11) NOT NULL AUTO_INCREMENT, AUTO_INCREMENT=197;

--
-- AUTO_INCREMENT untuk tabel `attendance_live`
--
ALTER TABLE `attendance_live`
  MODIFY `id` int(11) NOT NULL AUTO_INCREMENT, AUTO_INCREMENT=3;

--
-- AUTO_INCREMENT untuk tabel `boards`
--
ALTER TABLE `boards`
  MODIFY `board_id` int(11) NOT NULL AUTO_INCREMENT, AUTO_INCREMENT=24;

--
-- AUTO_INCREMENT untuk tabel `book`
--
ALTER TABLE `book`
  MODIFY `book_id` int(11) NOT NULL AUTO_INCREMENT, AUTO_INCREMENT=3;

--
-- AUTO_INCREMENT untuk tabel `book_request`
--
ALTER TABLE `book_request`
  MODIFY `book_request_id` int(11) NOT NULL AUTO_INCREMENT, AUTO_INCREMENT=5;

--
-- AUTO_INCREMENT untuk tabel `class`
--
ALTER TABLE `class`
  MODIFY `class_id` int(11) NOT NULL AUTO_INCREMENT, AUTO_INCREMENT=8;

--
-- AUTO_INCREMENT untuk tabel `class_routine`
--
ALTER TABLE `class_routine`
  MODIFY `class_routine_id` int(11) NOT NULL AUTO_INCREMENT, AUTO_INCREMENT=298;

--
-- AUTO_INCREMENT untuk tabel `deliveries`
--
ALTER TABLE `deliveries`
  MODIFY `id` int(11) NOT NULL AUTO_INCREMENT, AUTO_INCREMENT=12;

--
-- AUTO_INCREMENT untuk tabel `document`
--
ALTER TABLE `document`
  MODIFY `document_id` int(11) NOT NULL AUTO_INCREMENT, AUTO_INCREMENT=16;

--
-- AUTO_INCREMENT untuk tabel `dormitory`
--
ALTER TABLE `dormitory`
  MODIFY `dormitory_id` int(11) NOT NULL AUTO_INCREMENT, AUTO_INCREMENT=7;

--
-- AUTO_INCREMENT untuk tabel `email_template`
--
ALTER TABLE `email_template`
  MODIFY `email_template_id` int(11) NOT NULL AUTO_INCREMENT, AUTO_INCREMENT=6;

--
-- AUTO_INCREMENT untuk tabel `enroll`
--
ALTER TABLE `enroll`
  MODIFY `enroll_id` int(11) NOT NULL AUTO_INCREMENT, AUTO_INCREMENT=36;

--
-- AUTO_INCREMENT untuk tabel `events`
--
ALTER TABLE `events`
  MODIFY `id` int(11) NOT NULL AUTO_INCREMENT, AUTO_INCREMENT=2;

--
-- AUTO_INCREMENT untuk tabel `exam`
--
ALTER TABLE `exam`
  MODIFY `exam_id` int(11) NOT NULL AUTO_INCREMENT, AUTO_INCREMENT=23;

--
-- AUTO_INCREMENT untuk tabel `expense_category`
--
ALTER TABLE `expense_category`
  MODIFY `expense_category_id` int(11) NOT NULL AUTO_INCREMENT;

--
-- AUTO_INCREMENT untuk tabel `file`
--
ALTER TABLE `file`
  MODIFY `file_id` int(11) NOT NULL AUTO_INCREMENT;

--
-- AUTO_INCREMENT untuk tabel `folder`
--
ALTER TABLE `folder`
  MODIFY `folder_id` int(11) NOT NULL AUTO_INCREMENT;

--
-- AUTO_INCREMENT untuk tabel `forum`
--
ALTER TABLE `forum`
  MODIFY `post_id` int(11) NOT NULL AUTO_INCREMENT, AUTO_INCREMENT=2;

--
-- AUTO_INCREMENT untuk tabel `forum_message`
--
ALTER TABLE `forum_message`
  MODIFY `message_id` int(11) NOT NULL AUTO_INCREMENT;

--
-- AUTO_INCREMENT untuk tabel `frontend`
--
ALTER TABLE `frontend`
  MODIFY `frontend_id` int(11) NOT NULL AUTO_INCREMENT, AUTO_INCREMENT=54;

--
-- AUTO_INCREMENT untuk tabel `gallery`
--
ALTER TABLE `gallery`
  MODIFY `gallery_id` int(11) NOT NULL AUTO_INCREMENT;

--
-- AUTO_INCREMENT untuk tabel `gamification`
--
ALTER TABLE `gamification`
  MODIFY `id` int(11) NOT NULL AUTO_INCREMENT, AUTO_INCREMENT=41;

--
-- AUTO_INCREMENT untuk tabel `grade`
--
ALTER TABLE `grade`
  MODIFY `grade_id` int(11) NOT NULL AUTO_INCREMENT, AUTO_INCREMENT=24;

--
-- AUTO_INCREMENT untuk tabel `group_message`
--
ALTER TABLE `group_message`
  MODIFY `group_message_id` int(11) NOT NULL AUTO_INCREMENT;

--
-- AUTO_INCREMENT untuk tabel `group_message_thread`
--
ALTER TABLE `group_message_thread`
  MODIFY `group_message_thread_id` int(11) NOT NULL AUTO_INCREMENT;

--
-- AUTO_INCREMENT untuk tabel `homework`
--
ALTER TABLE `homework`
  MODIFY `homework_id` int(11) NOT NULL AUTO_INCREMENT, AUTO_INCREMENT=18;

--
-- AUTO_INCREMENT untuk tabel `homework_files`
--
ALTER TABLE `homework_files`
  MODIFY `fhomework_file_id` int(11) NOT NULL AUTO_INCREMENT, AUTO_INCREMENT=18;

--
-- AUTO_INCREMENT untuk tabel `horarios_examenes`
--
ALTER TABLE `horarios_examenes`
  MODIFY `horario_id` int(11) NOT NULL AUTO_INCREMENT;

--
-- AUTO_INCREMENT untuk tabel `invoice`
--
ALTER TABLE `invoice`
  MODIFY `invoice_id` int(11) NOT NULL AUTO_INCREMENT, AUTO_INCREMENT=2;

--
-- AUTO_INCREMENT untuk tabel `language`
--
ALTER TABLE `language`
  MODIFY `phrase_id` int(11) NOT NULL AUTO_INCREMENT, AUTO_INCREMENT=3952;

--
-- AUTO_INCREMENT untuk tabel `lesson_online`
--
ALTER TABLE `lesson_online`
  MODIFY `lesson_online_id` int(11) NOT NULL AUTO_INCREMENT, AUTO_INCREMENT=2;

--
-- AUTO_INCREMENT untuk tabel `librarian`
--
ALTER TABLE `librarian`
  MODIFY `librarian_id` int(11) NOT NULL AUTO_INCREMENT;

--
-- AUTO_INCREMENT untuk tabel `live`
--
ALTER TABLE `live`
  MODIFY `live_id` int(11) NOT NULL AUTO_INCREMENT, AUTO_INCREMENT=4;

--
-- AUTO_INCREMENT untuk tabel `live_status`
--
ALTER TABLE `live_status`
  MODIFY `id` int(11) NOT NULL AUTO_INCREMENT, AUTO_INCREMENT=3;

--
-- AUTO_INCREMENT untuk tabel `mark`
--
ALTER TABLE `mark`
  MODIFY `mark_id` int(11) NOT NULL AUTO_INCREMENT, AUTO_INCREMENT=113;

--
-- AUTO_INCREMENT untuk tabel `mark_activity`
--
ALTER TABLE `mark_activity`
  MODIFY `mark_activity_id` int(11) NOT NULL AUTO_INCREMENT, AUTO_INCREMENT=13;

--
-- AUTO_INCREMENT untuk tabel `mensaje_reporte`
--
ALTER TABLE `mensaje_reporte`
  MODIFY `news_message_id` int(11) NOT NULL AUTO_INCREMENT;

--
-- AUTO_INCREMENT untuk tabel `message`
--
ALTER TABLE `message`
  MODIFY `message_id` int(11) NOT NULL AUTO_INCREMENT, AUTO_INCREMENT=3;

--
-- AUTO_INCREMENT untuk tabel `message_thread`
--
ALTER TABLE `message_thread`
  MODIFY `message_thread_id` int(11) NOT NULL AUTO_INCREMENT, AUTO_INCREMENT=3;

--
-- AUTO_INCREMENT untuk tabel `news`
--
ALTER TABLE `news`
  MODIFY `news_id` int(11) NOT NULL AUTO_INCREMENT, AUTO_INCREMENT=11;

--
-- AUTO_INCREMENT untuk tabel `nota_capacidad`
--
ALTER TABLE `nota_capacidad`
  MODIFY `nota_capacidad_id` bigint(20) NOT NULL AUTO_INCREMENT, AUTO_INCREMENT=193;

--
-- AUTO_INCREMENT untuk tabel `notice_message`
--
ALTER TABLE `notice_message`
  MODIFY `notice_message_id` int(11) NOT NULL AUTO_INCREMENT;

--
-- AUTO_INCREMENT untuk tabel `notification`
--
ALTER TABLE `notification`
  MODIFY `id` int(11) NOT NULL AUTO_INCREMENT, AUTO_INCREMENT=690;

--
-- AUTO_INCREMENT untuk tabel `online_course`
--
ALTER TABLE `online_course`
  MODIFY `online_course_id` int(11) NOT NULL AUTO_INCREMENT;

--
-- AUTO_INCREMENT untuk tabel `online_exam`
--
ALTER TABLE `online_exam`
  MODIFY `online_exam_id` int(11) UNSIGNED NOT NULL AUTO_INCREMENT, AUTO_INCREMENT=8;

--
-- AUTO_INCREMENT untuk tabel `online_exam_result`
--
ALTER TABLE `online_exam_result`
  MODIFY `online_exam_result_id` int(11) UNSIGNED NOT NULL AUTO_INCREMENT, AUTO_INCREMENT=6;

--
-- AUTO_INCREMENT untuk tabel `online_quiz_result`
--
ALTER TABLE `online_quiz_result`
  MODIFY `online_quiz_result_id` int(11) NOT NULL AUTO_INCREMENT;

--
-- AUTO_INCREMENT untuk tabel `online_users`
--
ALTER TABLE `online_users`
  MODIFY `id` int(11) NOT NULL AUTO_INCREMENT, AUTO_INCREMENT=223;

--
-- AUTO_INCREMENT untuk tabel `parent`
--
ALTER TABLE `parent`
  MODIFY `parent_id` int(11) NOT NULL AUTO_INCREMENT;

--
-- AUTO_INCREMENT untuk tabel `payment`
--
ALTER TABLE `payment`
  MODIFY `payment_id` int(11) NOT NULL AUTO_INCREMENT, AUTO_INCREMENT=2;

--
-- AUTO_INCREMENT untuk tabel `payment_gateways`
--
ALTER TABLE `payment_gateways`
  MODIFY `id` int(11) NOT NULL AUTO_INCREMENT, AUTO_INCREMENT=6;

--
-- AUTO_INCREMENT untuk tabel `pending_users`
--
ALTER TABLE `pending_users`
  MODIFY `user_id` int(11) NOT NULL AUTO_INCREMENT, AUTO_INCREMENT=7;

--
-- AUTO_INCREMENT untuk tabel `polls`
--
ALTER TABLE `polls`
  MODIFY `id` int(11) NOT NULL AUTO_INCREMENT, AUTO_INCREMENT=2;

--
-- AUTO_INCREMENT untuk tabel `poll_response`
--
ALTER TABLE `poll_response`
  MODIFY `id` int(11) NOT NULL AUTO_INCREMENT, AUTO_INCREMENT=2;

--
-- AUTO_INCREMENT untuk tabel `progress_course`
--
ALTER TABLE `progress_course`
  MODIFY `progress_course_id` int(11) NOT NULL AUTO_INCREMENT;

--
-- AUTO_INCREMENT untuk tabel `question_bank`
--
ALTER TABLE `question_bank`
  MODIFY `question_bank_id` int(11) UNSIGNED NOT NULL AUTO_INCREMENT, AUTO_INCREMENT=21;

--
-- AUTO_INCREMENT untuk tabel `question_paper`
--
ALTER TABLE `question_paper`
  MODIFY `question_paper_id` int(11) NOT NULL AUTO_INCREMENT;

--
-- AUTO_INCREMENT untuk tabel `quiz`
--
ALTER TABLE `quiz`
  MODIFY `quiz_id` int(11) NOT NULL AUTO_INCREMENT;

--
-- AUTO_INCREMENT untuk tabel `quiz_bank`
--
ALTER TABLE `quiz_bank`
  MODIFY `quiz_bank_id` int(11) NOT NULL AUTO_INCREMENT;

--
-- AUTO_INCREMENT untuk tabel `readed`
--
ALTER TABLE `readed`
  MODIFY `readed_id` int(11) NOT NULL AUTO_INCREMENT, AUTO_INCREMENT=19;

--
-- AUTO_INCREMENT untuk tabel `reporte_alumnos`
--
ALTER TABLE `reporte_alumnos`
  MODIFY `report_id` int(11) NOT NULL AUTO_INCREMENT;

--
-- AUTO_INCREMENT untuk tabel `reporte_mensaje`
--
ALTER TABLE `reporte_mensaje`
  MODIFY `report_message_id` int(11) NOT NULL AUTO_INCREMENT;

--
-- AUTO_INCREMENT untuk tabel `reports`
--
ALTER TABLE `reports`
  MODIFY `id` int(11) NOT NULL AUTO_INCREMENT, AUTO_INCREMENT=3;

--
-- AUTO_INCREMENT untuk tabel `report_response`
--
ALTER TABLE `report_response`
  MODIFY `message_id` int(11) NOT NULL AUTO_INCREMENT;

--
-- AUTO_INCREMENT untuk tabel `request`
--
ALTER TABLE `request`
  MODIFY `request_id` int(11) NOT NULL AUTO_INCREMENT;

--
-- AUTO_INCREMENT untuk tabel `section`
--
ALTER TABLE `section`
  MODIFY `section_id` int(11) NOT NULL AUTO_INCREMENT, AUTO_INCREMENT=18;

--
-- AUTO_INCREMENT untuk tabel `section_online`
--
ALTER TABLE `section_online`
  MODIFY `section_online_id` int(11) NOT NULL AUTO_INCREMENT;

--
-- AUTO_INCREMENT untuk tabel `settings`
--
ALTER TABLE `settings`
  MODIFY `settings_id` int(11) NOT NULL AUTO_INCREMENT, AUTO_INCREMENT=87;

--
-- AUTO_INCREMENT untuk tabel `student`
--
ALTER TABLE `student`
  MODIFY `student_id` int(11) NOT NULL AUTO_INCREMENT, AUTO_INCREMENT=36;

--
-- AUTO_INCREMENT untuk tabel `students_request`
--
ALTER TABLE `students_request`
  MODIFY `request_id` int(11) NOT NULL AUTO_INCREMENT, AUTO_INCREMENT=2;

--
-- AUTO_INCREMENT untuk tabel `student_gamification`
--
ALTER TABLE `student_gamification`
  MODIFY `id` int(11) NOT NULL AUTO_INCREMENT, AUTO_INCREMENT=13;

--
-- AUTO_INCREMENT untuk tabel `subject`
--
ALTER TABLE `subject`
  MODIFY `subject_id` int(11) NOT NULL AUTO_INCREMENT, AUTO_INCREMENT=54;

--
-- AUTO_INCREMENT untuk tabel `teacher`
--
ALTER TABLE `teacher`
  MODIFY `teacher_id` int(11) NOT NULL AUTO_INCREMENT, AUTO_INCREMENT=11;

--
-- AUTO_INCREMENT untuk tabel `teacher_attendance`
--
ALTER TABLE `teacher_attendance`
  MODIFY `attendance_id` int(11) NOT NULL AUTO_INCREMENT, AUTO_INCREMENT=8;

--
-- AUTO_INCREMENT untuk tabel `team_conference`
--
ALTER TABLE `team_conference`
  MODIFY `team_conference_id` int(11) NOT NULL AUTO_INCREMENT, AUTO_INCREMENT=5;

--
-- AUTO_INCREMENT untuk tabel `ticket`
--
ALTER TABLE `ticket`
  MODIFY `ticket_id` int(11) NOT NULL AUTO_INCREMENT;

--
-- AUTO_INCREMENT untuk tabel `ticket_message`
--
ALTER TABLE `ticket_message`
  MODIFY `ticket_message_id` int(11) NOT NULL AUTO_INCREMENT;

--
-- AUTO_INCREMENT untuk tabel `transport`
--
ALTER TABLE `transport`
  MODIFY `transport_id` int(11) NOT NULL AUTO_INCREMENT, AUTO_INCREMENT=3;

--
-- AUTO_INCREMENT untuk tabel `zoom`
--
ALTER TABLE `zoom`
  MODIFY `zoom_id` int(11) NOT NULL AUTO_INCREMENT, AUTO_INCREMENT=5;
COMMIT;

/*!40101 SET CHARACTER_SET_CLIENT=@OLD_CHARACTER_SET_CLIENT */;
/*!40101 SET CHARACTER_SET_RESULTS=@OLD_CHARACTER_SET_RESULTS */;
/*!40101 SET COLLATION_CONNECTION=@OLD_COLLATION_CONNECTION */;
